id,name,asset_mode,filter,basket_size,exit_protocol,composite_score,full_ret,full_alpha,full_xirr,one_yr_ret,one_yr_alpha,one_yr_xirr,bear_ret,bear_alpha,bear_xirr,bull_ret,full_pr,full_dd
SIP_0194,SIP_0194: PURE_STOCKS | SECTOR_LEAD_AL | 6Stk | DYNAMIC_ATR,PURE_STOCKS,SECTOR_LEAD_ALPHA,6,DYNAMIC_ATR,23.34,44.07,26.33,29.4,24.07,26.52,57.2,-16.97,3.28,14.5,17.59,2.61,14.6
SIP_0199,SIP_0199: PURE_STOCKS | SECTOR_LEAD_AL | 8Stk | DYNAMIC_ATR,PURE_STOCKS,SECTOR_LEAD_ALPHA,8,DYNAMIC_ATR,22.03,43.86,26.11,29.3,17.86,20.31,41.6,-17.51,2.74,14.5,18.97,2.45,13.7
SIP_0069,SIP_0069: PURE_STOCKS | MOM_HURDLE_20 | 6Stk | DYNAMIC_ATR,PURE_STOCKS,MOM_HURDLE_20,6,DYNAMIC_ATR,20.87,30.45,12.7,21.0,25.97,28.42,62.1,-17.0,3.25,14.5,17.59,2.55,13.3
SIP_0189,SIP_0189: PURE_STOCKS | SECTOR_LEAD_AL | 5Stk | DYNAMIC_ATR,PURE_STOCKS,SECTOR_LEAD_ALPHA,5,DYNAMIC_ATR,20.3,41.65,23.91,28.0,14.83,17.28,34.2,-17.93,2.32,14.5,16.38,2.62,16.0
SIP_0394,SIP_0394: TACTICAL_MA | SECTOR_LEAD_AL | 6Stk | DYNAMIC_ATR,TACTICAL_MACRO_90_10,SECTOR_LEAD_ALPHA,6,DYNAMIC_ATR,19.95,32.83,15.08,22.5,20.34,22.79,47.8,-16.97,3.28,14.5,17.38,2.61,14.4
SIP_0994,SIP_0994: MULTI_ASSET | SECTOR_LEAD_AL | 6Stk | DYNAMIC_ATR,MULTI_ASSET_BALANCED,SECTOR_LEAD_ALPHA,6,DYNAMIC_ATR,18.83,29.41,11.66,20.4,18.88,21.33,44.1,-16.97,3.28,14.5,17.31,2.61,14.3
SIP_0794,SIP_0794: MOMENTUM_RO | SECTOR_LEAD_AL | 6Stk | DYNAMIC_ATR,MOMENTUM_ROTATE_DYNAMIC,SECTOR_LEAD_ALPHA,6,DYNAMIC_ATR,18.83,29.41,11.66,20.4,18.88,21.33,44.1,-16.97,3.28,14.5,17.31,2.61,14.3
SIP_0594,SIP_0594: TACTICAL_MA | SECTOR_LEAD_AL | 6Stk | DYNAMIC_ATR,TACTICAL_MACRO_80_20,SECTOR_LEAD_ALPHA,6,DYNAMIC_ATR,18.83,29.41,11.66,20.4,18.88,21.33,44.1,-16.97,3.28,14.5,17.31,2.61,14.3
SIP_0064,SIP_0064: PURE_STOCKS | MOM_HURDLE_20 | 5Stk | DYNAMIC_ATR,PURE_STOCKS,MOM_HURDLE_20,5,DYNAMIC_ATR,18.78,32.98,15.23,22.6,16.33,18.77,37.8,-17.59,2.66,14.5,16.38,2.47,14.0
SIP_0399,SIP_0399: TACTICAL_MA | SECTOR_LEAD_AL | 8Stk | DYNAMIC_ATR,TACTICAL_MACRO_90_10,SECTOR_LEAD_ALPHA,8,DYNAMIC_ATR,18.75,32.59,14.85,22.4,14.6,17.05,33.6,-17.51,2.74,14.5,18.76,2.45,13.5
SIP_0078,SIP_0078: PURE_STOCKS | MOM_HURDLE_30 | 3Stk | ADAPTIVE_STR,PURE_STOCKS,MOM_HURDLE_30,3,ADAPTIVE_STRUCTURAL,18.71,36.1,18.36,24.6,12.54,14.99,28.7,-17.66,2.59,14.5,17.28,1.99,8.3
SIP_0269,SIP_0269: TACTICAL_MA | MOM_HURDLE_20 | 6Stk | DYNAMIC_ATR,TACTICAL_MACRO_90_10,MOM_HURDLE_20,6,DYNAMIC_ATR,18.33,23.95,6.2,16.8,21.85,24.3,51.6,-17.0,3.25,14.5,17.38,2.55,13.1
SIP_0191,SIP_0191: PURE_STOCKS | SECTOR_LEAD_AL | 6Stk | VAN_THARP_3T,PURE_STOCKS,SECTOR_LEAD_ALPHA,6,VAN_THARP_3TIER,18.26,26.69,8.94,18.6,18.93,21.38,44.2,-17.37,2.88,14.5,17.53,0.36,6.9
SIP_0079,SIP_0079: PURE_STOCKS | MOM_HURDLE_30 | 3Stk | DYNAMIC_ATR,PURE_STOCKS,MOM_HURDLE_30,3,DYNAMIC_ATR,17.93,29.26,11.52,20.2,15.51,17.96,35.8,-17.77,2.49,14.5,17.34,2.92,14.9
SIP_0197,SIP_0197: PURE_STOCKS | SECTOR_LEAD_AL | 8Stk | SMART_STEPLA,PURE_STOCKS,SECTOR_LEAD_ALPHA,8,SMART_STEPLADDER,17.92,30.01,12.26,20.7,15.7,18.15,36.3,-18.79,1.46,14.5,16.2,2.57,13.1
SIP_0176,SIP_0176: PURE_STOCKS | SECTOR_LEAD_AL | 3Stk | VAN_THARP_3T,PURE_STOCKS,SECTOR_LEAD_ALPHA,3,VAN_THARP_3TIER,17.87,30.43,12.68,21.0,13.55,16.0,31.1,-17.5,2.75,14.5,18.09,0.3,14.9
SIP_0178,SIP_0178: PURE_STOCKS | SECTOR_LEAD_AL | 3Stk | ADAPTIVE_STR,PURE_STOCKS,SECTOR_LEAD_ALPHA,3,ADAPTIVE_STRUCTURAL,17.83,34.7,16.95,23.7,11.2,13.65,25.5,-19.67,0.58,14.5,16.1,2.15,16.1
SIP_0999,SIP_0999: MULTI_ASSET | SECTOR_LEAD_AL | 8Stk | DYNAMIC_ATR,MULTI_ASSET_BALANCED,SECTOR_LEAD_ALPHA,8,DYNAMIC_ATR,17.67,29.19,11.44,20.2,13.55,16.0,31.1,-17.51,2.74,14.5,18.49,2.45,13.2
SIP_0799,SIP_0799: MOMENTUM_RO | SECTOR_LEAD_AL | 8Stk | DYNAMIC_ATR,MOMENTUM_ROTATE_DYNAMIC,SECTOR_LEAD_ALPHA,8,DYNAMIC_ATR,17.67,29.19,11.44,20.2,13.55,16.0,31.1,-17.51,2.74,14.5,18.49,2.45,13.2
SIP_0599,SIP_0599: TACTICAL_MA | SECTOR_LEAD_AL | 8Stk | DYNAMIC_ATR,TACTICAL_MACRO_80_20,SECTOR_LEAD_ALPHA,8,DYNAMIC_ATR,17.67,29.19,11.44,20.2,13.55,16.0,31.1,-17.51,2.74,14.5,18.49,2.45,13.2
SIP_0186,SIP_0186: PURE_STOCKS | SECTOR_LEAD_AL | 5Stk | VAN_THARP_3T,PURE_STOCKS,SECTOR_LEAD_ALPHA,5,VAN_THARP_3TIER,17.54,26.48,8.73,18.4,14.76,17.21,34.0,-18.39,1.86,14.5,19.47,0.29,10.2
SIP_0869,SIP_0869: MULTI_ASSET | MOM_HURDLE_20 | 6Stk | DYNAMIC_ATR,MULTI_ASSET_BALANCED,MOM_HURDLE_20,6,DYNAMIC_ATR,17.47,21.49,3.75,15.2,20.69,23.14,48.6,-17.0,3.25,14.5,17.31,2.55,13.0
SIP_0469,SIP_0469: TACTICAL_MA | MOM_HURDLE_20 | 6Stk | DYNAMIC_ATR,TACTICAL_MACRO_80_20,MOM_HURDLE_20,6,DYNAMIC_ATR,17.47,21.49,3.75,15.2,20.69,23.14,48.6,-17.0,3.25,14.5,17.31,2.55,13.0
SIP_0669,SIP_0669: MOMENTUM_RO | MOM_HURDLE_20 | 6Stk | DYNAMIC_ATR,MOMENTUM_ROTATE_DYNAMIC,MOM_HURDLE_20,6,DYNAMIC_ATR,17.47,21.49,3.75,15.2,20.69,23.14,48.6,-17.0,3.25,14.5,17.31,2.55,13.0
SIP_0192,SIP_0192: PURE_STOCKS | SECTOR_LEAD_AL | 6Stk | SMART_STEPLA,PURE_STOCKS,SECTOR_LEAD_ALPHA,6,SMART_STEPLADDER,17.43,25.38,7.64,17.7,17.07,19.52,39.7,-18.27,1.98,14.5,17.27,2.48,13.6
SIP_0187,SIP_0187: PURE_STOCKS | SECTOR_LEAD_AL | 5Stk | SMART_STEPLA,PURE_STOCKS,SECTOR_LEAD_ALPHA,5,SMART_STEPLADDER,17.39,27.32,9.57,19.0,13.45,15.9,30.9,-18.93,1.33,14.5,19.32,2.23,15.1
SIP_0389,SIP_0389: TACTICAL_MA | SECTOR_LEAD_AL | 5Stk | DYNAMIC_ATR,TACTICAL_MACRO_90_10,SECTOR_LEAD_ALPHA,5,DYNAMIC_ATR,17.29,31.51,13.76,21.7,12.17,14.62,27.8,-17.93,2.32,14.5,15.7,2.62,15.5
SIP_0184,SIP_0184: PURE_STOCKS | SECTOR_LEAD_AL | 4Stk | DYNAMIC_ATR,PURE_STOCKS,SECTOR_LEAD_ALPHA,4,DYNAMIC_ATR,17.29,28.67,10.93,19.9,15.61,18.06,36.1,-16.7,3.55,14.5,14.56,2.73,15.9
SIP_0196,SIP_0196: PURE_STOCKS | SECTOR_LEAD_AL | 8Stk | VAN_THARP_3T,PURE_STOCKS,SECTOR_LEAD_ALPHA,8,VAN_THARP_3TIER,17.23,25.24,7.5,17.6,17.21,19.66,40.0,-19.57,0.68,14.5,16.3,0.41,5.0
SIP_0181,SIP_0181: PURE_STOCKS | SECTOR_LEAD_AL | 4Stk | VAN_THARP_3T,PURE_STOCKS,SECTOR_LEAD_ALPHA,4,VAN_THARP_3TIER,16.94,29.03,11.28,20.1,14.49,16.94,33.4,-16.89,3.36,14.5,13.83,0.31,14.7
SIP_0182,SIP_0182: PURE_STOCKS | SECTOR_LEAD_AL | 4Stk | SMART_STEPLA,PURE_STOCKS,SECTOR_LEAD_ALPHA,4,SMART_STEPLADDER,16.78,30.17,12.43,20.8,13.87,16.32,31.9,-17.85,2.4,14.5,12.58,2.3,15.4
SIP_0055,SIP_0055: PURE_STOCKS | MOM_HURDLE_20 | 3Stk | TIME_DECAY_M,PURE_STOCKS,MOM_HURDLE_20,3,TIME_DECAY_MOMENTUM,16.66,28.57,10.82,19.8,10.26,12.71,23.3,-19.33,0.92,14.5,18.25,2.06,14.2
SIP_0198,SIP_0198: PURE_STOCKS | SECTOR_LEAD_AL | 8Stk | ADAPTIVE_STR,PURE_STOCKS,SECTOR_LEAD_ALPHA,8,ADAPTIVE_STRUCTURAL,16.59,25.13,7.39,17.6,14.64,17.09,33.7,-21.2,-0.95,14.5,16.27,2.35,10.0
SIP_0989,SIP_0989: MULTI_ASSET | SECTOR_LEAD_AL | 5Stk | DYNAMIC_ATR,MULTI_ASSET_BALANCED,SECTOR_LEAD_ALPHA,5,DYNAMIC_ATR,16.41,28.3,10.55,19.6,11.56,14.01,26.3,-17.93,2.32,14.5,15.72,2.62,15.4
SIP_0789,SIP_0789: MOMENTUM_RO | SECTOR_LEAD_AL | 5Stk | DYNAMIC_ATR,MOMENTUM_ROTATE_DYNAMIC,SECTOR_LEAD_ALPHA,5,DYNAMIC_ATR,16.41,28.3,10.55,19.6,11.56,14.01,26.3,-17.93,2.32,14.5,15.72,2.62,15.4
SIP_0589,SIP_0589: TACTICAL_MA | SECTOR_LEAD_AL | 5Stk | DYNAMIC_ATR,TACTICAL_MACRO_80_20,SECTOR_LEAD_ALPHA,5,DYNAMIC_ATR,16.41,28.3,10.55,19.6,11.56,14.01,26.3,-17.93,2.32,14.5,15.72,2.62,15.4
SIP_0278,SIP_0278: TACTICAL_MA | MOM_HURDLE_30 | 3Stk | ADAPTIVE_STR,TACTICAL_MACRO_90_10,MOM_HURDLE_30,3,ADAPTIVE_STRUCTURAL,16.36,28.7,10.95,19.9,9.8,12.25,22.2,-17.66,2.59,14.5,17.17,1.99,8.1
SIP_0074,SIP_0074: PURE_STOCKS | MOM_HURDLE_20 | 8Stk | DYNAMIC_ATR,PURE_STOCKS,MOM_HURDLE_20,8,DYNAMIC_ATR,16.36,17.12,-0.63,12.2,19.15,21.6,44.8,-17.19,3.06,14.5,18.97,2.45,12.1
SIP_0193,SIP_0193: PURE_STOCKS | SECTOR_LEAD_AL | 6Stk | ADAPTIVE_STR,PURE_STOCKS,SECTOR_LEAD_ALPHA,6,ADAPTIVE_STRUCTURAL,16.35,23.49,5.75,16.5,14.49,16.94,33.4,-17.51,2.74,14.5,17.18,1.99,13.3
SIP_0264,SIP_0264: TACTICAL_MA | MOM_HURDLE_20 | 5Stk | DYNAMIC_ATR,TACTICAL_MACRO_90_10,MOM_HURDLE_20,5,DYNAMIC_ATR,16.3,25.82,8.07,18.0,13.38,15.83,30.7,-17.59,2.66,14.5,15.7,2.47,13.5
SIP_0183,SIP_0183: PURE_STOCKS | SECTOR_LEAD_AL | 4Stk | ADAPTIVE_STR,PURE_STOCKS,SECTOR_LEAD_ALPHA,4,ADAPTIVE_STRUCTURAL,16.23,29.02,11.27,20.1,12.41,14.86,28.4,-17.14,3.11,14.5,12.89,2.15,14.1
SIP_0391,SIP_0391: TACTICAL_MA | SECTOR_LEAD_AL | 6Stk | VAN_THARP_3T,TACTICAL_MACRO_90_10,SECTOR_LEAD_ALPHA,6,VAN_THARP_3TIER,16.05,21.18,3.44,15.0,15.31,17.76,35.4,-17.37,2.88,14.5,17.31,0.36,6.6
SIP_0279,SIP_0279: TACTICAL_MA | MOM_HURDLE_30 | 3Stk | DYNAMIC_ATR,TACTICAL_MACRO_90_10,MOM_HURDLE_30,3,DYNAMIC_ATR,15.96,24.21,6.46,17.0,12.22,14.67,27.9,-17.77,2.49,14.5,17.23,2.92,14.7
SIP_0177,SIP_0177: PURE_STOCKS | SECTOR_LEAD_AL | 3Stk | SMART_STEPLA,PURE_STOCKS,SECTOR_LEAD_ALPHA,3,SMART_STEPLADDER,15.92,24.35,6.6,17.1,11.67,14.12,26.6,-17.77,2.48,14.5,17.53,2.31,16.5
SIP_0087,SIP_0087: PURE_STOCKS | MOM_HURDLE_30 | 5Stk | SMART_STEPLA,PURE_STOCKS,MOM_HURDLE_30,5,SMART_STEPLADDER,15.89,21.42,3.68,15.1,12.91,15.36,29.6,-16.83,3.42,14.5,19.32,2.12,13.3
SIP_0084,SIP_0084: PURE_STOCKS | MOM_HURDLE_30 | 4Stk | DYNAMIC_ATR,PURE_STOCKS,MOM_HURDLE_30,4,DYNAMIC_ATR,15.86,23.38,5.63,16.4,14.78,17.23,34.1,-15.51,4.74,14.5,14.56,2.74,13.9
SIP_0188,SIP_0188: PURE_STOCKS | SECTOR_LEAD_AL | 5Stk | ADAPTIVE_STR,PURE_STOCKS,SECTOR_LEAD_ALPHA,5,ADAPTIVE_STRUCTURAL,15.75,22.13,4.39,15.6,12.33,14.78,28.2,-18.49,1.76,14.5,18.48,1.99,15.3
SIP_0376,SIP_0376: TACTICAL_MA | SECTOR_LEAD_AL | 3Stk | VAN_THARP_3T,TACTICAL_MACRO_90_10,SECTOR_LEAD_ALPHA,3,VAN_THARP_3TIER,15.67,24.64,6.89,17.2,10.14,12.59,23.0,-17.5,2.75,14.5,18.03,0.3,14.6
SIP_0478,SIP_0478: TACTICAL_MA | MOM_HURDLE_30 | 3Stk | ADAPTIVE_STR,TACTICAL_MACRO_80_20,MOM_HURDLE_30,3,ADAPTIVE_STRUCTURAL,15.64,26.59,8.85,18.5,8.92,11.37,20.1,-17.66,2.59,14.5,17.13,1.99,8.0
SIP_0179,SIP_0179: PURE_STOCKS | SECTOR_LEAD_AL | 3Stk | DYNAMIC_ATR,PURE_STOCKS,SECTOR_LEAD_ALPHA,3,DYNAMIC_ATR,15.64,24.8,7.05,17.4,12.0,14.45,27.4,-20.0,0.25,14.5,15.17,3.0,16.2
SIP_0014,SIP_0014: PURE_STOCKS | CLENOW_MOMENTU | 5Stk | DYNAMIC_ATR,PURE_STOCKS,CLENOW_MOMENTUM,5,DYNAMIC_ATR,15.64,28.37,10.62,19.7,11.21,13.66,25.5,-17.53,2.72,14.5,12.17,2.38,12.4
SIP_0878,SIP_0878: MULTI_ASSET | MOM_HURDLE_30 | 3Stk | ADAPTIVE_STR,MULTI_ASSET_BALANCED,MOM_HURDLE_30,3,ADAPTIVE_STRUCTURAL,15.64,26.59,8.85,18.5,8.92,11.37,20.1,-17.66,2.59,14.5,17.13,1.99,8.0
SIP_0678,SIP_0678: MOMENTUM_RO | MOM_HURDLE_30 | 3Stk | ADAPTIVE_STR,MOMENTUM_ROTATE_DYNAMIC,MOM_HURDLE_30,3,ADAPTIVE_STRUCTURAL,15.64,26.59,8.85,18.5,8.92,11.37,20.1,-17.66,2.59,14.5,17.13,1.99,8.0
SIP_0154,SIP_0154: PURE_STOCKS | 52W_HIGH_PROXI | 3Stk | DYNAMIC_ATR,PURE_STOCKS,52W_HIGH_PROXIMITY,3,DYNAMIC_ATR,15.63,20.88,3.14,14.8,12.9,15.35,29.5,-21.19,-0.94,14.5,18.55,3.14,17.6
SIP_0386,SIP_0386: TACTICAL_MA | SECTOR_LEAD_AL | 5Stk | VAN_THARP_3T,TACTICAL_MACRO_90_10,SECTOR_LEAD_ALPHA,5,VAN_THARP_3TIER,15.63,20.8,3.05,14.7,12.59,15.04,28.8,-18.39,1.86,14.5,19.14,0.29,9.9
SIP_0153,SIP_0153: PURE_STOCKS | 52W_HIGH_PROXI | 3Stk | ADAPTIVE_STR,PURE_STOCKS,52W_HIGH_PROXIMITY,3,ADAPTIVE_STRUCTURAL,15.62,16.72,-1.03,11.9,15.51,17.96,35.8,-17.79,2.46,14.5,20.31,2.22,13.5
SIP_0464,SIP_0464: TACTICAL_MA | MOM_HURDLE_20 | 5Stk | DYNAMIC_ATR,TACTICAL_MACRO_80_20,MOM_HURDLE_20,5,DYNAMIC_ATR,15.58,23.37,5.63,16.4,12.74,15.19,29.2,-17.59,2.66,14.5,15.72,2.47,13.4
SIP_0864,SIP_0864: MULTI_ASSET | MOM_HURDLE_20 | 5Stk | DYNAMIC_ATR,MULTI_ASSET_BALANCED,MOM_HURDLE_20,5,DYNAMIC_ATR,15.58,23.37,5.63,16.4,12.74,15.19,29.2,-17.59,2.66,14.5,15.72,2.47,13.4
SIP_0664,SIP_0664: MOMENTUM_RO | MOM_HURDLE_20 | 5Stk | DYNAMIC_ATR,MOMENTUM_ROTATE_DYNAMIC,MOM_HURDLE_20,5,DYNAMIC_ATR,15.58,23.37,5.63,16.4,12.74,15.19,29.2,-17.59,2.66,14.5,15.72,2.47,13.4
SIP_0180,SIP_0180: PURE_STOCKS | SECTOR_LEAD_AL | 3Stk | TIME_DECAY_M,PURE_STOCKS,SECTOR_LEAD_ALPHA,3,TIME_DECAY_MOMENTUM,15.52,24.86,7.12,17.4,9.46,11.91,21.4,-19.33,0.92,14.5,17.76,2.15,14.0
SIP_0152,SIP_0152: PURE_STOCKS | 52W_HIGH_PROXI | 3Stk | SMART_STEPLA,PURE_STOCKS,52W_HIGH_PROXIMITY,3,SMART_STEPLADDER,15.43,15.89,-1.86,11.4,13.7,16.15,31.4,-20.75,-0.5,14.5,22.53,2.18,19.0
SIP_0991,SIP_0991: MULTI_ASSET | SECTOR_LEAD_AL | 6Stk | VAN_THARP_3T,MULTI_ASSET_BALANCED,SECTOR_LEAD_ALPHA,6,VAN_THARP_3TIER,15.42,19.46,1.71,13.8,14.6,17.05,33.6,-17.37,2.88,14.5,17.12,0.36,6.6
SIP_0791,SIP_0791: MOMENTUM_RO | SECTOR_LEAD_AL | 6Stk | VAN_THARP_3T,MOMENTUM_ROTATE_DYNAMIC,SECTOR_LEAD_ALPHA,6,VAN_THARP_3TIER,15.42,19.46,1.71,13.8,14.6,17.05,33.6,-17.37,2.88,14.5,17.12,0.36,6.6
SIP_0591,SIP_0591: TACTICAL_MA | SECTOR_LEAD_AL | 6Stk | VAN_THARP_3T,TACTICAL_MACRO_80_20,SECTOR_LEAD_ALPHA,6,VAN_THARP_3TIER,15.42,19.46,1.71,13.8,14.6,17.05,33.6,-17.37,2.88,14.5,17.12,0.36,6.6
SIP_0396,SIP_0396: TACTICAL_MA | SECTOR_LEAD_AL | 8Stk | VAN_THARP_3T,TACTICAL_MACRO_90_10,SECTOR_LEAD_ALPHA,8,VAN_THARP_3TIER,15.36,20.26,2.51,14.3,14.56,17.01,33.5,-19.57,0.68,14.5,15.99,0.41,4.8
SIP_0879,SIP_0879: MULTI_ASSET | MOM_HURDLE_30 | 3Stk | DYNAMIC_ATR,MULTI_ASSET_BALANCED,MOM_HURDLE_30,3,DYNAMIC_ATR,15.35,22.86,5.11,16.1,11.03,13.48,25.1,-17.77,2.49,14.5,17.23,2.92,14.6
SIP_0479,SIP_0479: TACTICAL_MA | MOM_HURDLE_30 | 3Stk | DYNAMIC_ATR,TACTICAL_MACRO_80_20,MOM_HURDLE_30,3,DYNAMIC_ATR,15.35,22.86,5.11,16.1,11.03,13.48,25.1,-17.77,2.49,14.5,17.23,2.92,14.6
SIP_0679,SIP_0679: MOMENTUM_RO | MOM_HURDLE_30 | 3Stk | DYNAMIC_ATR,MOMENTUM_ROTATE_DYNAMIC,MOM_HURDLE_30,3,DYNAMIC_ATR,15.35,22.86,5.11,16.1,11.03,13.48,25.1,-17.77,2.49,14.5,17.23,2.92,14.6
SIP_0082,SIP_0082: PURE_STOCKS | MOM_HURDLE_30 | 4Stk | SMART_STEPLA,PURE_STOCKS,MOM_HURDLE_30,4,SMART_STEPLADDER,15.34,25.16,7.42,17.6,12.61,15.06,28.9,-16.42,3.83,14.5,12.58,2.25,12.6
SIP_0195,SIP_0195: PURE_STOCKS | SECTOR_LEAD_AL | 6Stk | TIME_DECAY_M,PURE_STOCKS,SECTOR_LEAD_ALPHA,6,TIME_DECAY_MOMENTUM,15.33,22.3,4.55,15.7,13.56,16.01,31.1,-18.26,1.99,14.5,14.67,2.38,15.0
SIP_0378,SIP_0378: TACTICAL_MA | SECTOR_LEAD_AL | 3Stk | ADAPTIVE_STR,TACTICAL_MACRO_90_10,SECTOR_LEAD_ALPHA,3,ADAPTIVE_STRUCTURAL,15.24,26.0,8.25,18.1,8.74,11.19,19.7,-19.67,0.58,14.5,16.03,2.15,15.7
SIP_0129,SIP_0129: PURE_STOCKS | MULTI_LOOKBACK | 3Stk | DYNAMIC_ATR,PURE_STOCKS,MULTI_LOOKBACK_BLEND,3,DYNAMIC_ATR,15.23,22.77,5.02,16.0,14.98,17.43,34.5,-23.28,-3.03,14.5,11.85,2.28,18.3
SIP_0397,SIP_0397: TACTICAL_MA | SECTOR_LEAD_AL | 8Stk | SMART_STEPLA,TACTICAL_MACRO_90_10,SECTOR_LEAD_ALPHA,8,SMART_STEPLADDER,15.23,21.42,3.67,15.1,13.09,15.54,30.0,-18.79,1.46,14.5,15.78,2.57,12.9
SIP_0094,SIP_0094: PURE_STOCKS | MOM_HURDLE_30 | 6Stk | DYNAMIC_ATR,PURE_STOCKS,MOM_HURDLE_30,6,DYNAMIC_ATR,15.22,15.88,-1.86,11.4,16.52,18.97,38.3,-14.5,5.75,14.5,17.96,2.51,11.7
SIP_0384,SIP_0384: TACTICAL_MA | SECTOR_LEAD_AL | 4Stk | DYNAMIC_ATR,TACTICAL_MACRO_90_10,SECTOR_LEAD_ALPHA,4,DYNAMIC_ATR,15.16,22.55,4.81,15.9,12.9,15.35,29.5,-16.7,3.55,14.5,14.27,2.73,15.5
SIP_0586,SIP_0586: TACTICAL_MA | SECTOR_LEAD_AL | 5Stk | VAN_THARP_3T,TACTICAL_MACRO_80_20,SECTOR_LEAD_ALPHA,5,VAN_THARP_3TIER,15.04,19.05,1.31,13.5,11.98,14.43,27.3,-18.39,1.86,14.5,19.02,0.29,9.8
SIP_0986,SIP_0986: MULTI_ASSET | SECTOR_LEAD_AL | 5Stk | VAN_THARP_3T,MULTI_ASSET_BALANCED,SECTOR_LEAD_ALPHA,5,VAN_THARP_3TIER,15.04,19.05,1.31,13.5,11.98,14.43,27.3,-18.39,1.86,14.5,19.02,0.29,9.8
SIP_0786,SIP_0786: MOMENTUM_RO | SECTOR_LEAD_AL | 5Stk | VAN_THARP_3T,MOMENTUM_ROTATE_DYNAMIC,SECTOR_LEAD_ALPHA,5,VAN_THARP_3TIER,15.04,19.05,1.31,13.5,11.98,14.43,27.3,-18.39,1.86,14.5,19.02,0.29,9.8
SIP_0776,SIP_0776: MOMENTUM_RO | SECTOR_LEAD_AL | 3Stk | VAN_THARP_3T,MOMENTUM_ROTATE_DYNAMIC,SECTOR_LEAD_ALPHA,3,VAN_THARP_3TIER,15.0,22.84,5.09,16.1,9.0,11.45,20.3,-17.5,2.75,14.5,18.0,0.3,14.5
SIP_0976,SIP_0976: MULTI_ASSET | SECTOR_LEAD_AL | 3Stk | VAN_THARP_3T,MULTI_ASSET_BALANCED,SECTOR_LEAD_ALPHA,3,VAN_THARP_3TIER,15.0,22.84,5.09,16.1,9.0,11.45,20.3,-17.5,2.75,14.5,18.0,0.3,14.5
SIP_0576,SIP_0576: TACTICAL_MA | SECTOR_LEAD_AL | 3Stk | VAN_THARP_3T,TACTICAL_MACRO_80_20,SECTOR_LEAD_ALPHA,3,VAN_THARP_3TIER,15.0,22.84,5.09,16.1,9.0,11.45,20.3,-17.5,2.75,14.5,18.0,0.3,14.5
SIP_0089,SIP_0089: PURE_STOCKS | MOM_HURDLE_30 | 5Stk | DYNAMIC_ATR,PURE_STOCKS,MOM_HURDLE_30,5,DYNAMIC_ATR,14.86,16.1,-1.65,11.5,16.2,18.65,37.5,-15.51,4.74,14.5,16.38,2.42,13.0
SIP_0134,SIP_0134: PURE_STOCKS | MULTI_LOOKBACK | 4Stk | DYNAMIC_ATR,PURE_STOCKS,MULTI_LOOKBACK_BLEND,4,DYNAMIC_ATR,14.85,19.43,1.68,13.8,15.77,18.22,36.5,-20.9,-0.65,14.5,12.82,2.04,16.5
SIP_0387,SIP_0387: TACTICAL_MA | SECTOR_LEAD_AL | 5Stk | SMART_STEPLA,TACTICAL_MACRO_90_10,SECTOR_LEAD_ALPHA,5,SMART_STEPLADDER,14.83,19.39,1.64,13.8,10.75,13.2,24.4,-18.93,1.33,14.5,18.98,2.23,14.7
SIP_0381,SIP_0381: TACTICAL_MA | SECTOR_LEAD_AL | 4Stk | VAN_THARP_3T,TACTICAL_MACRO_90_10,SECTOR_LEAD_ALPHA,4,VAN_THARP_3TIER,14.83,22.99,5.24,16.2,11.5,13.95,26.2,-16.89,3.36,14.5,13.85,0.31,14.5
SIP_0354,SIP_0354: TACTICAL_MA | 52W_HIGH_PROXI | 3Stk | DYNAMIC_ATR,TACTICAL_MACRO_90_10,52W_HIGH_PROXIMITY,3,DYNAMIC_ATR,14.72,18.7,0.95,13.3,11.56,14.01,26.3,-21.19,-0.94,14.5,18.3,3.14,17.4
SIP_0996,SIP_0996: MULTI_ASSET | SECTOR_LEAD_AL | 8Stk | VAN_THARP_3T,MULTI_ASSET_BALANCED,SECTOR_LEAD_ALPHA,8,VAN_THARP_3TIER,14.7,18.77,1.02,13.3,13.37,15.82,30.7,-19.57,0.68,14.5,15.93,0.41,4.8
SIP_0059,SIP_0059: PURE_STOCKS | MOM_HURDLE_20 | 4Stk | DYNAMIC_ATR,PURE_STOCKS,MOM_HURDLE_20,4,DYNAMIC_ATR,14.7,17.49,-0.26,12.5,15.61,18.06,36.1,-16.37,3.88,14.5,14.56,2.69,16.1
SIP_0596,SIP_0596: TACTICAL_MA | SECTOR_LEAD_AL | 8Stk | VAN_THARP_3T,TACTICAL_MACRO_80_20,SECTOR_LEAD_ALPHA,8,VAN_THARP_3TIER,14.7,18.77,1.02,13.3,13.37,15.82,30.7,-19.57,0.68,14.5,15.93,0.41,4.8
SIP_0796,SIP_0796: MOMENTUM_RO | SECTOR_LEAD_AL | 8Stk | VAN_THARP_3T,MOMENTUM_ROTATE_DYNAMIC,SECTOR_LEAD_ALPHA,8,VAN_THARP_3TIER,14.7,18.77,1.02,13.3,13.37,15.82,30.7,-19.57,0.68,14.5,15.93,0.41,4.8
SIP_0392,SIP_0392: TACTICAL_MA | SECTOR_LEAD_AL | 6Stk | SMART_STEPLA,TACTICAL_MACRO_90_10,SECTOR_LEAD_ALPHA,6,SMART_STEPLADDER,14.65,17.41,-0.34,12.4,13.59,16.04,31.2,-18.27,1.98,14.5,16.98,2.48,13.4
SIP_0070,SIP_0070: PURE_STOCKS | MOM_HURDLE_20 | 6Stk | TIME_DECAY_M,PURE_STOCKS,MOM_HURDLE_20,6,TIME_DECAY_MOMENTUM,14.53,18.35,0.6,13.1,13.99,16.44,32.1,-18.13,2.12,14.5,14.67,2.28,13.4
SIP_0584,SIP_0584: TACTICAL_MA | SECTOR_LEAD_AL | 4Stk | DYNAMIC_ATR,TACTICAL_MACRO_80_20,SECTOR_LEAD_ALPHA,4,DYNAMIC_ATR,14.49,20.68,2.93,14.6,12.02,14.47,27.4,-16.7,3.55,14.5,14.29,2.73,15.4
SIP_0784,SIP_0784: MOMENTUM_RO | SECTOR_LEAD_AL | 4Stk | DYNAMIC_ATR,MOMENTUM_ROTATE_DYNAMIC,SECTOR_LEAD_ALPHA,4,DYNAMIC_ATR,14.49,20.68,2.93,14.6,12.02,14.47,27.4,-16.7,3.55,14.5,14.29,2.73,15.4
SIP_0984,SIP_0984: MULTI_ASSET | SECTOR_LEAD_AL | 4Stk | DYNAMIC_ATR,MULTI_ASSET_BALANCED,SECTOR_LEAD_ALPHA,4,DYNAMIC_ATR,14.49,20.68,2.93,14.6,12.02,14.47,27.4,-16.7,3.55,14.5,14.29,2.73,15.4
SIP_0274,SIP_0274: TACTICAL_MA | MOM_HURDLE_20 | 8Stk | DYNAMIC_ATR,TACTICAL_MACRO_90_10,MOM_HURDLE_20,8,DYNAMIC_ATR,14.48,13.0,-4.75,9.4,15.72,18.17,36.3,-17.19,3.06,14.5,18.76,2.45,11.9
SIP_0185,SIP_0185: PURE_STOCKS | SECTOR_LEAD_AL | 4Stk | TIME_DECAY_M,PURE_STOCKS,SECTOR_LEAD_ALPHA,4,TIME_DECAY_MOMENTUM,14.46,27.89,10.15,19.4,8.09,10.54,18.2,-18.58,1.67,14.5,10.7,2.2,13.9
SIP_0954,SIP_0954: MULTI_ASSET | 52W_HIGH_PROXI | 3Stk | DYNAMIC_ATR,MULTI_ASSET_BALANCED,52W_HIGH_PROXIMITY,3,DYNAMIC_ATR,14.43,18.0,0.25,12.8,11.2,13.65,25.5,-21.19,-0.94,14.5,18.2,3.14,17.2
SIP_0554,SIP_0554: TACTICAL_MA | 52W_HIGH_PROXI | 3Stk | DYNAMIC_ATR,TACTICAL_MACRO_80_20,52W_HIGH_PROXIMITY,3,DYNAMIC_ATR,14.43,18.0,0.25,12.8,11.2,13.65,25.5,-21.19,-0.94,14.5,18.2,3.14,17.2
SIP_0754,SIP_0754: MOMENTUM_RO | 52W_HIGH_PROXI | 3Stk | DYNAMIC_ATR,MOMENTUM_ROTATE_DYNAMIC,52W_HIGH_PROXIMITY,3,DYNAMIC_ATR,14.43,18.0,0.25,12.8,11.2,13.65,25.5,-21.19,-0.94,14.5,18.2,3.14,17.2
SIP_0024,SIP_0024: PURE_STOCKS | CLENOW_MOMENTU | 8Stk | DYNAMIC_ATR,PURE_STOCKS,CLENOW_MOMENTUM,8,DYNAMIC_ATR,14.41,18.21,0.46,13.0,13.25,15.7,30.4,-17.6,2.65,14.5,15.19,2.47,12.1
SIP_0054,SIP_0054: PURE_STOCKS | MOM_HURDLE_20 | 3Stk | DYNAMIC_ATR,PURE_STOCKS,MOM_HURDLE_20,3,DYNAMIC_ATR,14.39,17.7,-0.05,12.6,12.0,14.45,27.4,-17.01,3.24,14.5,17.34,2.88,16.4
SIP_0778,SIP_0778: MOMENTUM_RO | SECTOR_LEAD_AL | 3Stk | ADAPTIVE_STR,MOMENTUM_ROTATE_DYNAMIC,SECTOR_LEAD_ALPHA,3,ADAPTIVE_STRUCTURAL,14.38,23.18,5.43,16.3,7.8,10.25,17.5,-19.67,0.58,14.5,16.06,2.15,15.5
SIP_0578,SIP_0578: TACTICAL_MA | SECTOR_LEAD_AL | 3Stk | ADAPTIVE_STR,TACTICAL_MACRO_80_20,SECTOR_LEAD_ALPHA,3,ADAPTIVE_STRUCTURAL,14.38,23.18,5.43,16.3,7.8,10.25,17.5,-19.67,0.58,14.5,16.06,2.15,15.5
SIP_0978,SIP_0978: MULTI_ASSET | SECTOR_LEAD_AL | 3Stk | ADAPTIVE_STR,MULTI_ASSET_BALANCED,SECTOR_LEAD_ALPHA,3,ADAPTIVE_STRUCTURAL,14.38,23.18,5.43,16.3,7.8,10.25,17.5,-19.67,0.58,14.5,16.06,2.15,15.5
SIP_0060,SIP_0060: PURE_STOCKS | MOM_HURDLE_20 | 4Stk | TIME_DECAY_M,PURE_STOCKS,MOM_HURDLE_20,4,TIME_DECAY_MOMENTUM,14.35,26.07,8.32,18.2,9.29,11.74,21.0,-15.56,4.69,14.5,10.7,2.15,15.0
SIP_0997,SIP_0997: MULTI_ASSET | SECTOR_LEAD_AL | 8Stk | SMART_STEPLA,MULTI_ASSET_BALANCED,SECTOR_LEAD_ALPHA,8,SMART_STEPLADDER,14.34,18.81,1.06,13.4,12.02,14.47,27.4,-18.79,1.46,14.5,15.68,2.57,12.8
SIP_0597,SIP_0597: TACTICAL_MA | SECTOR_LEAD_AL | 8Stk | SMART_STEPLA,TACTICAL_MACRO_80_20,SECTOR_LEAD_ALPHA,8,SMART_STEPLADDER,14.34,18.81,1.06,13.4,12.02,14.47,27.4,-18.79,1.46,14.5,15.68,2.57,12.8
SIP_0797,SIP_0797: MOMENTUM_RO | SECTOR_LEAD_AL | 8Stk | SMART_STEPLA,MOMENTUM_ROTATE_DYNAMIC,SECTOR_LEAD_ALPHA,8,SMART_STEPLADDER,14.34,18.81,1.06,13.4,12.02,14.47,27.4,-18.79,1.46,14.5,15.68,2.57,12.8
SIP_0022,SIP_0022: PURE_STOCKS | CLENOW_MOMENTU | 8Stk | SMART_STEPLA,PURE_STOCKS,CLENOW_MOMENTUM,8,SMART_STEPLADDER,14.3,18.25,0.5,13.0,10.18,12.63,23.1,-17.85,2.4,14.5,18.45,1.91,12.4
SIP_0353,SIP_0353: TACTICAL_MA | 52W_HIGH_PROXI | 3Stk | ADAPTIVE_STR,TACTICAL_MACRO_90_10,52W_HIGH_PROXIMITY,3,ADAPTIVE_STRUCTURAL,14.28,12.94,-4.81,9.3,13.99,16.44,32.1,-17.79,2.46,14.5,20.06,2.22,13.3
SIP_0077,SIP_0077: PURE_STOCKS | MOM_HURDLE_30 | 3Stk | SMART_STEPLA,PURE_STOCKS,MOM_HURDLE_30,3,SMART_STEPLADDER,14.28,15.06,-2.68,10.8,12.98,15.43,29.7,-17.77,2.48,14.5,18.73,2.14,14.4
SIP_0382,SIP_0382: TACTICAL_MA | SECTOR_LEAD_AL | 4Stk | SMART_STEPLA,TACTICAL_MACRO_90_10,SECTOR_LEAD_ALPHA,4,SMART_STEPLADDER,14.25,22.03,4.28,15.5,10.96,13.41,24.9,-17.85,2.4,14.5,12.85,2.3,15.2
SIP_0981,SIP_0981: MULTI_ASSET | SECTOR_LEAD_AL | 4Stk | VAN_THARP_3T,MULTI_ASSET_BALANCED,SECTOR_LEAD_ALPHA,4,VAN_THARP_3TIER,14.22,21.22,3.47,15.0,10.72,13.17,24.4,-16.89,3.36,14.5,13.89,0.31,14.4
SIP_0781,SIP_0781: MOMENTUM_RO | SECTOR_LEAD_AL | 4Stk | VAN_THARP_3T,MOMENTUM_ROTATE_DYNAMIC,SECTOR_LEAD_ALPHA,4,VAN_THARP_3TIER,14.22,21.22,3.47,15.0,10.72,13.17,24.4,-16.89,3.36,14.5,13.89,0.31,14.4
SIP_0581,SIP_0581: TACTICAL_MA | SECTOR_LEAD_AL | 4Stk | VAN_THARP_3T,TACTICAL_MACRO_80_20,SECTOR_LEAD_ALPHA,4,VAN_THARP_3TIER,14.22,21.22,3.47,15.0,10.72,13.17,24.4,-16.89,3.36,14.5,13.89,0.31,14.4
SIP_0255,SIP_0255: TACTICAL_MA | MOM_HURDLE_20 | 3Stk | TIME_DECAY_M,TACTICAL_MACRO_90_10,MOM_HURDLE_20,3,TIME_DECAY_MOMENTUM,14.2,20.58,2.83,14.6,7.79,10.24,17.5,-19.33,0.92,14.5,18.17,2.06,14.0
SIP_0398,SIP_0398: TACTICAL_MA | SECTOR_LEAD_AL | 8Stk | ADAPTIVE_STR,TACTICAL_MACRO_90_10,SECTOR_LEAD_ALPHA,8,ADAPTIVE_STRUCTURAL,14.18,17.77,0.02,12.7,12.04,14.49,27.5,-21.2,-0.95,14.5,16.06,2.35,9.6
SIP_0352,SIP_0352: TACTICAL_MA | 52W_HIGH_PROXI | 3Stk | SMART_STEPLA,TACTICAL_MACRO_90_10,52W_HIGH_PROXIMITY,3,SMART_STEPLADDER,14.18,12.98,-4.77,9.4,11.69,14.14,26.7,-20.75,-0.5,14.5,22.27,2.18,18.7
SIP_0016,SIP_0016: PURE_STOCKS | CLENOW_MOMENTU | 6Stk | VAN_THARP_3T,PURE_STOCKS,CLENOW_MOMENTUM,6,VAN_THARP_3TIER,14.14,21.96,4.21,15.5,10.0,12.45,22.7,-17.29,2.96,14.5,13.49,0.38,8.1
SIP_0099,SIP_0099: PURE_STOCKS | MOM_HURDLE_30 | 8Stk | DYNAMIC_ATR,PURE_STOCKS,MOM_HURDLE_30,8,DYNAMIC_ATR,14.04,10.58,-7.16,7.7,16.11,18.56,37.3,-13.9,6.35,14.5,19.03,2.39,10.4
SIP_0587,SIP_0587: TACTICAL_MA | SECTOR_LEAD_AL | 5Stk | SMART_STEPLA,TACTICAL_MACRO_80_20,SECTOR_LEAD_ALPHA,5,SMART_STEPLADDER,14.04,17.0,-0.75,12.1,10.07,12.52,22.8,-18.93,1.33,14.5,18.86,2.23,14.6
SIP_0987,SIP_0987: MULTI_ASSET | SECTOR_LEAD_AL | 5Stk | SMART_STEPLA,MULTI_ASSET_BALANCED,SECTOR_LEAD_ALPHA,5,SMART_STEPLADDER,14.04,17.0,-0.75,12.1,10.07,12.52,22.8,-18.93,1.33,14.5,18.86,2.23,14.6
SIP_0787,SIP_0787: MOMENTUM_RO | SECTOR_LEAD_AL | 5Stk | SMART_STEPLA,MOMENTUM_ROTATE_DYNAMIC,SECTOR_LEAD_ALPHA,5,SMART_STEPLADDER,14.04,17.0,-0.75,12.1,10.07,12.52,22.8,-18.93,1.33,14.5,18.86,2.23,14.6
SIP_0284,SIP_0284: TACTICAL_MA | MOM_HURDLE_30 | 4Stk | DYNAMIC_ATR,TACTICAL_MACRO_90_10,MOM_HURDLE_30,4,DYNAMIC_ATR,14.02,18.83,1.08,13.4,11.87,14.32,27.1,-15.51,4.74,14.5,14.27,2.74,13.5
SIP_0393,SIP_0393: TACTICAL_MA | SECTOR_LEAD_AL | 6Stk | ADAPTIVE_STR,TACTICAL_MACRO_90_10,SECTOR_LEAD_ALPHA,6,ADAPTIVE_STRUCTURAL,14.02,16.82,-0.92,12.0,11.69,14.14,26.7,-17.51,2.74,14.5,16.92,1.99,13.0
SIP_0190,SIP_0190: PURE_STOCKS | SECTOR_LEAD_AL | 5Stk | TIME_DECAY_M,PURE_STOCKS,SECTOR_LEAD_ALPHA,5,TIME_DECAY_MOMENTUM,14.01,22.34,4.6,15.7,10.94,13.39,24.9,-18.63,1.62,14.5,11.34,2.18,15.5
SIP_0287,SIP_0287: TACTICAL_MA | MOM_HURDLE_30 | 5Stk | SMART_STEPLA,TACTICAL_MACRO_90_10,MOM_HURDLE_30,5,SMART_STEPLADDER,13.99,15.8,-1.95,11.3,10.89,13.34,24.8,-16.83,3.42,14.5,18.98,2.12,12.9
SIP_0065,SIP_0065: PURE_STOCKS | MOM_HURDLE_20 | 5Stk | TIME_DECAY_M,PURE_STOCKS,MOM_HURDLE_20,5,TIME_DECAY_MOMENTUM,13.98,21.14,3.4,14.9,11.95,14.4,27.3,-18.12,2.13,14.5,11.34,2.16,14.3
SIP_0953,SIP_0953: MULTI_ASSET | 52W_HIGH_PROXI | 3Stk | ADAPTIVE_STR,MULTI_ASSET_BALANCED,52W_HIGH_PROXIMITY,3,ADAPTIVE_STRUCTURAL,13.96,11.94,-5.81,8.7,13.65,16.1,31.3,-17.79,2.46,14.5,19.96,2.22,13.3
SIP_0753,SIP_0753: MOMENTUM_RO | 52W_HIGH_PROXI | 3Stk | ADAPTIVE_STR,MOMENTUM_ROTATE_DYNAMIC,52W_HIGH_PROXIMITY,3,ADAPTIVE_STRUCTURAL,13.96,11.94,-5.81,8.7,13.65,16.1,31.3,-17.79,2.46,14.5,19.96,2.22,13.3
SIP_0553,SIP_0553: TACTICAL_MA | 52W_HIGH_PROXI | 3Stk | ADAPTIVE_STR,TACTICAL_MACRO_80_20,52W_HIGH_PROXIMITY,3,ADAPTIVE_STRUCTURAL,13.96,11.94,-5.81,8.7,13.65,16.1,31.3,-17.79,2.46,14.5,19.96,2.22,13.3
SIP_0383,SIP_0383: TACTICAL_MA | SECTOR_LEAD_AL | 4Stk | ADAPTIVE_STR,TACTICAL_MACRO_90_10,SECTOR_LEAD_ALPHA,4,ADAPTIVE_STRUCTURAL,13.92,21.41,3.67,15.1,10.14,12.59,23.0,-17.14,3.11,14.5,12.92,2.15,13.9
SIP_0214,SIP_0214: TACTICAL_MA | CLENOW_MOMENTU | 5Stk | DYNAMIC_ATR,TACTICAL_MACRO_90_10,CLENOW_MOMENTUM,5,DYNAMIC_ATR,13.92,23.21,5.47,16.3,9.07,11.52,20.5,-17.53,2.72,14.5,12.16,2.38,12.1
SIP_0019,SIP_0019: PURE_STOCKS | CLENOW_MOMENTU | 6Stk | DYNAMIC_ATR,PURE_STOCKS,CLENOW_MOMENTUM,6,DYNAMIC_ATR,13.87,19.48,1.73,13.8,13.17,15.62,30.2,-17.67,2.58,14.5,11.15,2.24,13.0
SIP_0874,SIP_0874: MULTI_ASSET | MOM_HURDLE_20 | 8Stk | DYNAMIC_ATR,MULTI_ASSET_BALANCED,MOM_HURDLE_20,8,DYNAMIC_ATR,13.84,11.77,-5.98,8.5,14.61,17.06,33.7,-17.19,3.06,14.5,18.49,2.45,11.6
SIP_0474,SIP_0474: TACTICAL_MA | MOM_HURDLE_20 | 8Stk | DYNAMIC_ATR,TACTICAL_MACRO_80_20,MOM_HURDLE_20,8,DYNAMIC_ATR,13.84,11.77,-5.98,8.5,14.61,17.06,33.7,-17.19,3.06,14.5,18.49,2.45,11.6
SIP_0674,SIP_0674: MOMENTUM_RO | MOM_HURDLE_20 | 8Stk | DYNAMIC_ATR,MOMENTUM_ROTATE_DYNAMIC,MOM_HURDLE_20,8,DYNAMIC_ATR,13.84,11.77,-5.98,8.5,14.61,17.06,33.7,-17.19,3.06,14.5,18.49,2.45,11.6
SIP_0992,SIP_0992: MULTI_ASSET | SECTOR_LEAD_AL | 6Stk | SMART_STEPLA,MULTI_ASSET_BALANCED,SECTOR_LEAD_ALPHA,6,SMART_STEPLADDER,13.79,15.08,-2.67,10.8,12.46,14.91,28.5,-18.27,1.98,14.5,16.93,2.48,13.3
SIP_0592,SIP_0592: TACTICAL_MA | SECTOR_LEAD_AL | 6Stk | SMART_STEPLA,TACTICAL_MACRO_80_20,SECTOR_LEAD_ALPHA,6,SMART_STEPLADDER,13.79,15.08,-2.67,10.8,12.46,14.91,28.5,-18.27,1.98,14.5,16.93,2.48,13.3
SIP_0792,SIP_0792: MOMENTUM_RO | SECTOR_LEAD_AL | 6Stk | SMART_STEPLA,MOMENTUM_ROTATE_DYNAMIC,SECTOR_LEAD_ALPHA,6,SMART_STEPLADDER,13.79,15.08,-2.67,10.8,12.46,14.91,28.5,-18.27,1.98,14.5,16.93,2.48,13.3
SIP_0952,SIP_0952: MULTI_ASSET | 52W_HIGH_PROXI | 3Stk | SMART_STEPLA,MULTI_ASSET_BALANCED,52W_HIGH_PROXIMITY,3,SMART_STEPLADDER,13.78,12.01,-5.73,8.7,11.13,13.58,25.3,-20.75,-0.5,14.5,22.19,2.18,18.6
SIP_0752,SIP_0752: MOMENTUM_RO | 52W_HIGH_PROXI | 3Stk | SMART_STEPLA,MOMENTUM_ROTATE_DYNAMIC,52W_HIGH_PROXIMITY,3,SMART_STEPLADDER,13.78,12.01,-5.73,8.7,11.13,13.58,25.3,-20.75,-0.5,14.5,22.19,2.18,18.6
SIP_0552,SIP_0552: TACTICAL_MA | 52W_HIGH_PROXI | 3Stk | SMART_STEPLA,TACTICAL_MACRO_80_20,52W_HIGH_PROXIMITY,3,SMART_STEPLADDER,13.78,12.01,-5.73,8.7,11.13,13.58,25.3,-20.75,-0.5,14.5,22.19,2.18,18.6
SIP_0388,SIP_0388: TACTICAL_MA | SECTOR_LEAD_AL | 5Stk | ADAPTIVE_STR,TACTICAL_MACRO_90_10,SECTOR_LEAD_ALPHA,5,ADAPTIVE_STRUCTURAL,13.7,15.86,-1.89,11.4,10.28,12.73,23.3,-18.49,1.76,14.5,18.12,1.99,14.9
SIP_0200,SIP_0200: PURE_STOCKS | SECTOR_LEAD_AL | 8Stk | TIME_DECAY_M,PURE_STOCKS,SECTOR_LEAD_ALPHA,8,TIME_DECAY_MOMENTUM,13.65,17.7,-0.05,12.6,12.51,14.96,28.6,-18.58,1.67,14.5,12.99,2.4,14.6
SIP_0092,SIP_0092: PURE_STOCKS | MOM_HURDLE_30 | 6Stk | SMART_STEPLA,PURE_STOCKS,MOM_HURDLE_30,6,SMART_STEPLADDER,13.6,14.49,-3.26,10.4,11.63,14.08,26.5,-16.51,3.75,14.5,17.68,2.42,12.5
SIP_0021,SIP_0021: PURE_STOCKS | CLENOW_MOMENTU | 8Stk | VAN_THARP_3T,PURE_STOCKS,CLENOW_MOMENTUM,8,VAN_THARP_3TIER,13.58,16.3,-1.44,11.7,8.53,10.98,19.2,-17.69,2.56,14.5,19.19,0.38,6.2
SIP_0075,SIP_0075: PURE_STOCKS | MOM_HURDLE_20 | 8Stk | TIME_DECAY_M,PURE_STOCKS,MOM_HURDLE_20,8,TIME_DECAY_MOMENTUM,13.55,16.58,-1.16,11.9,13.11,15.56,30.0,-18.14,2.11,14.5,12.99,2.27,12.2
SIP_0484,SIP_0484: TACTICAL_MA | MOM_HURDLE_30 | 4Stk | DYNAMIC_ATR,TACTICAL_MACRO_80_20,MOM_HURDLE_30,4,DYNAMIC_ATR,13.51,17.53,-0.21,12.5,11.06,13.51,25.1,-15.51,4.74,14.5,14.29,2.74,13.4
SIP_0884,SIP_0884: MULTI_ASSET | MOM_HURDLE_30 | 4Stk | DYNAMIC_ATR,MULTI_ASSET_BALANCED,MOM_HURDLE_30,4,DYNAMIC_ATR,13.51,17.53,-0.21,12.5,11.06,13.51,25.1,-15.51,4.74,14.5,14.29,2.74,13.4
SIP_0684,SIP_0684: MOMENTUM_RO | MOM_HURDLE_30 | 4Stk | DYNAMIC_ATR,MOMENTUM_ROTATE_DYNAMIC,MOM_HURDLE_30,4,DYNAMIC_ATR,13.51,17.53,-0.21,12.5,11.06,13.51,25.1,-15.51,4.74,14.5,14.29,2.74,13.4
SIP_0982,SIP_0982: MULTI_ASSET | SECTOR_LEAD_AL | 4Stk | SMART_STEPLA,MULTI_ASSET_BALANCED,SECTOR_LEAD_ALPHA,4,SMART_STEPLADDER,13.5,19.72,1.98,14.0,10.04,12.49,22.8,-17.85,2.4,14.5,12.89,2.3,15.1
SIP_0782,SIP_0782: MOMENTUM_RO | SECTOR_LEAD_AL | 4Stk | SMART_STEPLA,MOMENTUM_ROTATE_DYNAMIC,SECTOR_LEAD_ALPHA,4,SMART_STEPLADDER,13.5,19.72,1.98,14.0,10.04,12.49,22.8,-17.85,2.4,14.5,12.89,2.3,15.1
SIP_0582,SIP_0582: TACTICAL_MA | SECTOR_LEAD_AL | 4Stk | SMART_STEPLA,TACTICAL_MACRO_80_20,SECTOR_LEAD_ALPHA,4,SMART_STEPLADDER,13.5,19.72,1.98,14.0,10.04,12.49,22.8,-17.85,2.4,14.5,12.89,2.3,15.1
SIP_0294,SIP_0294: TACTICAL_MA | MOM_HURDLE_30 | 6Stk | DYNAMIC_ATR,TACTICAL_MACRO_90_10,MOM_HURDLE_30,6,DYNAMIC_ATR,13.5,11.95,-5.8,8.7,13.56,16.01,31.1,-14.5,5.75,14.5,17.75,2.51,11.4
SIP_0814,SIP_0814: MULTI_ASSET | CLENOW_MOMENTU | 5Stk | DYNAMIC_ATR,MULTI_ASSET_BALANCED,CLENOW_MOMENTUM,5,DYNAMIC_ATR,13.47,21.91,4.16,15.4,8.52,10.97,19.2,-17.53,2.72,14.5,12.17,2.38,12.0
SIP_0614,SIP_0614: MOMENTUM_RO | CLENOW_MOMENTU | 5Stk | DYNAMIC_ATR,MOMENTUM_ROTATE_DYNAMIC,CLENOW_MOMENTUM,5,DYNAMIC_ATR,13.47,21.91,4.16,15.4,8.52,10.97,19.2,-17.53,2.72,14.5,12.17,2.38,12.0
SIP_0414,SIP_0414: TACTICAL_MA | CLENOW_MOMENTU | 5Stk | DYNAMIC_ATR,TACTICAL_MACRO_80_20,CLENOW_MOMENTUM,5,DYNAMIC_ATR,13.47,21.91,4.16,15.4,8.52,10.97,19.2,-17.53,2.72,14.5,12.17,2.38,12.0
SIP_0998,SIP_0998: MULTI_ASSET | SECTOR_LEAD_AL | 8Stk | ADAPTIVE_STR,MULTI_ASSET_BALANCED,SECTOR_LEAD_ALPHA,8,ADAPTIVE_STRUCTURAL,13.45,15.8,-1.95,11.3,11.15,13.6,25.4,-21.2,-0.95,14.5,15.95,2.35,9.5
SIP_0598,SIP_0598: TACTICAL_MA | SECTOR_LEAD_AL | 8Stk | ADAPTIVE_STR,TACTICAL_MACRO_80_20,SECTOR_LEAD_ALPHA,8,ADAPTIVE_STRUCTURAL,13.45,15.8,-1.95,11.3,11.15,13.6,25.4,-21.2,-0.95,14.5,15.95,2.35,9.5
SIP_0798,SIP_0798: MOMENTUM_RO | SECTOR_LEAD_AL | 8Stk | ADAPTIVE_STR,MOMENTUM_ROTATE_DYNAMIC,SECTOR_LEAD_ALPHA,8,ADAPTIVE_STRUCTURAL,13.45,15.8,-1.95,11.3,11.15,13.6,25.4,-21.2,-0.95,14.5,15.95,2.35,9.5
SIP_0455,SIP_0455: TACTICAL_MA | MOM_HURDLE_20 | 3Stk | TIME_DECAY_M,TACTICAL_MACRO_80_20,MOM_HURDLE_20,3,TIME_DECAY_MOMENTUM,13.42,18.18,0.43,12.9,7.03,9.48,15.8,-19.33,0.92,14.5,18.16,2.06,13.8
SIP_0655,SIP_0655: MOMENTUM_RO | MOM_HURDLE_20 | 3Stk | TIME_DECAY_M,MOMENTUM_ROTATE_DYNAMIC,MOM_HURDLE_20,3,TIME_DECAY_MOMENTUM,13.42,18.18,0.43,12.9,7.03,9.48,15.8,-19.33,0.92,14.5,18.16,2.06,13.8
SIP_0855,SIP_0855: MULTI_ASSET | MOM_HURDLE_20 | 3Stk | TIME_DECAY_M,MULTI_ASSET_BALANCED,MOM_HURDLE_20,3,TIME_DECAY_MOMENTUM,13.42,18.18,0.43,12.9,7.03,9.48,15.8,-19.33,0.92,14.5,18.16,2.06,13.8
SIP_0155,SIP_0155: PURE_STOCKS | 52W_HIGH_PROXI | 3Stk | TIME_DECAY_M,PURE_STOCKS,52W_HIGH_PROXIMITY,3,TIME_DECAY_MOMENTUM,13.41,12.5,-5.25,9.0,9.58,12.03,21.7,-21.35,-1.1,14.5,21.77,2.13,20.7
SIP_0379,SIP_0379: TACTICAL_MA | SECTOR_LEAD_AL | 3Stk | DYNAMIC_ATR,TACTICAL_MACRO_90_10,SECTOR_LEAD_ALPHA,3,DYNAMIC_ATR,13.39,18.55,0.81,13.2,8.96,11.41,20.2,-20.0,0.25,14.5,15.11,3.0,15.9
SIP_0993,SIP_0993: MULTI_ASSET | SECTOR_LEAD_AL | 6Stk | ADAPTIVE_STR,MULTI_ASSET_BALANCED,SECTOR_LEAD_ALPHA,6,ADAPTIVE_STRUCTURAL,13.32,14.89,-2.85,10.7,10.8,13.25,24.6,-17.51,2.74,14.5,16.8,1.99,13.0
SIP_0793,SIP_0793: MOMENTUM_RO | SECTOR_LEAD_AL | 6Stk | ADAPTIVE_STR,MOMENTUM_ROTATE_DYNAMIC,SECTOR_LEAD_ALPHA,6,ADAPTIVE_STRUCTURAL,13.32,14.89,-2.85,10.7,10.8,13.25,24.6,-17.51,2.74,14.5,16.8,1.99,13.0
SIP_0593,SIP_0593: TACTICAL_MA | SECTOR_LEAD_AL | 6Stk | ADAPTIVE_STR,TACTICAL_MACRO_80_20,SECTOR_LEAD_ALPHA,6,ADAPTIVE_STRUCTURAL,13.32,14.89,-2.85,10.7,10.8,13.25,24.6,-17.51,2.74,14.5,16.8,1.99,13.0
SIP_0487,SIP_0487: TACTICAL_MA | MOM_HURDLE_30 | 5Stk | SMART_STEPLA,TACTICAL_MACRO_80_20,MOM_HURDLE_30,5,SMART_STEPLADDER,13.3,13.75,-4.0,9.9,10.19,12.64,23.1,-16.83,3.42,14.5,18.86,2.12,12.8
SIP_0687,SIP_0687: MOMENTUM_RO | MOM_HURDLE_30 | 5Stk | SMART_STEPLA,MOMENTUM_ROTATE_DYNAMIC,MOM_HURDLE_30,5,SMART_STEPLADDER,13.3,13.75,-4.0,9.9,10.19,12.64,23.1,-16.83,3.42,14.5,18.86,2.12,12.8
SIP_0887,SIP_0887: MULTI_ASSET | MOM_HURDLE_30 | 5Stk | SMART_STEPLA,MULTI_ASSET_BALANCED,MOM_HURDLE_30,5,SMART_STEPLADDER,13.3,13.75,-4.0,9.9,10.19,12.64,23.1,-16.83,3.42,14.5,18.86,2.12,12.8
SIP_0377,SIP_0377: TACTICAL_MA | SECTOR_LEAD_AL | 3Stk | SMART_STEPLA,TACTICAL_MACRO_90_10,SECTOR_LEAD_ALPHA,3,SMART_STEPLADDER,13.28,16.43,-1.32,11.8,8.6,11.05,19.4,-17.77,2.48,14.5,17.46,2.31,16.3
SIP_0329,SIP_0329: TACTICAL_MA | MULTI_LOOKBACK | 3Stk | DYNAMIC_ATR,TACTICAL_MACRO_90_10,MULTI_LOOKBACK_BLEND,3,DYNAMIC_ATR,13.26,17.25,-0.5,12.3,12.28,14.73,28.1,-23.28,-3.03,14.5,11.88,2.28,17.9
SIP_0282,SIP_0282: TACTICAL_MA | MOM_HURDLE_30 | 4Stk | SMART_STEPLA,TACTICAL_MACRO_90_10,MOM_HURDLE_30,4,SMART_STEPLADDER,13.23,18.95,1.2,13.5,9.71,12.16,22.0,-16.42,3.83,14.5,12.85,2.25,12.4
SIP_0004,SIP_0004: PURE_STOCKS | CLENOW_MOMENTU | 3Stk | DYNAMIC_ATR,PURE_STOCKS,CLENOW_MOMENTUM,3,DYNAMIC_ATR,13.22,21.21,3.46,15.0,15.19,17.64,35.0,-18.25,2.0,14.5,3.3,1.45,13.9
SIP_0983,SIP_0983: MULTI_ASSET | SECTOR_LEAD_AL | 4Stk | ADAPTIVE_STR,MULTI_ASSET_BALANCED,SECTOR_LEAD_ALPHA,4,ADAPTIVE_STRUCTURAL,13.22,19.2,1.45,13.6,9.41,11.86,21.3,-17.14,3.11,14.5,12.96,2.15,13.8
SIP_0583,SIP_0583: TACTICAL_MA | SECTOR_LEAD_AL | 4Stk | ADAPTIVE_STR,TACTICAL_MACRO_80_20,SECTOR_LEAD_ALPHA,4,ADAPTIVE_STRUCTURAL,13.22,19.2,1.45,13.6,9.41,11.86,21.3,-17.14,3.11,14.5,12.96,2.15,13.8
SIP_0783,SIP_0783: MOMENTUM_RO | SECTOR_LEAD_AL | 4Stk | ADAPTIVE_STR,MOMENTUM_ROTATE_DYNAMIC,SECTOR_LEAD_ALPHA,4,ADAPTIVE_STRUCTURAL,13.22,19.2,1.45,13.6,9.41,11.86,21.3,-17.14,3.11,14.5,12.96,2.15,13.8
SIP_0380,SIP_0380: TACTICAL_MA | SECTOR_LEAD_AL | 3Stk | TIME_DECAY_M,TACTICAL_MACRO_90_10,SECTOR_LEAD_ALPHA,3,TIME_DECAY_MOMENTUM,13.2,17.56,-0.19,12.5,7.08,9.53,15.9,-19.33,0.92,14.5,17.7,2.15,13.7
SIP_0076,SIP_0076: PURE_STOCKS | MOM_HURDLE_30 | 3Stk | VAN_THARP_3T,PURE_STOCKS,MOM_HURDLE_30,3,VAN_THARP_3TIER,13.2,8.61,-9.13,6.3,14.5,16.95,33.4,-17.5,2.75,14.5,19.3,0.3,12.8
SIP_0013,SIP_0013: PURE_STOCKS | CLENOW_MOMENTU | 5Stk | ADAPTIVE_STR,PURE_STOCKS,CLENOW_MOMENTUM,5,ADAPTIVE_STRUCTURAL,13.18,13.2,-4.55,9.5,13.42,15.87,30.8,-18.01,2.24,14.5,14.92,2.02,8.9
SIP_0097,SIP_0097: PURE_STOCKS | MOM_HURDLE_30 | 8Stk | SMART_STEPLA,PURE_STOCKS,MOM_HURDLE_30,8,SMART_STEPLADDER,13.18,14.29,-3.46,10.3,10.96,13.41,24.9,-16.54,3.71,14.5,16.62,2.69,13.5
SIP_0085,SIP_0085: PURE_STOCKS | MOM_HURDLE_30 | 4Stk | TIME_DECAY_M,PURE_STOCKS,MOM_HURDLE_30,4,TIME_DECAY_MOMENTUM,13.16,22.59,4.85,15.9,7.78,10.23,17.5,-16.17,4.08,14.5,10.7,2.18,12.6
SIP_0788,SIP_0788: MOMENTUM_RO | SECTOR_LEAD_AL | 5Stk | ADAPTIVE_STR,MOMENTUM_ROTATE_DYNAMIC,SECTOR_LEAD_ALPHA,5,ADAPTIVE_STRUCTURAL,13.1,13.98,-3.77,10.1,9.85,12.3,22.3,-18.49,1.76,14.5,17.97,1.99,14.7
SIP_0988,SIP_0988: MULTI_ASSET | SECTOR_LEAD_AL | 5Stk | ADAPTIVE_STR,MULTI_ASSET_BALANCED,SECTOR_LEAD_ALPHA,5,ADAPTIVE_STRUCTURAL,13.1,13.98,-3.77,10.1,9.85,12.3,22.3,-18.49,1.76,14.5,17.97,1.99,14.7
SIP_0588,SIP_0588: TACTICAL_MA | SECTOR_LEAD_AL | 5Stk | ADAPTIVE_STR,TACTICAL_MACRO_80_20,SECTOR_LEAD_ALPHA,5,ADAPTIVE_STRUCTURAL,13.1,13.98,-3.77,10.1,9.85,12.3,22.3,-18.49,1.76,14.5,17.97,1.99,14.7
SIP_0259,SIP_0259: TACTICAL_MA | MOM_HURDLE_20 | 4Stk | DYNAMIC_ATR,TACTICAL_MACRO_90_10,MOM_HURDLE_20,4,DYNAMIC_ATR,13.09,13.94,-3.81,10.0,12.9,15.35,29.5,-16.37,3.88,14.5,14.27,2.69,15.7
SIP_0080,SIP_0080: PURE_STOCKS | MOM_HURDLE_30 | 3Stk | TIME_DECAY_M,PURE_STOCKS,MOM_HURDLE_30,3,TIME_DECAY_MOMENTUM,13.09,13.66,-4.09,9.8,9.97,12.42,22.6,-19.33,0.92,14.5,18.25,2.01,14.2
SIP_0334,SIP_0334: TACTICAL_MA | MULTI_LOOKBACK | 4Stk | DYNAMIC_ATR,TACTICAL_MACRO_90_10,MULTI_LOOKBACK_BLEND,4,DYNAMIC_ATR,13.03,14.65,-3.1,10.5,13.08,15.53,30.0,-20.9,-0.65,14.5,12.88,2.04,16.2
SIP_0894,SIP_0894: MULTI_ASSET | MOM_HURDLE_30 | 6Stk | DYNAMIC_ATR,MULTI_ASSET_BALANCED,MOM_HURDLE_30,6,DYNAMIC_ATR,12.97,10.72,-7.02,7.8,12.77,15.22,29.2,-14.5,5.75,14.5,17.67,2.51,11.2
SIP_0494,SIP_0494: TACTICAL_MA | MOM_HURDLE_30 | 6Stk | DYNAMIC_ATR,TACTICAL_MACRO_80_20,MOM_HURDLE_30,6,DYNAMIC_ATR,12.97,10.72,-7.02,7.8,12.77,15.22,29.2,-14.5,5.75,14.5,17.67,2.51,11.2
SIP_0694,SIP_0694: MOMENTUM_RO | MOM_HURDLE_30 | 6Stk | DYNAMIC_ATR,MOMENTUM_ROTATE_DYNAMIC,MOM_HURDLE_30,6,DYNAMIC_ATR,12.97,10.72,-7.02,7.8,12.77,15.22,29.2,-14.5,5.75,14.5,17.67,2.51,11.2
SIP_0073,SIP_0073: PURE_STOCKS | MOM_HURDLE_20 | 8Stk | ADAPTIVE_STR,PURE_STOCKS,MOM_HURDLE_20,8,ADAPTIVE_STRUCTURAL,12.94,8.77,-8.98,6.4,15.74,18.19,36.4,-21.2,-0.95,14.5,16.27,2.39,11.3
SIP_0289,SIP_0289: TACTICAL_MA | MOM_HURDLE_30 | 5Stk | DYNAMIC_ATR,TACTICAL_MACRO_90_10,MOM_HURDLE_30,5,DYNAMIC_ATR,12.93,11.56,-6.18,8.4,13.35,15.8,30.6,-15.51,4.74,14.5,15.7,2.42,12.6
SIP_0139,SIP_0139: PURE_STOCKS | MULTI_LOOKBACK | 5Stk | DYNAMIC_ATR,PURE_STOCKS,MULTI_LOOKBACK_BLEND,5,DYNAMIC_ATR,12.77,15.63,-2.12,11.2,10.55,13.0,24.0,-19.06,1.19,14.5,13.5,2.0,13.1
SIP_0395,SIP_0395: TACTICAL_MA | SECTOR_LEAD_AL | 6Stk | TIME_DECAY_M,TACTICAL_MACRO_90_10,SECTOR_LEAD_ALPHA,6,TIME_DECAY_MOMENTUM,12.77,14.76,-2.99,10.6,10.55,13.0,24.0,-18.26,1.99,14.5,14.57,2.38,14.8
SIP_0160,SIP_0160: PURE_STOCKS | 52W_HIGH_PROXI | 4Stk | TIME_DECAY_M,PURE_STOCKS,52W_HIGH_PROXIMITY,4,TIME_DECAY_MOMENTUM,12.72,11.18,-6.57,8.1,11.52,13.97,26.2,-13.36,6.89,14.5,17.44,2.24,12.6
SIP_0579,SIP_0579: TACTICAL_MA | SECTOR_LEAD_AL | 3Stk | DYNAMIC_ATR,TACTICAL_MACRO_80_20,SECTOR_LEAD_ALPHA,3,DYNAMIC_ATR,12.71,16.67,-1.08,11.9,8.03,10.48,18.1,-20.0,0.25,14.5,15.11,3.0,15.8
SIP_0979,SIP_0979: MULTI_ASSET | SECTOR_LEAD_AL | 3Stk | DYNAMIC_ATR,MULTI_ASSET_BALANCED,SECTOR_LEAD_ALPHA,3,DYNAMIC_ATR,12.71,16.67,-1.08,11.9,8.03,10.48,18.1,-20.0,0.25,14.5,15.11,3.0,15.8
SIP_0779,SIP_0779: MOMENTUM_RO | SECTOR_LEAD_AL | 3Stk | DYNAMIC_ATR,MOMENTUM_ROTATE_DYNAMIC,SECTOR_LEAD_ALPHA,3,DYNAMIC_ATR,12.71,16.67,-1.08,11.9,8.03,10.48,18.1,-20.0,0.25,14.5,15.11,3.0,15.8
SIP_0729,SIP_0729: MOMENTUM_RO | MULTI_LOOKBACK | 3Stk | DYNAMIC_ATR,MOMENTUM_ROTATE_DYNAMIC,MULTI_LOOKBACK_BLEND,3,DYNAMIC_ATR,12.63,15.43,-2.32,11.1,11.44,13.89,26.1,-23.28,-3.03,14.5,11.88,2.28,17.8
SIP_0929,SIP_0929: MULTI_ASSET | MULTI_LOOKBACK | 3Stk | DYNAMIC_ATR,MULTI_ASSET_BALANCED,MULTI_LOOKBACK_BLEND,3,DYNAMIC_ATR,12.63,15.43,-2.32,11.1,11.44,13.89,26.1,-23.28,-3.03,14.5,11.88,2.28,17.8
SIP_0529,SIP_0529: TACTICAL_MA | MULTI_LOOKBACK | 3Stk | DYNAMIC_ATR,TACTICAL_MACRO_80_20,MULTI_LOOKBACK_BLEND,3,DYNAMIC_ATR,12.63,15.43,-2.32,11.1,11.44,13.89,26.1,-23.28,-3.03,14.5,11.88,2.28,17.8
SIP_0682,SIP_0682: MOMENTUM_RO | MOM_HURDLE_30 | 4Stk | SMART_STEPLA,MOMENTUM_ROTATE_DYNAMIC,MOM_HURDLE_30,4,SMART_STEPLADDER,12.61,17.26,-0.48,12.3,8.87,11.32,20.0,-16.42,3.83,14.5,12.89,2.25,12.3
SIP_0882,SIP_0882: MULTI_ASSET | MOM_HURDLE_30 | 4Stk | SMART_STEPLA,MULTI_ASSET_BALANCED,MOM_HURDLE_30,4,SMART_STEPLADDER,12.61,17.26,-0.48,12.3,8.87,11.32,20.0,-16.42,3.83,14.5,12.89,2.25,12.3
SIP_0482,SIP_0482: TACTICAL_MA | MOM_HURDLE_30 | 4Stk | SMART_STEPLA,TACTICAL_MACRO_80_20,MOM_HURDLE_30,4,SMART_STEPLADDER,12.61,17.26,-0.48,12.3,8.87,11.32,20.0,-16.42,3.83,14.5,12.89,2.25,12.3
SIP_0224,SIP_0224: TACTICAL_MA | CLENOW_MOMENTU | 8Stk | DYNAMIC_ATR,TACTICAL_MACRO_90_10,CLENOW_MOMENTUM,8,DYNAMIC_ATR,12.61,13.92,-3.83,10.0,10.48,12.93,23.8,-17.6,2.65,14.5,14.88,2.47,11.9
SIP_0459,SIP_0459: TACTICAL_MA | MOM_HURDLE_20 | 4Stk | DYNAMIC_ATR,TACTICAL_MACRO_80_20,MOM_HURDLE_20,4,DYNAMIC_ATR,12.56,12.54,-5.2,9.1,12.02,14.47,27.4,-16.37,3.88,14.5,14.29,2.69,15.6
SIP_0859,SIP_0859: MULTI_ASSET | MOM_HURDLE_20 | 4Stk | DYNAMIC_ATR,MULTI_ASSET_BALANCED,MOM_HURDLE_20,4,DYNAMIC_ATR,12.56,12.54,-5.2,9.1,12.02,14.47,27.4,-16.37,3.88,14.5,14.29,2.69,15.6
SIP_0659,SIP_0659: MOMENTUM_RO | MOM_HURDLE_20 | 4Stk | DYNAMIC_ATR,MOMENTUM_ROTATE_DYNAMIC,MOM_HURDLE_20,4,DYNAMIC_ATR,12.56,12.54,-5.2,9.1,12.02,14.47,27.4,-16.37,3.88,14.5,14.29,2.69,15.6
SIP_0580,SIP_0580: TACTICAL_MA | SECTOR_LEAD_AL | 3Stk | TIME_DECAY_M,TACTICAL_MACRO_80_20,SECTOR_LEAD_ALPHA,3,TIME_DECAY_MOMENTUM,12.52,15.42,-2.32,11.1,6.35,8.8,14.2,-19.33,0.92,14.5,17.68,2.15,13.7
SIP_0254,SIP_0254: TACTICAL_MA | MOM_HURDLE_20 | 3Stk | DYNAMIC_ATR,TACTICAL_MACRO_90_10,MOM_HURDLE_20,3,DYNAMIC_ATR,12.52,13.1,-4.65,9.5,8.96,11.41,20.2,-17.01,3.24,14.5,17.23,2.88,16.1
SIP_0980,SIP_0980: MULTI_ASSET | SECTOR_LEAD_AL | 3Stk | TIME_DECAY_M,MULTI_ASSET_BALANCED,SECTOR_LEAD_ALPHA,3,TIME_DECAY_MOMENTUM,12.52,15.42,-2.32,11.1,6.35,8.8,14.2,-19.33,0.92,14.5,17.68,2.15,13.7
SIP_0780,SIP_0780: MOMENTUM_RO | SECTOR_LEAD_AL | 3Stk | TIME_DECAY_M,MOMENTUM_ROTATE_DYNAMIC,SECTOR_LEAD_ALPHA,3,TIME_DECAY_MOMENTUM,12.52,15.42,-2.32,11.1,6.35,8.8,14.2,-19.33,0.92,14.5,17.68,2.15,13.7
SIP_0689,SIP_0689: MOMENTUM_RO | MOM_HURDLE_30 | 5Stk | DYNAMIC_ATR,MOMENTUM_ROTATE_DYNAMIC,MOM_HURDLE_30,5,DYNAMIC_ATR,12.47,10.4,-7.34,7.6,12.61,15.06,28.8,-15.51,4.74,14.5,15.72,2.42,12.5
SIP_0977,SIP_0977: MULTI_ASSET | SECTOR_LEAD_AL | 3Stk | SMART_STEPLA,MULTI_ASSET_BALANCED,SECTOR_LEAD_ALPHA,3,SMART_STEPLADDER,12.47,14.1,-3.65,10.2,7.62,10.07,17.1,-17.77,2.48,14.5,17.41,2.31,16.2
SIP_0777,SIP_0777: MOMENTUM_RO | SECTOR_LEAD_AL | 3Stk | SMART_STEPLA,MOMENTUM_ROTATE_DYNAMIC,SECTOR_LEAD_ALPHA,3,SMART_STEPLADDER,12.47,14.1,-3.65,10.2,7.62,10.07,17.1,-17.77,2.48,14.5,17.41,2.31,16.2
SIP_0889,SIP_0889: MULTI_ASSET | MOM_HURDLE_30 | 5Stk | DYNAMIC_ATR,MULTI_ASSET_BALANCED,MOM_HURDLE_30,5,DYNAMIC_ATR,12.47,10.4,-7.34,7.6,12.61,15.06,28.8,-15.51,4.74,14.5,15.72,2.42,12.5
SIP_0577,SIP_0577: TACTICAL_MA | SECTOR_LEAD_AL | 3Stk | SMART_STEPLA,TACTICAL_MACRO_80_20,SECTOR_LEAD_ALPHA,3,SMART_STEPLADDER,12.47,14.1,-3.65,10.2,7.62,10.07,17.1,-17.77,2.48,14.5,17.41,2.31,16.2
SIP_0489,SIP_0489: TACTICAL_MA | MOM_HURDLE_30 | 5Stk | DYNAMIC_ATR,TACTICAL_MACRO_80_20,MOM_HURDLE_30,5,DYNAMIC_ATR,12.47,10.4,-7.34,7.6,12.61,15.06,28.8,-15.51,4.74,14.5,15.72,2.42,12.5
SIP_0934,SIP_0934: MULTI_ASSET | MULTI_LOOKBACK | 4Stk | DYNAMIC_ATR,MULTI_ASSET_BALANCED,MULTI_LOOKBACK_BLEND,4,DYNAMIC_ATR,12.45,12.67,-5.08,9.2,12.48,14.93,28.5,-20.9,-0.65,14.5,12.98,2.04,16.1
SIP_0734,SIP_0734: MOMENTUM_RO | MULTI_LOOKBACK | 4Stk | DYNAMIC_ATR,MOMENTUM_ROTATE_DYNAMIC,MULTI_LOOKBACK_BLEND,4,DYNAMIC_ATR,12.45,12.67,-5.08,9.2,12.48,14.93,28.5,-20.9,-0.65,14.5,12.98,2.04,16.1
SIP_0534,SIP_0534: TACTICAL_MA | MULTI_LOOKBACK | 4Stk | DYNAMIC_ATR,TACTICAL_MACRO_80_20,MULTI_LOOKBACK_BLEND,4,DYNAMIC_ATR,12.45,12.67,-5.08,9.2,12.48,14.93,28.5,-20.9,-0.65,14.5,12.98,2.04,16.1
SIP_0216,SIP_0216: TACTICAL_MA | CLENOW_MOMENTU | 6Stk | VAN_THARP_3T,TACTICAL_MACRO_90_10,CLENOW_MOMENTUM,6,VAN_THARP_3TIER,12.42,16.92,-0.83,12.1,8.16,10.61,18.4,-17.29,2.96,14.5,13.17,0.38,8.0
SIP_0012,SIP_0012: PURE_STOCKS | CLENOW_MOMENTU | 5Stk | SMART_STEPLA,PURE_STOCKS,CLENOW_MOMENTUM,5,SMART_STEPLADDER,12.38,15.19,-2.56,10.9,9.48,11.93,21.4,-17.31,2.94,14.5,13.43,1.84,11.0
SIP_0355,SIP_0355: TACTICAL_MA | 52W_HIGH_PROXI | 3Stk | TIME_DECAY_M,TACTICAL_MACRO_90_10,52W_HIGH_PROXIMITY,3,TIME_DECAY_MOMENTUM,12.35,9.48,-8.26,6.9,8.48,10.93,19.1,-21.35,-1.1,14.5,21.52,2.13,20.3
SIP_0385,SIP_0385: TACTICAL_MA | SECTOR_LEAD_AL | 4Stk | TIME_DECAY_M,TACTICAL_MACRO_90_10,SECTOR_LEAD_ALPHA,4,TIME_DECAY_MOMENTUM,12.33,20.66,2.91,14.6,6.2,8.65,13.9,-18.58,1.67,14.5,10.78,2.2,13.7
SIP_0126,SIP_0126: PURE_STOCKS | MULTI_LOOKBACK | 3Stk | VAN_THARP_3T,PURE_STOCKS,MULTI_LOOKBACK_BLEND,3,VAN_THARP_3TIER,12.22,7.46,-10.28,5.5,16.38,18.83,38.0,-23.08,-2.82,14.5,13.42,0.3,15.3
SIP_0260,SIP_0260: TACTICAL_MA | MOM_HURDLE_20 | 4Stk | TIME_DECAY_M,TACTICAL_MACRO_90_10,MOM_HURDLE_20,4,TIME_DECAY_MOMENTUM,12.21,19.01,1.26,13.5,7.25,9.7,16.3,-15.56,4.69,14.5,10.78,2.15,14.8
SIP_0299,SIP_0299: TACTICAL_MA | MOM_HURDLE_30 | 8Stk | DYNAMIC_ATR,TACTICAL_MACRO_90_10,MOM_HURDLE_30,8,DYNAMIC_ATR,12.2,6.48,-11.27,4.8,13.05,15.5,29.9,-13.9,6.35,14.5,18.71,2.39,10.1
SIP_0018,SIP_0018: PURE_STOCKS | CLENOW_MOMENTU | 6Stk | ADAPTIVE_STR,PURE_STOCKS,CLENOW_MOMENTUM,6,ADAPTIVE_STRUCTURAL,12.2,11.89,-5.86,8.6,11.53,13.98,26.3,-18.13,2.12,14.5,13.96,1.79,10.1
SIP_0161,SIP_0161: PURE_STOCKS | 52W_HIGH_PROXI | 5Stk | VAN_THARP_3T,PURE_STOCKS,52W_HIGH_PROXIMITY,5,VAN_THARP_3TIER,12.16,18.31,0.56,13.0,0.69,3.14,1.5,-13.56,6.69,14.5,19.61,0.35,4.6
SIP_0219,SIP_0219: TACTICAL_MA | CLENOW_MOMENTU | 6Stk | DYNAMIC_ATR,TACTICAL_MACRO_90_10,CLENOW_MOMENTUM,6,DYNAMIC_ATR,12.13,15.36,-2.39,11.0,10.25,12.7,23.2,-17.67,2.58,14.5,11.03,2.24,12.7
SIP_0624,SIP_0624: MOMENTUM_RO | CLENOW_MOMENTU | 8Stk | DYNAMIC_ATR,MOMENTUM_ROTATE_DYNAMIC,CLENOW_MOMENTUM,8,DYNAMIC_ATR,12.1,12.73,-5.01,9.2,9.62,12.07,21.8,-17.6,2.65,14.5,14.81,2.47,11.8
SIP_0824,SIP_0824: MULTI_ASSET | CLENOW_MOMENTU | 8Stk | DYNAMIC_ATR,MULTI_ASSET_BALANCED,CLENOW_MOMENTUM,8,DYNAMIC_ATR,12.1,12.73,-5.01,9.2,9.62,12.07,21.8,-17.6,2.65,14.5,14.81,2.47,11.8
SIP_0424,SIP_0424: TACTICAL_MA | CLENOW_MOMENTU | 8Stk | DYNAMIC_ATR,TACTICAL_MACRO_80_20,CLENOW_MOMENTUM,8,DYNAMIC_ATR,12.1,12.73,-5.01,9.2,9.62,12.07,21.8,-17.6,2.65,14.5,14.81,2.47,11.8
SIP_0222,SIP_0222: TACTICAL_MA | CLENOW_MOMENTU | 8Stk | SMART_STEPLA,TACTICAL_MACRO_90_10,CLENOW_MOMENTUM,8,SMART_STEPLADDER,12.09,11.92,-5.83,8.6,7.95,10.4,17.9,-17.85,2.4,14.5,17.91,1.91,12.0
SIP_0270,SIP_0270: TACTICAL_MA | MOM_HURDLE_20 | 6Stk | TIME_DECAY_M,TACTICAL_MACRO_90_10,MOM_HURDLE_20,6,TIME_DECAY_MOMENTUM,12.09,11.62,-6.12,8.4,10.9,13.35,24.8,-18.13,2.12,14.5,14.57,2.28,13.1
SIP_0277,SIP_0277: TACTICAL_MA | MOM_HURDLE_30 | 3Stk | SMART_STEPLA,TACTICAL_MACRO_90_10,MOM_HURDLE_30,3,SMART_STEPLADDER,12.08,9.34,-8.41,6.8,9.82,12.27,22.2,-17.77,2.48,14.5,18.64,2.14,14.2
SIP_0067,SIP_0067: PURE_STOCKS | MOM_HURDLE_20 | 6Stk | SMART_STEPLA,PURE_STOCKS,MOM_HURDLE_20,6,SMART_STEPLADDER,12.08,2.45,-15.3,1.8,17.93,20.38,41.8,-18.7,1.55,14.5,17.27,2.34,13.6
SIP_0221,SIP_0221: TACTICAL_MA | CLENOW_MOMENTU | 8Stk | VAN_THARP_3T,TACTICAL_MACRO_90_10,CLENOW_MOMENTUM,8,VAN_THARP_3TIER,12.07,12.09,-5.66,8.8,7.02,9.47,15.7,-17.69,2.56,14.5,18.59,0.38,6.0
SIP_0755,SIP_0755: MOMENTUM_RO | 52W_HIGH_PROXI | 3Stk | TIME_DECAY_M,MOMENTUM_ROTATE_DYNAMIC,52W_HIGH_PROXIMITY,3,TIME_DECAY_MOMENTUM,12.04,8.58,-9.16,6.3,8.17,10.62,18.4,-21.35,-1.1,14.5,21.42,2.13,20.2
SIP_0955,SIP_0955: MULTI_ASSET | 52W_HIGH_PROXI | 3Stk | TIME_DECAY_M,MULTI_ASSET_BALANCED,52W_HIGH_PROXIMITY,3,TIME_DECAY_MOMENTUM,12.04,8.58,-9.16,6.3,8.17,10.62,18.4,-21.35,-1.1,14.5,21.42,2.13,20.2
SIP_0555,SIP_0555: TACTICAL_MA | 52W_HIGH_PROXI | 3Stk | TIME_DECAY_M,TACTICAL_MACRO_80_20,52W_HIGH_PROXIMITY,3,TIME_DECAY_MOMENTUM,12.04,8.58,-9.16,6.3,8.17,10.62,18.4,-21.35,-1.1,14.5,21.42,2.13,20.2
SIP_0995,SIP_0995: MULTI_ASSET | SECTOR_LEAD_AL | 6Stk | TIME_DECAY_M,MULTI_ASSET_BALANCED,SECTOR_LEAD_ALPHA,6,TIME_DECAY_MOMENTUM,11.99,12.58,-5.17,9.1,9.56,12.01,21.6,-18.26,1.99,14.5,14.53,2.38,14.7
SIP_0595,SIP_0595: TACTICAL_MA | SECTOR_LEAD_AL | 6Stk | TIME_DECAY_M,TACTICAL_MACRO_80_20,SECTOR_LEAD_ALPHA,6,TIME_DECAY_MOMENTUM,11.99,12.58,-5.17,9.1,9.56,12.01,21.6,-18.26,1.99,14.5,14.53,2.38,14.7
SIP_0795,SIP_0795: MOMENTUM_RO | SECTOR_LEAD_AL | 6Stk | TIME_DECAY_M,MOMENTUM_ROTATE_DYNAMIC,SECTOR_LEAD_ALPHA,6,TIME_DECAY_MOMENTUM,11.99,12.58,-5.17,9.1,9.56,12.01,21.6,-18.26,1.99,14.5,14.53,2.38,14.7
SIP_0292,SIP_0292: TACTICAL_MA | MOM_HURDLE_30 | 6Stk | SMART_STEPLA,TACTICAL_MACRO_90_10,MOM_HURDLE_30,6,SMART_STEPLADDER,11.99,9.87,-7.88,7.2,9.88,12.33,22.4,-16.51,3.75,14.5,17.43,2.42,12.2
SIP_0816,SIP_0816: MULTI_ASSET | CLENOW_MOMENTU | 6Stk | VAN_THARP_3T,MULTI_ASSET_BALANCED,CLENOW_MOMENTUM,6,VAN_THARP_3TIER,11.98,15.64,-2.11,11.2,7.53,9.98,16.9,-17.29,2.96,14.5,13.34,0.38,7.9
SIP_0416,SIP_0416: TACTICAL_MA | CLENOW_MOMENTU | 6Stk | VAN_THARP_3T,TACTICAL_MACRO_80_20,CLENOW_MOMENTUM,6,VAN_THARP_3TIER,11.98,15.64,-2.11,11.2,7.53,9.98,16.9,-17.29,2.96,14.5,13.34,0.38,7.9
SIP_0616,SIP_0616: MOMENTUM_RO | CLENOW_MOMENTU | 6Stk | VAN_THARP_3T,MOMENTUM_ROTATE_DYNAMIC,CLENOW_MOMENTUM,6,VAN_THARP_3TIER,11.98,15.64,-2.11,11.2,7.53,9.98,16.9,-17.29,2.96,14.5,13.34,0.38,7.9
SIP_0390,SIP_0390: TACTICAL_MA | SECTOR_LEAD_AL | 5Stk | TIME_DECAY_M,TACTICAL_MACRO_90_10,SECTOR_LEAD_ALPHA,5,TIME_DECAY_MOMENTUM,11.95,15.94,-1.81,11.4,8.68,11.13,19.6,-18.63,1.62,14.5,11.41,2.18,15.2
SIP_0654,SIP_0654: MOMENTUM_RO | MOM_HURDLE_20 | 3Stk | DYNAMIC_ATR,MOMENTUM_ROTATE_DYNAMIC,MOM_HURDLE_20,3,DYNAMIC_ATR,11.94,11.69,-6.06,8.5,8.03,10.48,18.1,-17.01,3.24,14.5,17.23,2.88,16.0
SIP_0454,SIP_0454: TACTICAL_MA | MOM_HURDLE_20 | 3Stk | DYNAMIC_ATR,TACTICAL_MACRO_80_20,MOM_HURDLE_20,3,DYNAMIC_ATR,11.94,11.69,-6.06,8.5,8.03,10.48,18.1,-17.01,3.24,14.5,17.23,2.88,16.0
SIP_0854,SIP_0854: MULTI_ASSET | MOM_HURDLE_20 | 3Stk | DYNAMIC_ATR,MULTI_ASSET_BALANCED,MOM_HURDLE_20,3,DYNAMIC_ATR,11.94,11.69,-6.06,8.5,8.03,10.48,18.1,-17.01,3.24,14.5,17.23,2.88,16.0
SIP_0265,SIP_0265: TACTICAL_MA | MOM_HURDLE_20 | 5Stk | TIME_DECAY_M,TACTICAL_MACRO_90_10,MOM_HURDLE_20,5,TIME_DECAY_MOMENTUM,11.89,14.91,-2.83,10.7,9.42,11.87,21.3,-18.12,2.13,14.5,11.41,2.16,14.0
SIP_0169,SIP_0169: PURE_STOCKS | 52W_HIGH_PROXI | 6Stk | DYNAMIC_ATR,PURE_STOCKS,52W_HIGH_PROXIMITY,6,DYNAMIC_ATR,11.88,15.97,-1.78,11.4,3.93,6.38,8.7,-14.39,5.86,14.5,16.95,2.87,11.4
SIP_0204,SIP_0204: TACTICAL_MA | CLENOW_MOMENTU | 3Stk | DYNAMIC_ATR,TACTICAL_MACRO_90_10,CLENOW_MOMENTUM,3,DYNAMIC_ATR,11.73,17.01,-0.74,12.2,13.1,15.55,30.0,-18.25,2.0,14.5,3.36,1.45,13.6
SIP_0821,SIP_0821: MULTI_ASSET | CLENOW_MOMENTU | 8Stk | VAN_THARP_3T,MULTI_ASSET_BALANCED,CLENOW_MOMENTUM,8,VAN_THARP_3TIER,11.7,11.01,-6.73,8.0,6.73,9.18,15.1,-17.69,2.56,14.5,18.5,0.38,5.9
SIP_0421,SIP_0421: TACTICAL_MA | CLENOW_MOMENTU | 8Stk | VAN_THARP_3T,TACTICAL_MACRO_80_20,CLENOW_MOMENTUM,8,VAN_THARP_3TIER,11.7,11.01,-6.73,8.0,6.73,9.18,15.1,-17.69,2.56,14.5,18.5,0.38,5.9
SIP_0621,SIP_0621: MOMENTUM_RO | CLENOW_MOMENTU | 8Stk | VAN_THARP_3T,MOMENTUM_ROTATE_DYNAMIC,CLENOW_MOMENTUM,8,VAN_THARP_3TIER,11.7,11.01,-6.73,8.0,6.73,9.18,15.1,-17.69,2.56,14.5,18.5,0.38,5.9
SIP_0499,SIP_0499: TACTICAL_MA | MOM_HURDLE_30 | 8Stk | DYNAMIC_ATR,TACTICAL_MACRO_80_20,MOM_HURDLE_30,8,DYNAMIC_ATR,11.69,5.42,-12.33,4.0,12.17,14.62,27.8,-13.9,6.35,14.5,18.66,2.39,10.1
SIP_0899,SIP_0899: MULTI_ASSET | MOM_HURDLE_30 | 8Stk | DYNAMIC_ATR,MULTI_ASSET_BALANCED,MOM_HURDLE_30,8,DYNAMIC_ATR,11.69,5.42,-12.33,4.0,12.17,14.62,27.8,-13.9,6.35,14.5,18.66,2.39,10.1
SIP_0699,SIP_0699: MOMENTUM_RO | MOM_HURDLE_30 | 8Stk | DYNAMIC_ATR,MOMENTUM_ROTATE_DYNAMIC,MOM_HURDLE_30,8,DYNAMIC_ATR,11.69,5.42,-12.33,4.0,12.17,14.62,27.8,-13.9,6.35,14.5,18.66,2.39,10.1
SIP_0090,SIP_0090: PURE_STOCKS | MOM_HURDLE_30 | 5Stk | TIME_DECAY_M,PURE_STOCKS,MOM_HURDLE_30,5,TIME_DECAY_MOMENTUM,11.66,15.19,-2.56,10.9,8.24,10.69,18.6,-15.8,4.45,14.5,11.34,2.16,13.1
SIP_0819,SIP_0819: MULTI_ASSET | CLENOW_MOMENTU | 6Stk | DYNAMIC_ATR,MULTI_ASSET_BALANCED,CLENOW_MOMENTUM,6,DYNAMIC_ATR,11.65,14.14,-3.61,10.2,9.52,11.97,21.5,-17.67,2.58,14.5,10.94,2.24,12.7
SIP_0619,SIP_0619: MOMENTUM_RO | CLENOW_MOMENTU | 6Stk | DYNAMIC_ATR,MOMENTUM_ROTATE_DYNAMIC,CLENOW_MOMENTUM,6,DYNAMIC_ATR,11.65,14.14,-3.61,10.2,9.52,11.97,21.5,-17.67,2.58,14.5,10.94,2.24,12.7
SIP_0419,SIP_0419: TACTICAL_MA | CLENOW_MOMENTU | 6Stk | DYNAMIC_ATR,TACTICAL_MACRO_80_20,CLENOW_MOMENTUM,6,DYNAMIC_ATR,11.65,14.14,-3.61,10.2,9.52,11.97,21.5,-17.67,2.58,14.5,10.94,2.24,12.7
SIP_0585,SIP_0585: TACTICAL_MA | SECTOR_LEAD_AL | 4Stk | TIME_DECAY_M,TACTICAL_MACRO_80_20,SECTOR_LEAD_ALPHA,4,TIME_DECAY_MOMENTUM,11.64,18.41,0.66,13.1,5.5,7.95,12.2,-18.58,1.67,14.5,10.82,2.2,13.6
SIP_0785,SIP_0785: MOMENTUM_RO | SECTOR_LEAD_AL | 4Stk | TIME_DECAY_M,MOMENTUM_ROTATE_DYNAMIC,SECTOR_LEAD_ALPHA,4,TIME_DECAY_MOMENTUM,11.64,18.41,0.66,13.1,5.5,7.95,12.2,-18.58,1.67,14.5,10.82,2.2,13.6
SIP_0985,SIP_0985: MULTI_ASSET | SECTOR_LEAD_AL | 4Stk | TIME_DECAY_M,MULTI_ASSET_BALANCED,SECTOR_LEAD_ALPHA,4,TIME_DECAY_MOMENTUM,11.64,18.41,0.66,13.1,5.5,7.95,12.2,-18.58,1.67,14.5,10.82,2.2,13.6
SIP_0017,SIP_0017: PURE_STOCKS | CLENOW_MOMENTU | 6Stk | SMART_STEPLA,PURE_STOCKS,CLENOW_MOMENTUM,6,SMART_STEPLADDER,11.59,8.69,-9.06,6.3,11.78,14.23,26.9,-17.34,2.91,14.5,14.66,1.84,12.8
SIP_0276,SIP_0276: TACTICAL_MA | MOM_HURDLE_30 | 3Stk | VAN_THARP_3T,TACTICAL_MACRO_90_10,MOM_HURDLE_30,3,VAN_THARP_3TIER,11.59,5.9,-11.85,4.3,10.94,13.39,24.9,-17.5,2.75,14.5,19.21,0.3,12.5
SIP_0023,SIP_0023: PURE_STOCKS | CLENOW_MOMENTU | 8Stk | ADAPTIVE_STR,PURE_STOCKS,CLENOW_MOMENTUM,8,ADAPTIVE_STRUCTURAL,11.58,6.65,-11.1,4.9,10.42,12.87,23.6,-17.89,2.36,14.5,18.73,1.77,9.7
SIP_0066,SIP_0066: PURE_STOCKS | MOM_HURDLE_20 | 6Stk | VAN_THARP_3T,PURE_STOCKS,MOM_HURDLE_20,6,VAN_THARP_3TIER,11.57,-2.26,-20.01,-1.7,20.58,23.03,48.4,-17.81,2.44,14.5,17.53,0.4,11.4
SIP_0297,SIP_0297: TACTICAL_MA | MOM_HURDLE_30 | 8Stk | SMART_STEPLA,TACTICAL_MACRO_90_10,MOM_HURDLE_30,8,SMART_STEPLADDER,11.56,9.82,-7.93,7.2,9.17,11.62,20.7,-16.54,3.71,14.5,16.2,2.69,13.3
SIP_0072,SIP_0072: PURE_STOCKS | MOM_HURDLE_20 | 8Stk | SMART_STEPLA,PURE_STOCKS,MOM_HURDLE_20,8,SMART_STEPLADDER,11.54,1.18,-16.57,0.9,17.9,20.35,41.7,-18.79,1.46,14.5,16.2,2.39,13.4
SIP_0174,SIP_0174: PURE_STOCKS | 52W_HIGH_PROXI | 8Stk | DYNAMIC_ATR,PURE_STOCKS,52W_HIGH_PROXIMITY,8,DYNAMIC_ATR,11.51,17.02,-0.72,12.2,2.86,5.31,6.3,-14.25,6.0,14.5,15.04,2.92,11.2
SIP_0008,SIP_0008: PURE_STOCKS | CLENOW_MOMENTU | 4Stk | ADAPTIVE_STR,PURE_STOCKS,CLENOW_MOMENTUM,4,ADAPTIVE_STRUCTURAL,11.51,11.3,-6.45,8.2,12.48,14.93,28.5,-16.98,3.27,14.5,10.06,1.46,12.9
SIP_0860,SIP_0860: MULTI_ASSET | MOM_HURDLE_20 | 4Stk | TIME_DECAY_M,MULTI_ASSET_BALANCED,MOM_HURDLE_20,4,TIME_DECAY_MOMENTUM,11.5,16.83,-0.92,12.0,6.48,8.93,14.5,-15.56,4.69,14.5,10.82,2.15,14.7
SIP_0460,SIP_0460: TACTICAL_MA | MOM_HURDLE_20 | 4Stk | TIME_DECAY_M,TACTICAL_MACRO_80_20,MOM_HURDLE_20,4,TIME_DECAY_MOMENTUM,11.5,16.83,-0.92,12.0,6.48,8.93,14.5,-15.56,4.69,14.5,10.82,2.15,14.7
SIP_0058,SIP_0058: PURE_STOCKS | MOM_HURDLE_20 | 4Stk | ADAPTIVE_STR,PURE_STOCKS,MOM_HURDLE_20,4,ADAPTIVE_STRUCTURAL,11.5,8.98,-8.76,6.6,12.41,14.86,28.4,-17.14,3.11,14.5,12.89,2.29,14.1
SIP_0660,SIP_0660: MOMENTUM_RO | MOM_HURDLE_20 | 4Stk | TIME_DECAY_M,MOMENTUM_ROTATE_DYNAMIC,MOM_HURDLE_20,4,TIME_DECAY_MOMENTUM,11.5,16.83,-0.92,12.0,6.48,8.93,14.5,-15.56,4.69,14.5,10.82,2.15,14.7
SIP_0400,SIP_0400: TACTICAL_MA | SECTOR_LEAD_AL | 8Stk | TIME_DECAY_M,TACTICAL_MACRO_90_10,SECTOR_LEAD_ALPHA,8,TIME_DECAY_MOMENTUM,11.48,11.54,-6.2,8.4,9.8,12.25,22.2,-18.58,1.67,14.5,12.88,2.4,14.1
SIP_0011,SIP_0011: PURE_STOCKS | CLENOW_MOMENTU | 5Stk | VAN_THARP_3T,PURE_STOCKS,CLENOW_MOMENTUM,5,VAN_THARP_3TIER,11.47,17.63,-0.12,12.6,3.67,6.12,8.1,-17.12,3.13,14.5,13.15,0.4,6.1
SIP_0622,SIP_0622: MOMENTUM_RO | CLENOW_MOMENTU | 8Stk | SMART_STEPLA,MOMENTUM_ROTATE_DYNAMIC,CLENOW_MOMENTUM,8,SMART_STEPLADDER,11.46,10.13,-7.62,7.4,7.22,9.67,16.2,-17.85,2.4,14.5,17.77,1.91,12.0
SIP_0422,SIP_0422: TACTICAL_MA | CLENOW_MOMENTU | 8Stk | SMART_STEPLA,TACTICAL_MACRO_80_20,CLENOW_MOMENTUM,8,SMART_STEPLADDER,11.46,10.13,-7.62,7.4,7.22,9.67,16.2,-17.85,2.4,14.5,17.77,1.91,12.0
SIP_0822,SIP_0822: MULTI_ASSET | CLENOW_MOMENTU | 8Stk | SMART_STEPLA,MULTI_ASSET_BALANCED,CLENOW_MOMENTUM,8,SMART_STEPLADDER,11.46,10.13,-7.62,7.4,7.22,9.67,16.2,-17.85,2.4,14.5,17.77,1.91,12.0
SIP_0692,SIP_0692: MOMENTUM_RO | MOM_HURDLE_30 | 6Stk | SMART_STEPLA,MOMENTUM_ROTATE_DYNAMIC,MOM_HURDLE_30,6,SMART_STEPLADDER,11.44,8.36,-9.39,6.1,9.29,11.74,21.0,-16.51,3.75,14.5,17.37,2.42,12.1
SIP_0892,SIP_0892: MULTI_ASSET | MOM_HURDLE_30 | 6Stk | SMART_STEPLA,MULTI_ASSET_BALANCED,MOM_HURDLE_30,6,SMART_STEPLADDER,11.44,8.36,-9.39,6.1,9.29,11.74,21.0,-16.51,3.75,14.5,17.37,2.42,12.1
SIP_0492,SIP_0492: TACTICAL_MA | MOM_HURDLE_30 | 6Stk | SMART_STEPLA,TACTICAL_MACRO_80_20,MOM_HURDLE_30,6,SMART_STEPLADDER,11.44,8.36,-9.39,6.1,9.29,11.74,21.0,-16.51,3.75,14.5,17.37,2.42,12.1
SIP_0877,SIP_0877: MULTI_ASSET | MOM_HURDLE_30 | 3Stk | SMART_STEPLA,MULTI_ASSET_BALANCED,MOM_HURDLE_30,3,SMART_STEPLADDER,11.43,7.85,-9.9,5.8,8.78,11.23,19.8,-17.77,2.48,14.5,18.48,2.14,14.1
SIP_0477,SIP_0477: TACTICAL_MA | MOM_HURDLE_30 | 3Stk | SMART_STEPLA,TACTICAL_MACRO_80_20,MOM_HURDLE_30,3,SMART_STEPLADDER,11.43,7.85,-9.9,5.8,8.78,11.23,19.8,-17.77,2.48,14.5,18.48,2.14,14.1
SIP_0677,SIP_0677: MOMENTUM_RO | MOM_HURDLE_30 | 3Stk | SMART_STEPLA,MOMENTUM_ROTATE_DYNAMIC,MOM_HURDLE_30,3,SMART_STEPLADDER,11.43,7.85,-9.9,5.8,8.78,11.23,19.8,-17.77,2.48,14.5,18.48,2.14,14.1
SIP_0670,SIP_0670: MOMENTUM_RO | MOM_HURDLE_20 | 6Stk | TIME_DECAY_M,MOMENTUM_ROTATE_DYNAMIC,MOM_HURDLE_20,6,TIME_DECAY_MOMENTUM,11.42,9.76,-7.99,7.1,10.06,12.51,22.8,-18.13,2.12,14.5,14.53,2.28,13.1
SIP_0130,SIP_0130: PURE_STOCKS | MULTI_LOOKBACK | 3Stk | TIME_DECAY_M,PURE_STOCKS,MULTI_LOOKBACK_BLEND,3,TIME_DECAY_MOMENTUM,11.42,3.98,-13.76,3.0,17.4,19.85,40.5,-23.01,-2.76,14.5,12.55,1.52,19.2
SIP_0870,SIP_0870: MULTI_ASSET | MOM_HURDLE_20 | 6Stk | TIME_DECAY_M,MULTI_ASSET_BALANCED,MOM_HURDLE_20,6,TIME_DECAY_MOMENTUM,11.42,9.76,-7.99,7.1,10.06,12.51,22.8,-18.13,2.12,14.5,14.53,2.28,13.1
SIP_0470,SIP_0470: TACTICAL_MA | MOM_HURDLE_20 | 6Stk | TIME_DECAY_M,TACTICAL_MACRO_80_20,MOM_HURDLE_20,6,TIME_DECAY_MOMENTUM,11.42,9.76,-7.99,7.1,10.06,12.51,22.8,-18.13,2.12,14.5,14.53,2.28,13.1
SIP_0790,SIP_0790: MOMENTUM_RO | SECTOR_LEAD_AL | 5Stk | TIME_DECAY_M,MOMENTUM_ROTATE_DYNAMIC,SECTOR_LEAD_ALPHA,5,TIME_DECAY_MOMENTUM,11.4,13.95,-3.8,10.1,8.25,10.7,18.6,-18.63,1.62,14.5,11.44,2.18,15.1
SIP_0590,SIP_0590: TACTICAL_MA | SECTOR_LEAD_AL | 5Stk | TIME_DECAY_M,TACTICAL_MACRO_80_20,SECTOR_LEAD_ALPHA,5,TIME_DECAY_MOMENTUM,11.4,13.95,-3.8,10.1,8.25,10.7,18.6,-18.63,1.62,14.5,11.44,2.18,15.1
SIP_0990,SIP_0990: MULTI_ASSET | SECTOR_LEAD_AL | 5Stk | TIME_DECAY_M,MULTI_ASSET_BALANCED,SECTOR_LEAD_ALPHA,5,TIME_DECAY_MOMENTUM,11.4,13.95,-3.8,10.1,8.25,10.7,18.6,-18.63,1.62,14.5,11.44,2.18,15.1
SIP_0063,SIP_0063: PURE_STOCKS | MOM_HURDLE_20 | 5Stk | ADAPTIVE_STR,PURE_STOCKS,MOM_HURDLE_20,5,ADAPTIVE_STRUCTURAL,11.39,4.58,-13.17,3.4,11.97,14.42,27.3,-18.49,1.76,14.5,18.48,1.94,13.4
SIP_0285,SIP_0285: TACTICAL_MA | MOM_HURDLE_30 | 4Stk | TIME_DECAY_M,TACTICAL_MACRO_90_10,MOM_HURDLE_30,4,TIME_DECAY_MOMENTUM,11.39,16.91,-0.84,12.1,5.95,8.4,13.3,-16.17,4.08,14.5,10.78,2.18,12.4
SIP_0665,SIP_0665: MOMENTUM_RO | MOM_HURDLE_20 | 5Stk | TIME_DECAY_M,MOMENTUM_ROTATE_DYNAMIC,MOM_HURDLE_20,5,TIME_DECAY_MOMENTUM,11.38,13.18,-4.57,9.5,9.01,11.46,20.3,-18.12,2.13,14.5,11.44,2.16,13.9
SIP_0865,SIP_0865: MULTI_ASSET | MOM_HURDLE_20 | 5Stk | TIME_DECAY_M,MULTI_ASSET_BALANCED,MOM_HURDLE_20,5,TIME_DECAY_MOMENTUM,11.38,13.18,-4.57,9.5,9.01,11.46,20.3,-18.12,2.13,14.5,11.44,2.16,13.9
SIP_0465,SIP_0465: TACTICAL_MA | MOM_HURDLE_20 | 5Stk | TIME_DECAY_M,TACTICAL_MACRO_80_20,MOM_HURDLE_20,5,TIME_DECAY_MOMENTUM,11.38,13.18,-4.57,9.5,9.01,11.46,20.3,-18.12,2.13,14.5,11.44,2.16,13.9
SIP_0361,SIP_0361: TACTICAL_MA | 52W_HIGH_PROXI | 5Stk | VAN_THARP_3T,TACTICAL_MACRO_90_10,52W_HIGH_PROXIMITY,5,VAN_THARP_3TIER,11.34,14.83,-2.92,10.7,0.91,3.36,2.0,-13.56,6.69,14.5,19.27,0.35,4.4
SIP_0213,SIP_0213: TACTICAL_MA | CLENOW_MOMENTU | 5Stk | ADAPTIVE_STR,TACTICAL_MACRO_90_10,CLENOW_MOMENTUM,5,ADAPTIVE_STRUCTURAL,11.33,8.31,-9.44,6.1,10.85,13.3,24.7,-18.01,2.24,14.5,14.84,2.02,8.7
SIP_0273,SIP_0273: TACTICAL_MA | MOM_HURDLE_20 | 8Stk | ADAPTIVE_STR,TACTICAL_MACRO_90_10,MOM_HURDLE_20,8,ADAPTIVE_STRUCTURAL,11.33,6.07,-11.68,4.5,12.13,14.58,27.7,-21.2,-0.95,14.5,16.06,2.39,8.2
SIP_0068,SIP_0068: PURE_STOCKS | MOM_HURDLE_20 | 6Stk | ADAPTIVE_STR,PURE_STOCKS,MOM_HURDLE_20,6,ADAPTIVE_STRUCTURAL,11.32,1.32,-16.43,1.0,16.09,18.54,37.3,-17.89,2.36,14.5,17.18,2.02,12.3
SIP_0360,SIP_0360: TACTICAL_MA | 52W_HIGH_PROXI | 4Stk | TIME_DECAY_M,TACTICAL_MACRO_90_10,52W_HIGH_PROXIMITY,4,TIME_DECAY_MOMENTUM,11.3,8.55,-9.2,6.2,8.69,11.14,19.6,-13.36,6.89,14.5,17.24,2.24,12.3
SIP_0280,SIP_0280: TACTICAL_MA | MOM_HURDLE_30 | 3Stk | TIME_DECAY_M,TACTICAL_MACRO_90_10,MOM_HURDLE_30,3,TIME_DECAY_MOMENTUM,11.28,8.73,-9.02,6.4,7.59,10.04,17.1,-19.33,0.92,14.5,18.17,2.01,14.0
SIP_0804,SIP_0804: MULTI_ASSET | CLENOW_MOMENTU | 3Stk | DYNAMIC_ATR,MULTI_ASSET_BALANCED,CLENOW_MOMENTUM,3,DYNAMIC_ATR,11.24,15.8,-1.95,11.3,12.38,14.83,28.3,-18.25,2.0,14.5,3.4,1.45,13.5
SIP_0404,SIP_0404: TACTICAL_MA | CLENOW_MOMENTU | 3Stk | DYNAMIC_ATR,TACTICAL_MACRO_80_20,CLENOW_MOMENTUM,3,DYNAMIC_ATR,11.24,15.8,-1.95,11.3,12.38,14.83,28.3,-18.25,2.0,14.5,3.4,1.45,13.5
SIP_0339,SIP_0339: TACTICAL_MA | MULTI_LOOKBACK | 5Stk | DYNAMIC_ATR,TACTICAL_MACRO_90_10,MULTI_LOOKBACK_BLEND,5,DYNAMIC_ATR,11.24,11.56,-6.18,8.4,8.34,10.79,18.8,-19.06,1.19,14.5,13.49,2.0,12.9
SIP_0604,SIP_0604: MOMENTUM_RO | CLENOW_MOMENTU | 3Stk | DYNAMIC_ATR,MOMENTUM_ROTATE_DYNAMIC,CLENOW_MOMENTUM,3,DYNAMIC_ATR,11.24,15.8,-1.95,11.3,12.38,14.83,28.3,-18.25,2.0,14.5,3.4,1.45,13.5
SIP_0275,SIP_0275: TACTICAL_MA | MOM_HURDLE_20 | 8Stk | TIME_DECAY_M,TACTICAL_MACRO_90_10,MOM_HURDLE_20,8,TIME_DECAY_MOMENTUM,11.21,10.25,-7.5,7.5,9.99,12.44,22.6,-18.14,2.11,14.5,12.88,2.27,11.8
SIP_0138,SIP_0138: PURE_STOCKS | MULTI_LOOKBACK | 5Stk | ADAPTIVE_STR,PURE_STOCKS,MULTI_LOOKBACK_BLEND,5,ADAPTIVE_STRUCTURAL,11.18,5.22,-12.52,3.9,11.09,13.54,25.2,-18.57,1.69,14.5,17.63,1.66,9.8
SIP_0025,SIP_0025: PURE_STOCKS | CLENOW_MOMENTU | 8Stk | TIME_DECAY_M,PURE_STOCKS,CLENOW_MOMENTUM,8,TIME_DECAY_MOMENTUM,11.17,11.91,-5.84,8.6,4.77,7.21,10.6,-18.33,1.92,14.5,17.29,1.85,13.3
SIP_0131,SIP_0131: PURE_STOCKS | MULTI_LOOKBACK | 4Stk | VAN_THARP_3T,PURE_STOCKS,MULTI_LOOKBACK_BLEND,4,VAN_THARP_3TIER,11.16,5.64,-12.1,4.2,15.87,18.32,36.7,-21.85,-1.6,14.5,11.04,0.34,11.9
SIP_0159,SIP_0159: PURE_STOCKS | 52W_HIGH_PROXI | 4Stk | DYNAMIC_ATR,PURE_STOCKS,52W_HIGH_PROXIMITY,4,DYNAMIC_ATR,11.14,9.82,-7.92,7.2,7.66,10.11,17.2,-12.9,7.35,14.5,15.96,2.64,11.6
SIP_0876,SIP_0876: MULTI_ASSET | MOM_HURDLE_30 | 3Stk | VAN_THARP_3T,MULTI_ASSET_BALANCED,MOM_HURDLE_30,3,VAN_THARP_3TIER,11.11,5.15,-12.6,3.8,9.69,12.14,21.9,-17.5,2.75,14.5,19.21,0.3,12.5
SIP_0676,SIP_0676: MOMENTUM_RO | MOM_HURDLE_30 | 3Stk | VAN_THARP_3T,MOMENTUM_ROTATE_DYNAMIC,MOM_HURDLE_30,3,VAN_THARP_3TIER,11.11,5.15,-12.6,3.8,9.69,12.14,21.9,-17.5,2.75,14.5,19.21,0.3,12.5
SIP_0476,SIP_0476: TACTICAL_MA | MOM_HURDLE_30 | 3Stk | VAN_THARP_3T,TACTICAL_MACRO_80_20,MOM_HURDLE_30,3,VAN_THARP_3TIER,11.11,5.15,-12.6,3.8,9.69,12.14,21.9,-17.5,2.75,14.5,19.21,0.3,12.5
SIP_0009,SIP_0009: PURE_STOCKS | CLENOW_MOMENTU | 4Stk | DYNAMIC_ATR,PURE_STOCKS,CLENOW_MOMENTUM,4,DYNAMIC_ATR,11.1,16.12,-1.63,11.5,9.2,11.65,20.8,-16.61,3.64,14.5,6.31,1.85,14.2
SIP_0697,SIP_0697: MOMENTUM_RO | MOM_HURDLE_30 | 8Stk | SMART_STEPLA,MOMENTUM_ROTATE_DYNAMIC,MOM_HURDLE_30,8,SMART_STEPLADDER,11.09,8.64,-9.11,6.3,8.59,11.04,19.4,-16.54,3.71,14.5,16.1,2.69,13.2
SIP_0897,SIP_0897: MULTI_ASSET | MOM_HURDLE_30 | 8Stk | SMART_STEPLA,MULTI_ASSET_BALANCED,MOM_HURDLE_30,8,SMART_STEPLADDER,11.09,8.64,-9.11,6.3,8.59,11.04,19.4,-16.54,3.71,14.5,16.1,2.69,13.2
SIP_0497,SIP_0497: TACTICAL_MA | MOM_HURDLE_30 | 8Stk | SMART_STEPLA,TACTICAL_MACRO_80_20,MOM_HURDLE_30,8,SMART_STEPLADDER,11.09,8.64,-9.11,6.3,8.59,11.04,19.4,-16.54,3.71,14.5,16.1,2.69,13.2
SIP_0144,SIP_0144: PURE_STOCKS | MULTI_LOOKBACK | 6Stk | DYNAMIC_ATR,PURE_STOCKS,MULTI_LOOKBACK_BLEND,6,DYNAMIC_ATR,11.08,9.89,-7.86,7.2,11.9,14.35,27.1,-17.28,2.97,14.5,10.35,1.77,8.8
SIP_0053,SIP_0053: PURE_STOCKS | MOM_HURDLE_20 | 3Stk | ADAPTIVE_STR,PURE_STOCKS,MOM_HURDLE_20,3,ADAPTIVE_STRUCTURAL,11.04,4.11,-13.63,3.0,12.1,14.55,27.6,-17.02,3.23,14.5,17.28,2.07,18.1
SIP_0165,SIP_0165: PURE_STOCKS | 52W_HIGH_PROXI | 5Stk | TIME_DECAY_M,PURE_STOCKS,52W_HIGH_PROXIMITY,5,TIME_DECAY_MOMENTUM,11.02,7.19,-10.56,5.3,6.85,9.3,15.3,-13.59,6.66,14.5,19.7,2.56,12.3
SIP_0961,SIP_0961: MULTI_ASSET | 52W_HIGH_PROXI | 5Stk | VAN_THARP_3T,MULTI_ASSET_BALANCED,52W_HIGH_PROXIMITY,5,VAN_THARP_3TIER,11.0,13.63,-4.12,9.8,0.89,3.34,1.9,-13.56,6.69,14.5,19.16,0.35,4.3
SIP_0761,SIP_0761: MOMENTUM_RO | 52W_HIGH_PROXI | 5Stk | VAN_THARP_3T,MOMENTUM_ROTATE_DYNAMIC,52W_HIGH_PROXIMITY,5,VAN_THARP_3TIER,11.0,13.63,-4.12,9.8,0.89,3.34,1.9,-13.56,6.69,14.5,19.16,0.35,4.3
SIP_0127,SIP_0127: PURE_STOCKS | MULTI_LOOKBACK | 3Stk | SMART_STEPLA,PURE_STOCKS,MULTI_LOOKBACK_BLEND,3,SMART_STEPLADDER,11.0,5.01,-12.74,3.7,14.7,17.15,33.9,-23.01,-2.76,14.5,12.58,1.64,18.3
SIP_0561,SIP_0561: TACTICAL_MA | 52W_HIGH_PROXI | 5Stk | VAN_THARP_3T,TACTICAL_MACRO_80_20,52W_HIGH_PROXIMITY,5,VAN_THARP_3TIER,11.0,13.63,-4.12,9.8,0.89,3.34,1.9,-13.56,6.69,14.5,19.16,0.35,4.3
SIP_0369,SIP_0369: TACTICAL_MA | 52W_HIGH_PROXI | 6Stk | DYNAMIC_ATR,TACTICAL_MACRO_90_10,52W_HIGH_PROXIMITY,6,DYNAMIC_ATR,10.93,13.09,-4.66,9.4,3.22,5.67,7.1,-14.39,5.86,14.5,16.62,2.87,11.2
SIP_0128,SIP_0128: PURE_STOCKS | MULTI_LOOKBACK | 3Stk | ADAPTIVE_STR,PURE_STOCKS,MULTI_LOOKBACK_BLEND,3,ADAPTIVE_STRUCTURAL,10.92,4.06,-13.69,3.0,15.28,17.73,35.3,-23.32,-3.07,14.5,12.7,1.64,15.6
SIP_0960,SIP_0960: MULTI_ASSET | 52W_HIGH_PROXI | 4Stk | TIME_DECAY_M,MULTI_ASSET_BALANCED,52W_HIGH_PROXIMITY,4,TIME_DECAY_MOMENTUM,10.88,7.64,-10.11,5.6,7.87,10.32,17.7,-13.36,6.89,14.5,17.18,2.24,12.2
SIP_0673,SIP_0673: MOMENTUM_RO | MOM_HURDLE_20 | 8Stk | ADAPTIVE_STR,MOMENTUM_ROTATE_DYNAMIC,MOM_HURDLE_20,8,ADAPTIVE_STRUCTURAL,10.88,5.3,-12.44,3.9,11.24,13.69,25.6,-21.2,-0.95,14.5,15.95,2.39,8.0
SIP_0760,SIP_0760: MOMENTUM_RO | 52W_HIGH_PROXI | 4Stk | TIME_DECAY_M,MOMENTUM_ROTATE_DYNAMIC,52W_HIGH_PROXIMITY,4,TIME_DECAY_MOMENTUM,10.88,7.64,-10.11,5.6,7.87,10.32,17.7,-13.36,6.89,14.5,17.18,2.24,12.2
SIP_0473,SIP_0473: TACTICAL_MA | MOM_HURDLE_20 | 8Stk | ADAPTIVE_STR,TACTICAL_MACRO_80_20,MOM_HURDLE_20,8,ADAPTIVE_STRUCTURAL,10.88,5.3,-12.44,3.9,11.24,13.69,25.6,-21.2,-0.95,14.5,15.95,2.39,8.0
SIP_0873,SIP_0873: MULTI_ASSET | MOM_HURDLE_20 | 8Stk | ADAPTIVE_STR,MULTI_ASSET_BALANCED,MOM_HURDLE_20,8,ADAPTIVE_STRUCTURAL,10.88,5.3,-12.44,3.9,11.24,13.69,25.6,-21.2,-0.95,14.5,15.95,2.39,8.0
SIP_0560,SIP_0560: TACTICAL_MA | 52W_HIGH_PROXI | 4Stk | TIME_DECAY_M,TACTICAL_MACRO_80_20,52W_HIGH_PROXIMITY,4,TIME_DECAY_MOMENTUM,10.88,7.64,-10.11,5.6,7.87,10.32,17.7,-13.36,6.89,14.5,17.18,2.24,12.2
SIP_0326,SIP_0326: TACTICAL_MA | MULTI_LOOKBACK | 3Stk | VAN_THARP_3T,TACTICAL_MACRO_90_10,MULTI_LOOKBACK_BLEND,3,VAN_THARP_3TIER,10.87,5.18,-12.57,3.8,13.37,15.82,30.6,-23.08,-2.82,14.5,13.44,0.3,15.0
SIP_0095,SIP_0095: PURE_STOCKS | MOM_HURDLE_30 | 6Stk | TIME_DECAY_M,PURE_STOCKS,MOM_HURDLE_30,6,TIME_DECAY_MOMENTUM,10.82,10.03,-7.71,7.3,7.04,9.49,15.8,-15.18,5.07,14.5,14.95,2.35,12.2
SIP_0613,SIP_0613: MOMENTUM_RO | CLENOW_MOMENTU | 5Stk | ADAPTIVE_STR,MOMENTUM_ROTATE_DYNAMIC,CLENOW_MOMENTUM,5,ADAPTIVE_STRUCTURAL,10.79,7.09,-10.66,5.2,9.97,12.42,22.6,-18.01,2.24,14.5,14.81,2.02,8.7
SIP_0141,SIP_0141: PURE_STOCKS | MULTI_LOOKBACK | 6Stk | VAN_THARP_3T,PURE_STOCKS,MULTI_LOOKBACK_BLEND,6,VAN_THARP_3TIER,10.79,4.08,-13.67,3.0,11.13,13.58,25.3,-17.65,2.6,14.5,17.24,0.43,11.2
SIP_0413,SIP_0413: TACTICAL_MA | CLENOW_MOMENTU | 5Stk | ADAPTIVE_STR,TACTICAL_MACRO_80_20,CLENOW_MOMENTUM,5,ADAPTIVE_STRUCTURAL,10.79,7.09,-10.66,5.2,9.97,12.42,22.6,-18.01,2.24,14.5,14.81,2.02,8.7
SIP_0813,SIP_0813: MULTI_ASSET | CLENOW_MOMENTU | 5Stk | ADAPTIVE_STR,MULTI_ASSET_BALANCED,CLENOW_MOMENTUM,5,ADAPTIVE_STRUCTURAL,10.79,7.09,-10.66,5.2,9.97,12.42,22.6,-18.01,2.24,14.5,14.81,2.02,8.7
SIP_0885,SIP_0885: MULTI_ASSET | MOM_HURDLE_30 | 4Stk | TIME_DECAY_M,MULTI_ASSET_BALANCED,MOM_HURDLE_30,4,TIME_DECAY_MOMENTUM,10.76,14.74,-3.01,10.6,5.48,7.93,12.2,-16.17,4.08,14.5,10.82,2.18,12.3
SIP_0485,SIP_0485: TACTICAL_MA | MOM_HURDLE_30 | 4Stk | TIME_DECAY_M,TACTICAL_MACRO_80_20,MOM_HURDLE_30,4,TIME_DECAY_MOMENTUM,10.76,14.74,-3.01,10.6,5.48,7.93,12.2,-16.17,4.08,14.5,10.82,2.18,12.3
SIP_0685,SIP_0685: MOMENTUM_RO | MOM_HURDLE_30 | 4Stk | TIME_DECAY_M,MOMENTUM_ROTATE_DYNAMIC,MOM_HURDLE_30,4,TIME_DECAY_MOMENTUM,10.76,14.74,-3.01,10.6,5.48,7.93,12.2,-16.17,4.08,14.5,10.82,2.18,12.3
SIP_0039,SIP_0039: PURE_STOCKS | CLENOW_HIGH_CO | 5Stk | DYNAMIC_ATR,PURE_STOCKS,CLENOW_HIGH_CONVICTION,5,DYNAMIC_ATR,10.72,11.17,-6.58,8.1,7.98,10.43,18.0,-13.05,7.2,14.5,11.91,2.56,6.8
SIP_0880,SIP_0880: MULTI_ASSET | MOM_HURDLE_30 | 3Stk | TIME_DECAY_M,MULTI_ASSET_BALANCED,MOM_HURDLE_30,3,TIME_DECAY_MOMENTUM,10.72,7.2,-10.55,5.3,6.87,9.32,15.4,-19.33,0.92,14.5,18.16,2.01,13.8
SIP_0680,SIP_0680: MOMENTUM_RO | MOM_HURDLE_30 | 3Stk | TIME_DECAY_M,MOMENTUM_ROTATE_DYNAMIC,MOM_HURDLE_30,3,TIME_DECAY_MOMENTUM,10.72,7.2,-10.55,5.3,6.87,9.32,15.4,-19.33,0.92,14.5,18.16,2.01,13.8
SIP_0480,SIP_0480: TACTICAL_MA | MOM_HURDLE_30 | 3Stk | TIME_DECAY_M,TACTICAL_MACRO_80_20,MOM_HURDLE_30,3,TIME_DECAY_MOMENTUM,10.72,7.2,-10.55,5.3,6.87,9.32,15.4,-19.33,0.92,14.5,18.16,2.01,13.8
SIP_0133,SIP_0133: PURE_STOCKS | MULTI_LOOKBACK | 4Stk | ADAPTIVE_STR,PURE_STOCKS,MULTI_LOOKBACK_BLEND,4,ADAPTIVE_STRUCTURAL,10.71,4.4,-13.34,3.3,15.94,18.39,36.9,-20.29,-0.04,14.5,10.3,1.73,12.4
SIP_0800,SIP_0800: MOMENTUM_RO | SECTOR_LEAD_AL | 8Stk | TIME_DECAY_M,MOMENTUM_ROTATE_DYNAMIC,SECTOR_LEAD_ALPHA,8,TIME_DECAY_MOMENTUM,10.69,9.48,-8.27,6.9,8.8,11.25,19.9,-18.58,1.67,14.5,12.83,2.4,14.0
SIP_0539,SIP_0539: TACTICAL_MA | MULTI_LOOKBACK | 5Stk | DYNAMIC_ATR,TACTICAL_MACRO_80_20,MULTI_LOOKBACK_BLEND,5,DYNAMIC_ATR,10.69,10.22,-7.52,7.4,7.76,10.21,17.4,-19.06,1.19,14.5,13.23,2.0,12.8
SIP_0939,SIP_0939: MULTI_ASSET | MULTI_LOOKBACK | 5Stk | DYNAMIC_ATR,MULTI_ASSET_BALANCED,MULTI_LOOKBACK_BLEND,5,DYNAMIC_ATR,10.69,10.22,-7.52,7.4,7.76,10.21,17.4,-19.06,1.19,14.5,13.23,2.0,12.8
SIP_0739,SIP_0739: MOMENTUM_RO | MULTI_LOOKBACK | 5Stk | DYNAMIC_ATR,MOMENTUM_ROTATE_DYNAMIC,MULTI_LOOKBACK_BLEND,5,DYNAMIC_ATR,10.69,10.22,-7.52,7.4,7.76,10.21,17.4,-19.06,1.19,14.5,13.23,2.0,12.8
SIP_0600,SIP_0600: TACTICAL_MA | SECTOR_LEAD_AL | 8Stk | TIME_DECAY_M,TACTICAL_MACRO_80_20,SECTOR_LEAD_ALPHA,8,TIME_DECAY_MOMENTUM,10.69,9.48,-8.27,6.9,8.8,11.25,19.9,-18.58,1.67,14.5,12.83,2.4,14.0
SIP_1000,SIP_1000: MULTI_ASSET | SECTOR_LEAD_AL | 8Stk | TIME_DECAY_M,MULTI_ASSET_BALANCED,SECTOR_LEAD_ALPHA,8,TIME_DECAY_MOMENTUM,10.69,9.48,-8.27,6.9,8.8,11.25,19.9,-18.58,1.67,14.5,12.83,2.4,14.0
SIP_0151,SIP_0151: PURE_STOCKS | 52W_HIGH_PROXI | 3Stk | VAN_THARP_3T,PURE_STOCKS,52W_HIGH_PROXIMITY,3,VAN_THARP_3TIER,10.68,-5.8,-23.55,-4.4,16.28,18.73,37.7,-20.79,-0.54,14.5,23.18,0.34,12.9
SIP_0157,SIP_0157: PURE_STOCKS | 52W_HIGH_PROXI | 4Stk | SMART_STEPLA,PURE_STOCKS,52W_HIGH_PROXIMITY,4,SMART_STEPLADDER,10.63,8.94,-8.8,6.5,6.28,8.73,14.0,-13.35,6.9,14.5,16.38,2.23,12.8
SIP_0057,SIP_0057: PURE_STOCKS | MOM_HURDLE_20 | 4Stk | SMART_STEPLA,PURE_STOCKS,MOM_HURDLE_20,4,SMART_STEPLADDER,10.62,4.36,-13.39,3.2,13.87,16.32,31.9,-17.85,2.4,14.5,12.58,2.33,14.8
SIP_0969,SIP_0969: MULTI_ASSET | 52W_HIGH_PROXI | 6Stk | DYNAMIC_ATR,MULTI_ASSET_BALANCED,52W_HIGH_PROXIMITY,6,DYNAMIC_ATR,10.61,12.3,-5.44,8.9,2.79,5.24,6.2,-14.39,5.86,14.5,16.44,2.87,11.1
SIP_0769,SIP_0769: MOMENTUM_RO | 52W_HIGH_PROXI | 6Stk | DYNAMIC_ATR,MOMENTUM_ROTATE_DYNAMIC,52W_HIGH_PROXIMITY,6,DYNAMIC_ATR,10.61,12.3,-5.44,8.9,2.79,5.24,6.2,-14.39,5.86,14.5,16.44,2.87,11.1
SIP_0569,SIP_0569: TACTICAL_MA | 52W_HIGH_PROXI | 6Stk | DYNAMIC_ATR,TACTICAL_MACRO_80_20,52W_HIGH_PROXIMITY,6,DYNAMIC_ATR,10.61,12.3,-5.44,8.9,2.79,5.24,6.2,-14.39,5.86,14.5,16.44,2.87,11.1
SIP_0374,SIP_0374: TACTICAL_MA | 52W_HIGH_PROXI | 8Stk | DYNAMIC_ATR,TACTICAL_MACRO_90_10,52W_HIGH_PROXIMITY,8,DYNAMIC_ATR,10.59,14.14,-3.61,10.2,2.33,4.78,5.1,-14.25,6.0,14.5,14.6,2.92,11.0
SIP_0218,SIP_0218: TACTICAL_MA | CLENOW_MOMENTU | 6Stk | ADAPTIVE_STR,TACTICAL_MACRO_90_10,CLENOW_MOMENTUM,6,ADAPTIVE_STRUCTURAL,10.55,7.33,-10.42,5.4,9.52,11.97,21.5,-18.13,2.12,14.5,13.84,1.79,9.8
SIP_0212,SIP_0212: TACTICAL_MA | CLENOW_MOMENTU | 5Stk | SMART_STEPLA,TACTICAL_MACRO_90_10,CLENOW_MOMENTUM,5,SMART_STEPLADDER,10.52,9.71,-8.04,7.1,7.4,9.85,16.6,-17.31,2.94,14.5,13.38,1.84,10.8
SIP_0926,SIP_0926: MULTI_ASSET | MULTI_LOOKBACK | 3Stk | VAN_THARP_3T,MULTI_ASSET_BALANCED,MULTI_LOOKBACK_BLEND,3,VAN_THARP_3TIER,10.5,4.53,-13.22,3.4,12.44,14.89,28.4,-23.08,-2.82,14.5,13.45,0.3,14.9
SIP_0675,SIP_0675: MOMENTUM_RO | MOM_HURDLE_20 | 8Stk | TIME_DECAY_M,MOMENTUM_ROTATE_DYNAMIC,MOM_HURDLE_20,8,TIME_DECAY_MOMENTUM,10.5,8.3,-9.45,6.1,9.13,11.58,20.6,-18.14,2.11,14.5,12.83,2.27,11.7
SIP_0726,SIP_0726: MOMENTUM_RO | MULTI_LOOKBACK | 3Stk | VAN_THARP_3T,MOMENTUM_ROTATE_DYNAMIC,MULTI_LOOKBACK_BLEND,3,VAN_THARP_3TIER,10.5,4.53,-13.22,3.4,12.44,14.89,28.4,-23.08,-2.82,14.5,13.45,0.3,14.9
SIP_0526,SIP_0526: TACTICAL_MA | MULTI_LOOKBACK | 3Stk | VAN_THARP_3T,TACTICAL_MACRO_80_20,MULTI_LOOKBACK_BLEND,3,VAN_THARP_3TIER,10.5,4.53,-13.22,3.4,12.44,14.89,28.4,-23.08,-2.82,14.5,13.45,0.3,14.9
SIP_0875,SIP_0875: MULTI_ASSET | MOM_HURDLE_20 | 8Stk | TIME_DECAY_M,MULTI_ASSET_BALANCED,MOM_HURDLE_20,8,TIME_DECAY_MOMENTUM,10.5,8.3,-9.45,6.1,9.13,11.58,20.6,-18.14,2.11,14.5,12.83,2.27,11.7
SIP_0475,SIP_0475: TACTICAL_MA | MOM_HURDLE_20 | 8Stk | TIME_DECAY_M,TACTICAL_MACRO_80_20,MOM_HURDLE_20,8,TIME_DECAY_MOMENTUM,10.5,8.3,-9.45,6.1,9.13,11.58,20.6,-18.14,2.11,14.5,12.83,2.27,11.7
SIP_0044,SIP_0044: PURE_STOCKS | CLENOW_HIGH_CO | 6Stk | DYNAMIC_ATR,PURE_STOCKS,CLENOW_HIGH_CONVICTION,6,DYNAMIC_ATR,10.49,12.26,-5.48,8.9,9.22,11.67,20.8,-13.17,7.08,14.5,7.81,2.26,7.0
SIP_0359,SIP_0359: TACTICAL_MA | 52W_HIGH_PROXI | 4Stk | DYNAMIC_ATR,TACTICAL_MACRO_90_10,52W_HIGH_PROXIMITY,4,DYNAMIC_ATR,10.45,9.03,-8.72,6.6,5.9,8.35,13.2,-12.9,7.35,14.5,15.76,2.64,11.4
SIP_0351,SIP_0351: TACTICAL_MA | 52W_HIGH_PROXI | 3Stk | VAN_THARP_3T,TACTICAL_MACRO_90_10,52W_HIGH_PROXIMITY,3,VAN_THARP_3TIER,10.45,-4.18,-21.93,-3.2,13.9,16.35,31.9,-20.79,-0.54,14.5,22.93,0.34,12.7
SIP_0751,SIP_0751: MOMENTUM_RO | 52W_HIGH_PROXI | 3Stk | VAN_THARP_3T,MOMENTUM_ROTATE_DYNAMIC,52W_HIGH_PROXIMITY,3,VAN_THARP_3TIER,10.44,-3.62,-21.36,-2.7,13.22,15.67,30.3,-20.79,-0.54,14.5,22.83,0.34,12.6
SIP_0551,SIP_0551: TACTICAL_MA | 52W_HIGH_PROXI | 3Stk | VAN_THARP_3T,TACTICAL_MACRO_80_20,52W_HIGH_PROXIMITY,3,VAN_THARP_3TIER,10.44,-3.62,-21.36,-2.7,13.22,15.67,30.3,-20.79,-0.54,14.5,22.83,0.34,12.6
SIP_0951,SIP_0951: MULTI_ASSET | 52W_HIGH_PROXI | 3Stk | VAN_THARP_3T,MULTI_ASSET_BALANCED,52W_HIGH_PROXIMITY,3,VAN_THARP_3TIER,10.44,-3.62,-21.36,-2.7,13.22,15.67,30.3,-20.79,-0.54,14.5,22.83,0.34,12.6
SIP_0061,SIP_0061: PURE_STOCKS | MOM_HURDLE_20 | 5Stk | VAN_THARP_3T,PURE_STOCKS,MOM_HURDLE_20,5,VAN_THARP_3TIER,10.43,-2.72,-20.47,-2.1,15.05,17.5,34.7,-18.39,1.86,14.5,19.47,0.32,12.7
SIP_0100,SIP_0100: PURE_STOCKS | MOM_HURDLE_30 | 8Stk | TIME_DECAY_M,PURE_STOCKS,MOM_HURDLE_30,8,TIME_DECAY_MOMENTUM,10.42,10.62,-7.13,7.7,6.2,8.65,13.9,-15.18,5.07,14.5,13.3,2.44,12.4
SIP_0223,SIP_0223: TACTICAL_MA | CLENOW_MOMENTU | 8Stk | ADAPTIVE_STR,TACTICAL_MACRO_90_10,CLENOW_MOMENTUM,8,ADAPTIVE_STRUCTURAL,10.4,4.25,-13.49,3.1,8.46,10.91,19.1,-17.89,2.36,14.5,18.46,1.77,9.6
SIP_0211,SIP_0211: TACTICAL_MA | CLENOW_MOMENTU | 5Stk | VAN_THARP_3T,TACTICAL_MACRO_90_10,CLENOW_MOMENTUM,5,VAN_THARP_3TIER,10.32,13.22,-4.52,9.5,3.44,5.89,7.6,-17.12,3.13,14.5,13.11,0.4,6.0
SIP_0774,SIP_0774: MOMENTUM_RO | 52W_HIGH_PROXI | 8Stk | DYNAMIC_ATR,MOMENTUM_ROTATE_DYNAMIC,52W_HIGH_PROXIMITY,8,DYNAMIC_ATR,10.32,13.36,-4.38,9.6,2.27,4.72,5.0,-14.25,6.0,14.5,14.42,2.92,10.9
SIP_0266,SIP_0266: TACTICAL_MA | MOM_HURDLE_20 | 6Stk | VAN_THARP_3T,TACTICAL_MACRO_90_10,MOM_HURDLE_20,6,VAN_THARP_3TIER,10.32,-3.17,-20.92,-2.4,16.74,19.19,38.9,-17.81,2.44,14.5,17.31,0.4,8.7
SIP_0574,SIP_0574: TACTICAL_MA | 52W_HIGH_PROXI | 8Stk | DYNAMIC_ATR,TACTICAL_MACRO_80_20,52W_HIGH_PROXIMITY,8,DYNAMIC_ATR,10.32,13.36,-4.38,9.6,2.27,4.72,5.0,-14.25,6.0,14.5,14.42,2.92,10.9
SIP_0974,SIP_0974: MULTI_ASSET | 52W_HIGH_PROXI | 8Stk | DYNAMIC_ATR,MULTI_ASSET_BALANCED,52W_HIGH_PROXIMITY,8,DYNAMIC_ATR,10.32,13.36,-4.38,9.6,2.27,4.72,5.0,-14.25,6.0,14.5,14.42,2.92,10.9
SIP_0267,SIP_0267: TACTICAL_MA | MOM_HURDLE_20 | 6Stk | SMART_STEPLA,TACTICAL_MACRO_90_10,MOM_HURDLE_20,6,SMART_STEPLADDER,10.3,-0.62,-18.37,-0.5,14.27,16.72,32.8,-18.7,1.55,14.5,16.98,2.34,12.0
SIP_0759,SIP_0759: MOMENTUM_RO | 52W_HIGH_PROXI | 4Stk | DYNAMIC_ATR,MOMENTUM_ROTATE_DYNAMIC,52W_HIGH_PROXIMITY,4,DYNAMIC_ATR,10.29,8.76,-8.99,6.4,5.59,8.04,12.5,-12.9,7.35,14.5,15.7,2.64,11.3
SIP_0959,SIP_0959: MULTI_ASSET | 52W_HIGH_PROXI | 4Stk | DYNAMIC_ATR,MULTI_ASSET_BALANCED,52W_HIGH_PROXIMITY,4,DYNAMIC_ATR,10.29,8.76,-8.99,6.4,5.59,8.04,12.5,-12.9,7.35,14.5,15.7,2.64,11.3
SIP_0559,SIP_0559: TACTICAL_MA | 52W_HIGH_PROXI | 4Stk | DYNAMIC_ATR,TACTICAL_MACRO_80_20,52W_HIGH_PROXIMITY,4,DYNAMIC_ATR,10.29,8.76,-8.99,6.4,5.59,8.04,12.5,-12.9,7.35,14.5,15.7,2.64,11.3
SIP_0365,SIP_0365: TACTICAL_MA | 52W_HIGH_PROXI | 5Stk | TIME_DECAY_M,TACTICAL_MACRO_90_10,52W_HIGH_PROXIMITY,5,TIME_DECAY_MOMENTUM,10.27,6.23,-11.51,4.6,5.09,7.54,11.3,-13.59,6.66,14.5,19.38,2.56,12.1
SIP_0290,SIP_0290: TACTICAL_MA | MOM_HURDLE_30 | 5Stk | TIME_DECAY_M,TACTICAL_MACRO_90_10,MOM_HURDLE_30,5,TIME_DECAY_MOMENTUM,10.18,10.65,-7.09,7.7,6.75,9.2,15.1,-15.8,4.45,14.5,11.41,2.16,12.8
SIP_0341,SIP_0341: TACTICAL_MA | MULTI_LOOKBACK | 6Stk | VAN_THARP_3T,TACTICAL_MACRO_90_10,MULTI_LOOKBACK_BLEND,6,VAN_THARP_3TIER,10.18,4.0,-13.75,3.0,8.77,11.22,19.8,-17.65,2.6,14.5,17.1,0.43,10.8
SIP_0823,SIP_0823: MULTI_ASSET | CLENOW_MOMENTU | 8Stk | ADAPTIVE_STR,MULTI_ASSET_BALANCED,CLENOW_MOMENTUM,8,ADAPTIVE_STRUCTURAL,10.14,3.62,-14.13,2.7,8.01,10.46,18.0,-17.89,2.36,14.5,18.42,1.77,9.5
SIP_0062,SIP_0062: PURE_STOCKS | MOM_HURDLE_20 | 5Stk | SMART_STEPLA,PURE_STOCKS,MOM_HURDLE_20,5,SMART_STEPLADDER,10.14,-1.6,-19.35,-1.2,12.73,15.18,29.1,-18.93,1.33,14.5,19.32,2.12,15.0
SIP_0423,SIP_0423: TACTICAL_MA | CLENOW_MOMENTU | 8Stk | ADAPTIVE_STR,TACTICAL_MACRO_80_20,CLENOW_MOMENTUM,8,ADAPTIVE_STRUCTURAL,10.14,3.62,-14.13,2.7,8.01,10.46,18.0,-17.89,2.36,14.5,18.42,1.77,9.5
SIP_0623,SIP_0623: MOMENTUM_RO | CLENOW_MOMENTU | 8Stk | ADAPTIVE_STR,MOMENTUM_ROTATE_DYNAMIC,CLENOW_MOMENTUM,8,ADAPTIVE_STRUCTURAL,10.14,3.62,-14.13,2.7,8.01,10.46,18.0,-17.89,2.36,14.5,18.42,1.77,9.5
SIP_0330,SIP_0330: TACTICAL_MA | MULTI_LOOKBACK | 3Stk | TIME_DECAY_M,TACTICAL_MACRO_90_10,MULTI_LOOKBACK_BLEND,3,TIME_DECAY_MOMENTUM,10.12,1.84,-15.91,1.4,14.42,16.87,33.2,-23.01,-2.76,14.5,12.57,1.52,18.8
SIP_0209,SIP_0209: TACTICAL_MA | CLENOW_MOMENTU | 4Stk | DYNAMIC_ATR,TACTICAL_MACRO_90_10,CLENOW_MOMENTUM,4,DYNAMIC_ATR,10.12,13.36,-4.38,9.6,7.91,10.35,17.8,-16.61,3.64,14.5,6.34,1.85,13.8
SIP_0418,SIP_0418: TACTICAL_MA | CLENOW_MOMENTU | 6Stk | ADAPTIVE_STR,TACTICAL_MACRO_80_20,CLENOW_MOMENTUM,6,ADAPTIVE_STRUCTURAL,10.07,6.2,-11.54,4.6,8.75,11.2,19.8,-18.13,2.12,14.5,13.8,1.79,9.8
SIP_0618,SIP_0618: MOMENTUM_RO | CLENOW_MOMENTU | 6Stk | ADAPTIVE_STR,MOMENTUM_ROTATE_DYNAMIC,CLENOW_MOMENTUM,6,ADAPTIVE_STRUCTURAL,10.07,6.2,-11.54,4.6,8.75,11.2,19.8,-18.13,2.12,14.5,13.8,1.79,9.8
SIP_0818,SIP_0818: MULTI_ASSET | CLENOW_MOMENTU | 6Stk | ADAPTIVE_STR,MULTI_ASSET_BALANCED,CLENOW_MOMENTUM,6,ADAPTIVE_STRUCTURAL,10.07,6.2,-11.54,4.6,8.75,11.2,19.8,-18.13,2.12,14.5,13.8,1.79,9.8
SIP_0338,SIP_0338: TACTICAL_MA | MULTI_LOOKBACK | 5Stk | ADAPTIVE_STR,TACTICAL_MACRO_90_10,MULTI_LOOKBACK_BLEND,5,ADAPTIVE_STRUCTURAL,10.06,3.12,-14.62,2.3,8.89,11.34,20.1,-18.57,1.69,14.5,17.62,1.66,9.6
SIP_0168,SIP_0168: PURE_STOCKS | 52W_HIGH_PROXI | 6Stk | ADAPTIVE_STR,PURE_STOCKS,52W_HIGH_PROXIMITY,6,ADAPTIVE_STRUCTURAL,10.05,8.24,-9.51,6.0,1.16,3.61,2.5,-14.57,5.68,14.5,20.76,2.9,10.5
SIP_0765,SIP_0765: MOMENTUM_RO | 52W_HIGH_PROXI | 5Stk | TIME_DECAY_M,MOMENTUM_ROTATE_DYNAMIC,52W_HIGH_PROXIMITY,5,TIME_DECAY_MOMENTUM,10.04,6.0,-11.75,4.4,4.54,6.99,10.1,-13.59,6.66,14.5,19.24,2.56,12.0
SIP_0965,SIP_0965: MULTI_ASSET | 52W_HIGH_PROXI | 5Stk | TIME_DECAY_M,MULTI_ASSET_BALANCED,52W_HIGH_PROXIMITY,5,TIME_DECAY_MOMENTUM,10.04,6.0,-11.75,4.4,4.54,6.99,10.1,-13.59,6.66,14.5,19.24,2.56,12.0
SIP_0565,SIP_0565: TACTICAL_MA | 52W_HIGH_PROXI | 5Stk | TIME_DECAY_M,TACTICAL_MACRO_80_20,52W_HIGH_PROXIMITY,5,TIME_DECAY_MOMENTUM,10.04,6.0,-11.75,4.4,4.54,6.99,10.1,-13.59,6.66,14.5,19.24,2.56,12.0
SIP_0263,SIP_0263: TACTICAL_MA | MOM_HURDLE_20 | 5Stk | ADAPTIVE_STR,TACTICAL_MACRO_90_10,MOM_HURDLE_20,5,ADAPTIVE_STRUCTURAL,10.04,1.57,-16.18,1.2,9.95,12.4,22.6,-18.49,1.76,14.5,18.12,1.94,13.0
SIP_0258,SIP_0258: TACTICAL_MA | MOM_HURDLE_20 | 4Stk | ADAPTIVE_STR,TACTICAL_MACRO_90_10,MOM_HURDLE_20,4,ADAPTIVE_STRUCTURAL,10.03,5.36,-12.39,4.0,10.14,12.59,23.0,-17.14,3.11,14.5,12.92,2.29,13.9
SIP_0541,SIP_0541: TACTICAL_MA | MULTI_LOOKBACK | 6Stk | VAN_THARP_3T,TACTICAL_MACRO_80_20,MULTI_LOOKBACK_BLEND,6,VAN_THARP_3TIER,10.03,3.84,-13.9,2.9,8.36,10.81,18.8,-17.65,2.6,14.5,17.05,0.43,10.7
SIP_0941,SIP_0941: MULTI_ASSET | MULTI_LOOKBACK | 6Stk | VAN_THARP_3T,MULTI_ASSET_BALANCED,MULTI_LOOKBACK_BLEND,6,VAN_THARP_3TIER,10.03,3.84,-13.9,2.9,8.36,10.81,18.8,-17.65,2.6,14.5,17.05,0.43,10.7
SIP_0741,SIP_0741: MOMENTUM_RO | MULTI_LOOKBACK | 6Stk | VAN_THARP_3T,MOMENTUM_ROTATE_DYNAMIC,MULTI_LOOKBACK_BLEND,6,VAN_THARP_3TIER,10.03,3.84,-13.9,2.9,8.36,10.81,18.8,-17.65,2.6,14.5,17.05,0.43,10.7
SIP_0412,SIP_0412: TACTICAL_MA | CLENOW_MOMENTU | 5Stk | SMART_STEPLA,TACTICAL_MACRO_80_20,CLENOW_MOMENTUM,5,SMART_STEPLADDER,10.02,8.46,-9.29,6.2,6.63,9.08,14.8,-17.31,2.94,14.5,13.38,1.84,10.7
SIP_0812,SIP_0812: MULTI_ASSET | CLENOW_MOMENTU | 5Stk | SMART_STEPLA,MULTI_ASSET_BALANCED,CLENOW_MOMENTUM,5,SMART_STEPLADDER,10.02,8.46,-9.29,6.2,6.63,9.08,14.8,-17.31,2.94,14.5,13.38,1.84,10.7
SIP_0612,SIP_0612: MOMENTUM_RO | CLENOW_MOMENTU | 5Stk | SMART_STEPLA,MOMENTUM_ROTATE_DYNAMIC,CLENOW_MOMENTUM,5,SMART_STEPLADDER,10.02,8.46,-9.29,6.2,6.63,9.08,14.8,-17.31,2.94,14.5,13.38,1.84,10.7
SIP_0136,SIP_0136: PURE_STOCKS | MULTI_LOOKBACK | 5Stk | VAN_THARP_3T,PURE_STOCKS,MULTI_LOOKBACK_BLEND,5,VAN_THARP_3TIER,10.01,1.26,-16.49,0.9,10.02,12.47,22.7,-19.36,0.9,14.5,18.37,0.33,11.3
SIP_0007,SIP_0007: PURE_STOCKS | CLENOW_MOMENTU | 4Stk | SMART_STEPLA,PURE_STOCKS,CLENOW_MOMENTUM,4,SMART_STEPLADDER,9.99,8.15,-9.6,6.0,9.82,12.27,22.2,-16.53,3.72,14.5,9.63,1.49,14.0
SIP_0331,SIP_0331: TACTICAL_MA | MULTI_LOOKBACK | 4Stk | VAN_THARP_3T,TACTICAL_MACRO_90_10,MULTI_LOOKBACK_BLEND,4,VAN_THARP_3TIER,9.98,3.74,-14.01,2.8,12.9,15.35,29.5,-21.85,-1.6,14.5,11.32,0.34,11.6
SIP_0611,SIP_0611: MOMENTUM_RO | CLENOW_MOMENTU | 5Stk | VAN_THARP_3T,MOMENTUM_ROTATE_DYNAMIC,CLENOW_MOMENTUM,5,VAN_THARP_3TIER,9.96,11.92,-5.83,8.6,3.27,5.72,7.2,-17.12,3.13,14.5,13.09,0.4,6.0
SIP_0411,SIP_0411: TACTICAL_MA | CLENOW_MOMENTU | 5Stk | VAN_THARP_3T,TACTICAL_MACRO_80_20,CLENOW_MOMENTUM,5,VAN_THARP_3TIER,9.96,11.92,-5.83,8.6,3.27,5.72,7.2,-17.12,3.13,14.5,13.09,0.4,6.0
SIP_0811,SIP_0811: MULTI_ASSET | CLENOW_MOMENTU | 5Stk | VAN_THARP_3T,MULTI_ASSET_BALANCED,CLENOW_MOMENTUM,5,VAN_THARP_3TIER,9.96,11.92,-5.83,8.6,3.27,5.72,7.2,-17.12,3.13,14.5,13.09,0.4,6.0
SIP_0132,SIP_0132: PURE_STOCKS | MULTI_LOOKBACK | 4Stk | SMART_STEPLA,PURE_STOCKS,MULTI_LOOKBACK_BLEND,4,SMART_STEPLADDER,9.93,3.81,-13.94,2.8,13.94,16.39,32.0,-21.62,-1.37,14.5,9.74,1.86,14.1
SIP_0328,SIP_0328: TACTICAL_MA | MULTI_LOOKBACK | 3Stk | ADAPTIVE_STR,TACTICAL_MACRO_90_10,MULTI_LOOKBACK_BLEND,3,ADAPTIVE_STRUCTURAL,9.93,2.16,-15.59,1.6,13.27,15.72,30.4,-23.32,-3.07,14.5,12.72,1.64,15.3
SIP_0666,SIP_0666: MOMENTUM_RO | MOM_HURDLE_20 | 6Stk | VAN_THARP_3T,MOMENTUM_ROTATE_DYNAMIC,MOM_HURDLE_20,6,VAN_THARP_3TIER,9.91,-3.45,-21.19,-2.6,15.54,17.99,35.9,-17.81,2.44,14.5,17.12,0.4,7.8
SIP_0866,SIP_0866: MULTI_ASSET | MOM_HURDLE_20 | 6Stk | VAN_THARP_3T,MULTI_ASSET_BALANCED,MOM_HURDLE_20,6,VAN_THARP_3TIER,9.91,-3.45,-21.19,-2.6,15.54,17.99,35.9,-17.81,2.44,14.5,17.12,0.4,7.8
SIP_0327,SIP_0327: TACTICAL_MA | MULTI_LOOKBACK | 3Stk | SMART_STEPLA,TACTICAL_MACRO_90_10,MULTI_LOOKBACK_BLEND,3,SMART_STEPLADDER,9.91,2.93,-14.81,2.2,12.4,14.85,28.4,-23.01,-2.76,14.5,12.62,1.64,18.0
SIP_0466,SIP_0466: TACTICAL_MA | MOM_HURDLE_20 | 6Stk | VAN_THARP_3T,TACTICAL_MACRO_80_20,MOM_HURDLE_20,6,VAN_THARP_3TIER,9.91,-3.45,-21.19,-2.6,15.54,17.99,35.9,-17.81,2.44,14.5,17.12,0.4,7.8
SIP_0409,SIP_0409: TACTICAL_MA | CLENOW_MOMENTU | 4Stk | DYNAMIC_ATR,TACTICAL_MACRO_80_20,CLENOW_MOMENTUM,4,DYNAMIC_ATR,9.88,12.79,-4.96,9.2,7.52,9.97,16.9,-16.61,3.64,14.5,6.33,1.85,13.7
SIP_0609,SIP_0609: MOMENTUM_RO | CLENOW_MOMENTU | 4Stk | DYNAMIC_ATR,MOMENTUM_ROTATE_DYNAMIC,CLENOW_MOMENTUM,4,DYNAMIC_ATR,9.88,12.79,-4.96,9.2,7.52,9.97,16.9,-16.61,3.64,14.5,6.33,1.85,13.7
SIP_0809,SIP_0809: MULTI_ASSET | CLENOW_MOMENTU | 4Stk | DYNAMIC_ATR,MULTI_ASSET_BALANCED,CLENOW_MOMENTUM,4,DYNAMIC_ATR,9.88,12.79,-4.96,9.2,7.52,9.97,16.9,-16.61,3.64,14.5,6.33,1.85,13.7
SIP_0357,SIP_0357: TACTICAL_MA | 52W_HIGH_PROXI | 4Stk | SMART_STEPLA,TACTICAL_MACRO_90_10,52W_HIGH_PROXIMITY,4,SMART_STEPLADDER,9.87,7.17,-10.58,5.3,5.05,7.5,11.2,-13.35,6.9,14.5,16.2,2.23,12.6
SIP_0272,SIP_0272: TACTICAL_MA | MOM_HURDLE_20 | 8Stk | SMART_STEPLA,TACTICAL_MACRO_90_10,MOM_HURDLE_20,8,SMART_STEPLADDER,9.86,-1.57,-19.32,-1.2,14.46,16.91,33.3,-18.79,1.46,14.5,15.78,2.39,11.4
SIP_0156,SIP_0156: PURE_STOCKS | 52W_HIGH_PROXI | 4Stk | VAN_THARP_3T,PURE_STOCKS,52W_HIGH_PROXIMITY,4,VAN_THARP_3TIER,9.84,5.3,-12.45,3.9,6.01,8.46,13.4,-13.07,7.18,14.5,17.31,0.34,10.2
SIP_0163,SIP_0163: PURE_STOCKS | 52W_HIGH_PROXI | 5Stk | ADAPTIVE_STR,PURE_STOCKS,52W_HIGH_PROXIMITY,5,ADAPTIVE_STRUCTURAL,9.84,8.15,-9.6,6.0,1.66,4.11,3.6,-13.67,6.58,14.5,19.05,2.68,9.3
SIP_0690,SIP_0690: MOMENTUM_RO | MOM_HURDLE_30 | 5Stk | TIME_DECAY_M,MOMENTUM_ROTATE_DYNAMIC,MOM_HURDLE_30,5,TIME_DECAY_MOMENTUM,9.83,9.46,-8.29,6.9,6.44,8.89,14.4,-15.8,4.45,14.5,11.44,2.16,12.8
SIP_0490,SIP_0490: TACTICAL_MA | MOM_HURDLE_30 | 5Stk | TIME_DECAY_M,TACTICAL_MACRO_80_20,MOM_HURDLE_30,5,TIME_DECAY_MOMENTUM,9.83,9.46,-8.29,6.9,6.44,8.89,14.4,-15.8,4.45,14.5,11.44,2.16,12.8
SIP_0890,SIP_0890: MULTI_ASSET | MOM_HURDLE_30 | 5Stk | TIME_DECAY_M,MULTI_ASSET_BALANCED,MOM_HURDLE_30,5,TIME_DECAY_MOMENTUM,9.83,9.46,-8.29,6.9,6.44,8.89,14.4,-15.8,4.45,14.5,11.44,2.16,12.8
SIP_0217,SIP_0217: TACTICAL_MA | CLENOW_MOMENTU | 6Stk | SMART_STEPLA,TACTICAL_MACRO_90_10,CLENOW_MOMENTUM,6,SMART_STEPLADDER,9.82,4.49,-13.26,3.3,8.96,11.41,20.2,-17.34,2.91,14.5,14.56,1.84,12.6
SIP_0137,SIP_0137: PURE_STOCKS | MULTI_LOOKBACK | 5Stk | SMART_STEPLA,PURE_STOCKS,MULTI_LOOKBACK_BLEND,5,SMART_STEPLADDER,9.76,2.31,-15.43,1.7,8.39,10.84,18.9,-19.52,0.73,14.5,17.78,1.96,11.3
SIP_0356,SIP_0356: TACTICAL_MA | 52W_HIGH_PROXI | 4Stk | VAN_THARP_3T,TACTICAL_MACRO_90_10,52W_HIGH_PROXIMITY,4,VAN_THARP_3TIER,9.74,5.26,-12.49,3.9,5.75,8.2,12.8,-13.07,7.18,14.5,17.12,0.34,10.0
SIP_0268,SIP_0268: TACTICAL_MA | MOM_HURDLE_20 | 6Stk | ADAPTIVE_STR,TACTICAL_MACRO_90_10,MOM_HURDLE_20,6,ADAPTIVE_STRUCTURAL,9.73,-1.38,-19.13,-1.0,12.72,15.17,29.1,-17.89,2.36,14.5,16.92,2.02,11.6
SIP_0225,SIP_0225: TACTICAL_MA | CLENOW_MOMENTU | 8Stk | TIME_DECAY_M,TACTICAL_MACRO_90_10,CLENOW_MOMENTUM,8,TIME_DECAY_MOMENTUM,9.73,7.86,-9.88,5.8,3.08,5.53,6.8,-18.33,1.92,14.5,17.09,1.85,13.0
SIP_0253,SIP_0253: TACTICAL_MA | MOM_HURDLE_20 | 3Stk | ADAPTIVE_STR,TACTICAL_MACRO_90_10,MOM_HURDLE_20,3,ADAPTIVE_STRUCTURAL,9.72,1.44,-16.31,1.1,9.57,12.02,21.6,-17.02,3.23,14.5,17.17,2.07,17.8
SIP_0667,SIP_0667: MOMENTUM_RO | MOM_HURDLE_20 | 6Stk | SMART_STEPLA,MOMENTUM_ROTATE_DYNAMIC,MOM_HURDLE_20,6,SMART_STEPLADDER,9.71,-1.81,-19.56,-1.4,13.2,15.65,30.2,-18.7,1.55,14.5,16.93,2.34,11.9
SIP_0867,SIP_0867: MULTI_ASSET | MOM_HURDLE_20 | 6Stk | SMART_STEPLA,MULTI_ASSET_BALANCED,MOM_HURDLE_20,6,SMART_STEPLADDER,9.71,-1.81,-19.56,-1.4,13.2,15.65,30.2,-18.7,1.55,14.5,16.93,2.34,11.9
SIP_0530,SIP_0530: TACTICAL_MA | MULTI_LOOKBACK | 3Stk | TIME_DECAY_M,TACTICAL_MACRO_80_20,MULTI_LOOKBACK_BLEND,3,TIME_DECAY_MOMENTUM,9.71,1.26,-16.49,0.9,13.47,15.92,30.9,-23.01,-2.76,14.5,12.58,1.52,18.8
SIP_0730,SIP_0730: MOMENTUM_RO | MULTI_LOOKBACK | 3Stk | TIME_DECAY_M,MOMENTUM_ROTATE_DYNAMIC,MULTI_LOOKBACK_BLEND,3,TIME_DECAY_MOMENTUM,9.71,1.26,-16.49,0.9,13.47,15.92,30.9,-23.01,-2.76,14.5,12.58,1.52,18.8
SIP_0930,SIP_0930: MULTI_ASSET | MULTI_LOOKBACK | 3Stk | TIME_DECAY_M,MULTI_ASSET_BALANCED,MULTI_LOOKBACK_BLEND,3,TIME_DECAY_MOMENTUM,9.71,1.26,-16.49,0.9,13.47,15.92,30.9,-23.01,-2.76,14.5,12.58,1.52,18.8
SIP_0467,SIP_0467: TACTICAL_MA | MOM_HURDLE_20 | 6Stk | SMART_STEPLA,TACTICAL_MACRO_80_20,MOM_HURDLE_20,6,SMART_STEPLADDER,9.71,-1.81,-19.56,-1.4,13.2,15.65,30.2,-18.7,1.55,14.5,16.93,2.34,11.9
SIP_0239,SIP_0239: TACTICAL_MA | CLENOW_HIGH_CO | 5Stk | DYNAMIC_ATR,TACTICAL_MACRO_90_10,CLENOW_HIGH_CONVICTION,5,DYNAMIC_ATR,9.69,8.82,-8.93,6.4,6.22,8.67,13.9,-13.05,7.2,14.5,11.9,2.56,6.6
SIP_0463,SIP_0463: TACTICAL_MA | MOM_HURDLE_20 | 5Stk | ADAPTIVE_STR,TACTICAL_MACRO_80_20,MOM_HURDLE_20,5,ADAPTIVE_STRUCTURAL,9.69,0.74,-17.01,0.6,9.48,11.93,21.4,-18.49,1.76,14.5,17.97,1.94,12.9
SIP_0863,SIP_0863: MULTI_ASSET | MOM_HURDLE_20 | 5Stk | ADAPTIVE_STR,MULTI_ASSET_BALANCED,MOM_HURDLE_20,5,ADAPTIVE_STRUCTURAL,9.69,0.74,-17.01,0.6,9.48,11.93,21.4,-18.49,1.76,14.5,17.97,1.94,12.9
SIP_0663,SIP_0663: MOMENTUM_RO | MOM_HURDLE_20 | 5Stk | ADAPTIVE_STR,MOMENTUM_ROTATE_DYNAMIC,MOM_HURDLE_20,5,ADAPTIVE_STRUCTURAL,9.69,0.74,-17.01,0.6,9.48,11.93,21.4,-18.49,1.76,14.5,17.97,1.94,12.9
SIP_0938,SIP_0938: MULTI_ASSET | MULTI_LOOKBACK | 5Stk | ADAPTIVE_STR,MULTI_ASSET_BALANCED,MULTI_LOOKBACK_BLEND,5,ADAPTIVE_STRUCTURAL,9.68,2.43,-15.32,1.8,8.27,10.72,18.6,-18.57,1.69,14.5,17.35,1.66,9.5
SIP_0538,SIP_0538: TACTICAL_MA | MULTI_LOOKBACK | 5Stk | ADAPTIVE_STR,TACTICAL_MACRO_80_20,MULTI_LOOKBACK_BLEND,5,ADAPTIVE_STRUCTURAL,9.68,2.43,-15.32,1.8,8.27,10.72,18.6,-18.57,1.69,14.5,17.35,1.66,9.5
SIP_0738,SIP_0738: MOMENTUM_RO | MULTI_LOOKBACK | 5Stk | ADAPTIVE_STR,MOMENTUM_ROTATE_DYNAMIC,MULTI_LOOKBACK_BLEND,5,ADAPTIVE_STRUCTURAL,9.68,2.43,-15.32,1.8,8.27,10.72,18.6,-18.57,1.69,14.5,17.35,1.66,9.5
SIP_0118,SIP_0118: PURE_STOCKS | MOM_HURDLE_40 | 6Stk | ADAPTIVE_STR,PURE_STOCKS,MOM_HURDLE_40,6,ADAPTIVE_STRUCTURAL,9.67,42.4,24.66,28.4,12.34,14.79,28.2,-9.47,10.78,-38.6,18.76,1.97,8.7
SIP_0756,SIP_0756: MOMENTUM_RO | 52W_HIGH_PROXI | 4Stk | VAN_THARP_3T,MOMENTUM_ROTATE_DYNAMIC,52W_HIGH_PROXIMITY,4,VAN_THARP_3TIER,9.65,5.07,-12.67,3.8,5.6,8.05,12.5,-13.07,7.18,14.5,17.05,0.34,10.0
SIP_0658,SIP_0658: MOMENTUM_RO | MOM_HURDLE_20 | 4Stk | ADAPTIVE_STR,MOMENTUM_ROTATE_DYNAMIC,MOM_HURDLE_20,4,ADAPTIVE_STRUCTURAL,9.65,4.53,-13.22,3.4,9.41,11.86,21.3,-17.14,3.11,14.5,12.96,2.29,13.8
SIP_0556,SIP_0556: TACTICAL_MA | 52W_HIGH_PROXI | 4Stk | VAN_THARP_3T,TACTICAL_MACRO_80_20,52W_HIGH_PROXIMITY,4,VAN_THARP_3TIER,9.65,5.07,-12.67,3.8,5.6,8.05,12.5,-13.07,7.18,14.5,17.05,0.34,10.0
SIP_0858,SIP_0858: MULTI_ASSET | MOM_HURDLE_20 | 4Stk | ADAPTIVE_STR,MULTI_ASSET_BALANCED,MOM_HURDLE_20,4,ADAPTIVE_STRUCTURAL,9.65,4.53,-13.22,3.4,9.41,11.86,21.3,-17.14,3.11,14.5,12.96,2.29,13.8
SIP_0458,SIP_0458: TACTICAL_MA | MOM_HURDLE_20 | 4Stk | ADAPTIVE_STR,TACTICAL_MACRO_80_20,MOM_HURDLE_20,4,ADAPTIVE_STRUCTURAL,9.65,4.53,-13.22,3.4,9.41,11.86,21.3,-17.14,3.11,14.5,12.96,2.29,13.8
SIP_0956,SIP_0956: MULTI_ASSET | 52W_HIGH_PROXI | 4Stk | VAN_THARP_3T,MULTI_ASSET_BALANCED,52W_HIGH_PROXIMITY,4,VAN_THARP_3TIER,9.65,5.07,-12.67,3.8,5.6,8.05,12.5,-13.07,7.18,14.5,17.05,0.34,10.0
SIP_0928,SIP_0928: MULTI_ASSET | MULTI_LOOKBACK | 3Stk | ADAPTIVE_STR,MULTI_ASSET_BALANCED,MULTI_LOOKBACK_BLEND,3,ADAPTIVE_STRUCTURAL,9.64,1.6,-16.15,1.2,12.65,15.1,28.9,-23.32,-3.07,14.5,12.74,1.64,15.2
SIP_0528,SIP_0528: TACTICAL_MA | MULTI_LOOKBACK | 3Stk | ADAPTIVE_STR,TACTICAL_MACRO_80_20,MULTI_LOOKBACK_BLEND,3,ADAPTIVE_STRUCTURAL,9.64,1.6,-16.15,1.2,12.65,15.1,28.9,-23.32,-3.07,14.5,12.74,1.64,15.2
SIP_0728,SIP_0728: MOMENTUM_RO | MULTI_LOOKBACK | 3Stk | ADAPTIVE_STR,MOMENTUM_ROTATE_DYNAMIC,MULTI_LOOKBACK_BLEND,3,ADAPTIVE_STRUCTURAL,9.64,1.6,-16.15,1.2,12.65,15.1,28.9,-23.32,-3.07,14.5,12.74,1.64,15.2
SIP_0957,SIP_0957: MULTI_ASSET | 52W_HIGH_PROXI | 4Stk | SMART_STEPLA,MULTI_ASSET_BALANCED,52W_HIGH_PROXIMITY,4,SMART_STEPLADDER,9.62,6.62,-11.13,4.9,4.67,7.12,10.4,-13.35,6.9,14.5,16.14,2.23,12.5
SIP_0333,SIP_0333: TACTICAL_MA | MULTI_LOOKBACK | 4Stk | ADAPTIVE_STR,TACTICAL_MACRO_90_10,MULTI_LOOKBACK_BLEND,4,ADAPTIVE_STRUCTURAL,9.62,2.34,-15.41,1.7,13.58,16.03,31.2,-20.29,-0.04,14.5,10.58,1.73,12.2
SIP_0557,SIP_0557: TACTICAL_MA | 52W_HIGH_PROXI | 4Stk | SMART_STEPLA,TACTICAL_MACRO_80_20,52W_HIGH_PROXIMITY,4,SMART_STEPLADDER,9.62,6.62,-11.13,4.9,4.67,7.12,10.4,-13.35,6.9,14.5,16.14,2.23,12.5
SIP_0757,SIP_0757: MOMENTUM_RO | 52W_HIGH_PROXI | 4Stk | SMART_STEPLA,MOMENTUM_ROTATE_DYNAMIC,52W_HIGH_PROXIMITY,4,SMART_STEPLADDER,9.62,6.62,-11.13,4.9,4.67,7.12,10.4,-13.35,6.9,14.5,16.14,2.23,12.5
SIP_0208,SIP_0208: TACTICAL_MA | CLENOW_MOMENTU | 4Stk | ADAPTIVE_STR,TACTICAL_MACRO_90_10,CLENOW_MOMENTUM,4,ADAPTIVE_STRUCTURAL,9.62,5.22,-12.53,3.9,10.91,13.36,24.8,-16.98,3.27,14.5,10.06,1.46,12.7
SIP_0261,SIP_0261: TACTICAL_MA | MOM_HURDLE_20 | 5Stk | VAN_THARP_3T,TACTICAL_MACRO_90_10,MOM_HURDLE_20,5,VAN_THARP_3TIER,9.61,-3.13,-20.87,-2.4,12.45,14.9,28.5,-18.39,1.86,14.5,19.14,0.32,9.8
SIP_0146,SIP_0146: PURE_STOCKS | MULTI_LOOKBACK | 8Stk | VAN_THARP_3T,PURE_STOCKS,MULTI_LOOKBACK_BLEND,8,VAN_THARP_3TIER,9.61,4.25,-13.5,3.1,7.18,9.63,16.1,-16.5,3.75,14.5,16.07,0.39,6.8
SIP_0531,SIP_0531: TACTICAL_MA | MULTI_LOOKBACK | 4Stk | VAN_THARP_3T,TACTICAL_MACRO_80_20,MULTI_LOOKBACK_BLEND,4,VAN_THARP_3TIER,9.6,3.35,-14.4,2.5,11.72,14.17,26.7,-21.85,-1.6,14.5,11.42,0.34,11.5
SIP_0170,SIP_0170: PURE_STOCKS | 52W_HIGH_PROXI | 6Stk | TIME_DECAY_M,PURE_STOCKS,52W_HIGH_PROXIMITY,6,TIME_DECAY_MOMENTUM,9.6,2.57,-15.17,1.9,6.85,9.3,15.3,-13.58,6.67,14.5,18.56,2.58,11.9
SIP_0931,SIP_0931: MULTI_ASSET | MULTI_LOOKBACK | 4Stk | VAN_THARP_3T,MULTI_ASSET_BALANCED,MULTI_LOOKBACK_BLEND,4,VAN_THARP_3TIER,9.6,3.35,-14.4,2.5,11.72,14.17,26.7,-21.85,-1.6,14.5,11.42,0.34,11.5
SIP_0295,SIP_0295: TACTICAL_MA | MOM_HURDLE_30 | 6Stk | TIME_DECAY_M,TACTICAL_MACRO_90_10,MOM_HURDLE_30,6,TIME_DECAY_MOMENTUM,9.6,6.35,-11.4,4.7,5.91,8.36,13.2,-15.18,5.07,14.5,14.84,2.35,11.8
SIP_0731,SIP_0731: MOMENTUM_RO | MULTI_LOOKBACK | 4Stk | VAN_THARP_3T,MOMENTUM_ROTATE_DYNAMIC,MULTI_LOOKBACK_BLEND,4,VAN_THARP_3TIER,9.6,3.35,-14.4,2.5,11.72,14.17,26.7,-21.85,-1.6,14.5,11.42,0.34,11.5
SIP_0140,SIP_0140: PURE_STOCKS | MULTI_LOOKBACK | 5Stk | TIME_DECAY_M,PURE_STOCKS,MULTI_LOOKBACK_BLEND,5,TIME_DECAY_MOMENTUM,9.6,1.98,-15.76,1.5,9.28,11.73,21.0,-19.77,0.48,14.5,16.19,1.9,13.3
SIP_0927,SIP_0927: MULTI_ASSET | MULTI_LOOKBACK | 3Stk | SMART_STEPLA,MULTI_ASSET_BALANCED,MULTI_LOOKBACK_BLEND,3,SMART_STEPLADDER,9.59,2.35,-15.4,1.8,11.71,14.16,26.7,-23.01,-2.76,14.5,12.62,1.64,18.0
SIP_0727,SIP_0727: MOMENTUM_RO | MULTI_LOOKBACK | 3Stk | SMART_STEPLA,MOMENTUM_ROTATE_DYNAMIC,MULTI_LOOKBACK_BLEND,3,SMART_STEPLADDER,9.59,2.35,-15.4,1.8,11.71,14.16,26.7,-23.01,-2.76,14.5,12.62,1.64,18.0
SIP_0527,SIP_0527: TACTICAL_MA | MULTI_LOOKBACK | 3Stk | SMART_STEPLA,TACTICAL_MACRO_80_20,MULTI_LOOKBACK_BLEND,3,SMART_STEPLADDER,9.59,2.35,-15.4,1.8,11.71,14.16,26.7,-23.01,-2.76,14.5,12.62,1.64,18.0
SIP_0071,SIP_0071: PURE_STOCKS | MOM_HURDLE_20 | 8Stk | VAN_THARP_3T,PURE_STOCKS,MOM_HURDLE_20,8,VAN_THARP_3TIER,9.56,-7.94,-25.69,-6.1,19.68,22.13,46.1,-19.57,0.68,14.5,16.3,0.43,11.4
SIP_0439,SIP_0439: TACTICAL_MA | CLENOW_HIGH_CO | 5Stk | DYNAMIC_ATR,TACTICAL_MACRO_80_20,CLENOW_HIGH_CONVICTION,5,DYNAMIC_ATR,9.53,8.64,-9.11,6.3,5.73,8.18,12.8,-13.05,7.2,14.5,11.91,2.56,6.5
SIP_0839,SIP_0839: MULTI_ASSET | CLENOW_HIGH_CO | 5Stk | DYNAMIC_ATR,MULTI_ASSET_BALANCED,CLENOW_HIGH_CONVICTION,5,DYNAMIC_ATR,9.53,8.64,-9.11,6.3,5.73,8.18,12.8,-13.05,7.2,14.5,11.91,2.56,6.5
SIP_0639,SIP_0639: MOMENTUM_RO | CLENOW_HIGH_CO | 5Stk | DYNAMIC_ATR,MOMENTUM_ROTATE_DYNAMIC,CLENOW_HIGH_CONVICTION,5,DYNAMIC_ATR,9.53,8.64,-9.11,6.3,5.73,8.18,12.8,-13.05,7.2,14.5,11.91,2.56,6.5
SIP_0344,SIP_0344: TACTICAL_MA | MULTI_LOOKBACK | 6Stk | DYNAMIC_ATR,TACTICAL_MACRO_90_10,MULTI_LOOKBACK_BLEND,6,DYNAMIC_ATR,9.5,6.39,-11.36,4.7,9.12,11.57,20.6,-17.28,2.97,14.5,10.3,1.77,8.6
SIP_0005,SIP_0005: PURE_STOCKS | CLENOW_MOMENTU | 3Stk | TIME_DECAY_M,PURE_STOCKS,CLENOW_MOMENTUM,3,TIME_DECAY_MOMENTUM,9.49,6.41,-11.33,4.7,11.03,13.48,25.1,-18.25,2.0,14.5,7.87,1.46,13.3
SIP_0149,SIP_0149: PURE_STOCKS | MULTI_LOOKBACK | 8Stk | DYNAMIC_ATR,PURE_STOCKS,MULTI_LOOKBACK_BLEND,8,DYNAMIC_ATR,9.47,5.24,-12.5,3.9,7.82,10.27,17.6,-15.96,4.29,14.5,13.17,1.7,9.5
SIP_0143,SIP_0143: PURE_STOCKS | MULTI_LOOKBACK | 6Stk | ADAPTIVE_STR,PURE_STOCKS,MULTI_LOOKBACK_BLEND,6,ADAPTIVE_STRUCTURAL,9.45,3.78,-13.97,2.8,6.71,9.16,15.0,-17.44,2.81,14.5,16.42,1.72,10.0
SIP_0123,SIP_0123: PURE_STOCKS | MOM_HURDLE_40 | 8Stk | ADAPTIVE_STR,PURE_STOCKS,MOM_HURDLE_40,8,ADAPTIVE_STRUCTURAL,9.45,39.4,21.65,26.6,13.6,16.05,31.2,-9.22,11.03,-37.8,18.43,2.04,7.2
SIP_0368,SIP_0368: TACTICAL_MA | 52W_HIGH_PROXI | 6Stk | ADAPTIVE_STR,TACTICAL_MACRO_90_10,52W_HIGH_PROXIMITY,6,ADAPTIVE_STRUCTURAL,9.44,6.05,-11.69,4.5,1.15,3.6,2.5,-14.57,5.68,14.5,20.33,2.9,10.4
SIP_0020,SIP_0020: PURE_STOCKS | CLENOW_MOMENTU | 6Stk | TIME_DECAY_M,PURE_STOCKS,CLENOW_MOMENTUM,6,TIME_DECAY_MOMENTUM,9.38,4.49,-13.26,3.3,6.43,8.88,14.4,-17.54,2.71,14.5,15.52,1.71,12.7
SIP_0425,SIP_0425: TACTICAL_MA | CLENOW_MOMENTU | 8Stk | TIME_DECAY_M,TACTICAL_MACRO_80_20,CLENOW_MOMENTUM,8,TIME_DECAY_MOMENTUM,9.35,6.85,-10.89,5.0,2.72,5.17,6.0,-18.33,1.92,14.5,17.02,1.85,13.0
SIP_0661,SIP_0661: MOMENTUM_RO | MOM_HURDLE_20 | 5Stk | VAN_THARP_3T,MOMENTUM_ROTATE_DYNAMIC,MOM_HURDLE_20,5,VAN_THARP_3TIER,9.35,-3.34,-21.08,-2.5,11.62,14.07,26.5,-18.39,1.86,14.5,19.02,0.32,9.3
SIP_0625,SIP_0625: MOMENTUM_RO | CLENOW_MOMENTU | 8Stk | TIME_DECAY_M,MOMENTUM_ROTATE_DYNAMIC,CLENOW_MOMENTUM,8,TIME_DECAY_MOMENTUM,9.35,6.85,-10.89,5.0,2.72,5.17,6.0,-18.33,1.92,14.5,17.02,1.85,13.0
SIP_0461,SIP_0461: TACTICAL_MA | MOM_HURDLE_20 | 5Stk | VAN_THARP_3T,TACTICAL_MACRO_80_20,MOM_HURDLE_20,5,VAN_THARP_3TIER,9.35,-3.34,-21.08,-2.5,11.62,14.07,26.5,-18.39,1.86,14.5,19.02,0.32,9.3
SIP_0825,SIP_0825: MULTI_ASSET | CLENOW_MOMENTU | 8Stk | TIME_DECAY_M,MULTI_ASSET_BALANCED,CLENOW_MOMENTUM,8,TIME_DECAY_MOMENTUM,9.35,6.85,-10.89,5.0,2.72,5.17,6.0,-18.33,1.92,14.5,17.02,1.85,13.0
SIP_0861,SIP_0861: MULTI_ASSET | MOM_HURDLE_20 | 5Stk | VAN_THARP_3T,MULTI_ASSET_BALANCED,MOM_HURDLE_20,5,VAN_THARP_3TIER,9.35,-3.34,-21.08,-2.5,11.62,14.07,26.5,-18.39,1.86,14.5,19.02,0.32,9.3
SIP_0817,SIP_0817: MULTI_ASSET | CLENOW_MOMENTU | 6Stk | SMART_STEPLA,MULTI_ASSET_BALANCED,CLENOW_MOMENTUM,6,SMART_STEPLADDER,9.34,3.44,-14.31,2.5,8.18,10.63,18.4,-17.34,2.91,14.5,14.54,1.84,12.5
SIP_0417,SIP_0417: TACTICAL_MA | CLENOW_MOMENTU | 6Stk | SMART_STEPLA,TACTICAL_MACRO_80_20,CLENOW_MOMENTUM,6,SMART_STEPLADDER,9.34,3.44,-14.31,2.5,8.18,10.63,18.4,-17.34,2.91,14.5,14.54,1.84,12.5
SIP_0617,SIP_0617: MOMENTUM_RO | CLENOW_MOMENTU | 6Stk | SMART_STEPLA,MOMENTUM_ROTATE_DYNAMIC,CLENOW_MOMENTUM,6,SMART_STEPLADDER,9.34,3.44,-14.31,2.5,8.18,10.63,18.4,-17.34,2.91,14.5,14.54,1.84,12.5
SIP_0672,SIP_0672: MOMENTUM_RO | MOM_HURDLE_20 | 8Stk | SMART_STEPLA,MOMENTUM_ROTATE_DYNAMIC,MOM_HURDLE_20,8,SMART_STEPLADDER,9.33,-2.1,-19.84,-1.6,12.98,15.43,29.7,-18.79,1.46,14.5,15.68,2.39,11.3
SIP_0668,SIP_0668: MOMENTUM_RO | MOM_HURDLE_20 | 6Stk | ADAPTIVE_STR,MOMENTUM_ROTATE_DYNAMIC,MOM_HURDLE_20,6,ADAPTIVE_STRUCTURAL,9.33,-2.03,-19.78,-1.5,11.93,14.38,27.2,-17.89,2.36,14.5,16.8,2.02,11.5
SIP_0472,SIP_0472: TACTICAL_MA | MOM_HURDLE_20 | 8Stk | SMART_STEPLA,TACTICAL_MACRO_80_20,MOM_HURDLE_20,8,SMART_STEPLADDER,9.33,-2.1,-19.84,-1.6,12.98,15.43,29.7,-18.79,1.46,14.5,15.68,2.39,11.3
SIP_0872,SIP_0872: MULTI_ASSET | MOM_HURDLE_20 | 8Stk | SMART_STEPLA,MULTI_ASSET_BALANCED,MOM_HURDLE_20,8,SMART_STEPLADDER,9.33,-2.1,-19.84,-1.6,12.98,15.43,29.7,-18.79,1.46,14.5,15.68,2.39,11.3
SIP_0468,SIP_0468: TACTICAL_MA | MOM_HURDLE_20 | 6Stk | ADAPTIVE_STR,TACTICAL_MACRO_80_20,MOM_HURDLE_20,6,ADAPTIVE_STRUCTURAL,9.33,-2.03,-19.78,-1.5,11.93,14.38,27.2,-17.89,2.36,14.5,16.8,2.02,11.5
SIP_0868,SIP_0868: MULTI_ASSET | MOM_HURDLE_20 | 6Stk | ADAPTIVE_STR,MULTI_ASSET_BALANCED,MOM_HURDLE_20,6,ADAPTIVE_STRUCTURAL,9.33,-2.03,-19.78,-1.5,11.93,14.38,27.2,-17.89,2.36,14.5,16.8,2.02,11.5
SIP_0363,SIP_0363: TACTICAL_MA | 52W_HIGH_PROXI | 5Stk | ADAPTIVE_STR,TACTICAL_MACRO_90_10,52W_HIGH_PROXIMITY,5,ADAPTIVE_STRUCTURAL,9.32,6.33,-11.41,4.7,1.67,4.12,3.7,-13.67,6.58,14.5,18.75,2.68,9.1
SIP_0336,SIP_0336: TACTICAL_MA | MULTI_LOOKBACK | 5Stk | VAN_THARP_3T,TACTICAL_MACRO_90_10,MULTI_LOOKBACK_BLEND,5,VAN_THARP_3TIER,9.3,0.48,-17.27,0.4,8.1,10.55,18.2,-19.36,0.9,14.5,18.09,0.33,11.1
SIP_0051,SIP_0051: PURE_STOCKS | MOM_HURDLE_20 | 3Stk | VAN_THARP_3T,PURE_STOCKS,MOM_HURDLE_20,3,VAN_THARP_3TIER,9.29,-5.46,-23.2,-4.2,13.55,16.0,31.1,-17.5,2.75,14.5,19.3,0.32,15.2
SIP_0257,SIP_0257: TACTICAL_MA | MOM_HURDLE_20 | 4Stk | SMART_STEPLA,TACTICAL_MACRO_90_10,MOM_HURDLE_20,4,SMART_STEPLADDER,9.28,1.78,-15.97,1.3,10.96,13.41,24.9,-17.85,2.4,14.5,12.85,2.33,14.5
SIP_0346,SIP_0346: TACTICAL_MA | MULTI_LOOKBACK | 8Stk | VAN_THARP_3T,TACTICAL_MACRO_90_10,MULTI_LOOKBACK_BLEND,8,VAN_THARP_3TIER,9.28,4.55,-13.2,3.4,5.61,8.06,12.5,-16.5,3.75,14.5,15.85,0.39,5.5
SIP_0010,SIP_0010: PURE_STOCKS | CLENOW_MOMENTU | 4Stk | TIME_DECAY_M,PURE_STOCKS,CLENOW_MOMENTUM,4,TIME_DECAY_MOMENTUM,9.25,5.89,-11.86,4.3,9.16,11.61,20.7,-16.58,3.67,14.5,9.7,1.37,13.0
SIP_0653,SIP_0653: MOMENTUM_RO | MOM_HURDLE_20 | 3Stk | ADAPTIVE_STR,MOMENTUM_ROTATE_DYNAMIC,MOM_HURDLE_20,3,ADAPTIVE_STRUCTURAL,9.23,0.5,-17.24,0.4,8.6,11.05,19.4,-17.02,3.23,14.5,17.13,2.07,17.7
SIP_0853,SIP_0853: MULTI_ASSET | MOM_HURDLE_20 | 3Stk | ADAPTIVE_STR,MULTI_ASSET_BALANCED,MOM_HURDLE_20,3,ADAPTIVE_STRUCTURAL,9.23,0.5,-17.24,0.4,8.6,11.05,19.4,-17.02,3.23,14.5,17.13,2.07,17.7
SIP_0453,SIP_0453: TACTICAL_MA | MOM_HURDLE_20 | 3Stk | ADAPTIVE_STR,TACTICAL_MACRO_80_20,MOM_HURDLE_20,3,ADAPTIVE_STRUCTURAL,9.23,0.5,-17.24,0.4,8.6,11.05,19.4,-17.02,3.23,14.5,17.13,2.07,17.7
SIP_0933,SIP_0933: MULTI_ASSET | MULTI_LOOKBACK | 4Stk | ADAPTIVE_STR,MULTI_ASSET_BALANCED,MULTI_LOOKBACK_BLEND,4,ADAPTIVE_STRUCTURAL,9.21,1.67,-16.08,1.2,12.57,15.02,28.8,-20.29,-0.04,14.5,10.68,1.73,12.1
SIP_0533,SIP_0533: TACTICAL_MA | MULTI_LOOKBACK | 4Stk | ADAPTIVE_STR,TACTICAL_MACRO_80_20,MULTI_LOOKBACK_BLEND,4,ADAPTIVE_STRUCTURAL,9.21,1.67,-16.08,1.2,12.57,15.02,28.8,-20.29,-0.04,14.5,10.68,1.73,12.1
SIP_0568,SIP_0568: TACTICAL_MA | 52W_HIGH_PROXI | 6Stk | ADAPTIVE_STR,TACTICAL_MACRO_80_20,52W_HIGH_PROXIMITY,6,ADAPTIVE_STRUCTURAL,9.21,5.21,-12.54,3.9,1.2,3.65,2.6,-14.57,5.68,14.5,20.15,2.9,10.3
SIP_0733,SIP_0733: MOMENTUM_RO | MULTI_LOOKBACK | 4Stk | ADAPTIVE_STR,MOMENTUM_ROTATE_DYNAMIC,MULTI_LOOKBACK_BLEND,4,ADAPTIVE_STRUCTURAL,9.21,1.67,-16.08,1.2,12.57,15.02,28.8,-20.29,-0.04,14.5,10.68,1.73,12.1
SIP_0768,SIP_0768: MOMENTUM_RO | 52W_HIGH_PROXI | 6Stk | ADAPTIVE_STR,MOMENTUM_ROTATE_DYNAMIC,52W_HIGH_PROXIMITY,6,ADAPTIVE_STRUCTURAL,9.21,5.21,-12.54,3.9,1.2,3.65,2.6,-14.57,5.68,14.5,20.15,2.9,10.3
SIP_0968,SIP_0968: MULTI_ASSET | 52W_HIGH_PROXI | 6Stk | ADAPTIVE_STR,MULTI_ASSET_BALANCED,52W_HIGH_PROXIMITY,6,ADAPTIVE_STRUCTURAL,9.21,5.21,-12.54,3.9,1.2,3.65,2.6,-14.57,5.68,14.5,20.15,2.9,10.3
SIP_0370,SIP_0370: TACTICAL_MA | 52W_HIGH_PROXI | 6Stk | TIME_DECAY_M,TACTICAL_MACRO_90_10,52W_HIGH_PROXIMITY,6,TIME_DECAY_MOMENTUM,9.18,2.49,-15.26,1.9,5.41,7.86,12.1,-13.58,6.67,14.5,18.23,2.58,11.7
SIP_0135,SIP_0135: PURE_STOCKS | MULTI_LOOKBACK | 4Stk | TIME_DECAY_M,PURE_STOCKS,MULTI_LOOKBACK_BLEND,4,TIME_DECAY_MOMENTUM,9.18,0.67,-17.08,0.5,13.57,16.02,31.1,-21.72,-1.47,14.5,10.5,1.73,16.7
SIP_0006,SIP_0006: PURE_STOCKS | CLENOW_MOMENTU | 4Stk | VAN_THARP_3T,PURE_STOCKS,CLENOW_MOMENTUM,4,VAN_THARP_3TIER,9.17,5.81,-11.94,4.3,9.01,11.46,20.3,-16.55,3.7,14.5,9.48,0.36,8.7
SIP_0300,SIP_0300: TACTICAL_MA | MOM_HURDLE_30 | 8Stk | TIME_DECAY_M,TACTICAL_MACRO_90_10,MOM_HURDLE_30,8,TIME_DECAY_MOMENTUM,9.17,6.98,-10.77,5.1,4.94,7.39,11.0,-15.18,5.07,14.5,13.2,2.44,12.0
SIP_0936,SIP_0936: MULTI_ASSET | MULTI_LOOKBACK | 5Stk | VAN_THARP_3T,MULTI_ASSET_BALANCED,MULTI_LOOKBACK_BLEND,5,VAN_THARP_3TIER,9.12,0.42,-17.33,0.3,7.53,9.98,16.9,-19.36,0.9,14.5,18.09,0.33,10.9
SIP_0536,SIP_0536: TACTICAL_MA | MULTI_LOOKBACK | 5Stk | VAN_THARP_3T,TACTICAL_MACRO_80_20,MULTI_LOOKBACK_BLEND,5,VAN_THARP_3TIER,9.12,0.42,-17.33,0.3,7.53,9.98,16.9,-19.36,0.9,14.5,18.09,0.33,10.9
SIP_0736,SIP_0736: MOMENTUM_RO | MULTI_LOOKBACK | 5Stk | VAN_THARP_3T,MOMENTUM_ROTATE_DYNAMIC,MULTI_LOOKBACK_BLEND,5,VAN_THARP_3TIER,9.12,0.42,-17.33,0.3,7.53,9.98,16.9,-19.36,0.9,14.5,18.09,0.33,10.9
SIP_0808,SIP_0808: MULTI_ASSET | CLENOW_MOMENTU | 4Stk | ADAPTIVE_STR,MULTI_ASSET_BALANCED,CLENOW_MOMENTUM,4,ADAPTIVE_STRUCTURAL,9.09,3.77,-13.98,2.8,10.41,12.86,23.6,-16.98,3.27,14.5,10.0,1.46,12.6
SIP_0944,SIP_0944: MULTI_ASSET | MULTI_LOOKBACK | 6Stk | DYNAMIC_ATR,MULTI_ASSET_BALANCED,MULTI_LOOKBACK_BLEND,6,DYNAMIC_ATR,9.09,5.37,-12.38,4.0,8.49,10.94,19.1,-17.28,2.97,14.5,10.27,1.77,8.5
SIP_0408,SIP_0408: TACTICAL_MA | CLENOW_MOMENTU | 4Stk | ADAPTIVE_STR,TACTICAL_MACRO_80_20,CLENOW_MOMENTUM,4,ADAPTIVE_STRUCTURAL,9.09,3.77,-13.98,2.8,10.41,12.86,23.6,-16.98,3.27,14.5,10.0,1.46,12.6
SIP_0608,SIP_0608: MOMENTUM_RO | CLENOW_MOMENTU | 4Stk | ADAPTIVE_STR,MOMENTUM_ROTATE_DYNAMIC,CLENOW_MOMENTUM,4,ADAPTIVE_STRUCTURAL,9.09,3.77,-13.98,2.8,10.41,12.86,23.6,-16.98,3.27,14.5,10.0,1.46,12.6
SIP_0544,SIP_0544: TACTICAL_MA | MULTI_LOOKBACK | 6Stk | DYNAMIC_ATR,TACTICAL_MACRO_80_20,MULTI_LOOKBACK_BLEND,6,DYNAMIC_ATR,9.09,5.37,-12.38,4.0,8.49,10.94,19.1,-17.28,2.97,14.5,10.27,1.77,8.5
SIP_0744,SIP_0744: MOMENTUM_RO | MULTI_LOOKBACK | 6Stk | DYNAMIC_ATR,MOMENTUM_ROTATE_DYNAMIC,MULTI_LOOKBACK_BLEND,6,DYNAMIC_ATR,9.09,5.37,-12.38,4.0,8.49,10.94,19.1,-17.28,2.97,14.5,10.27,1.77,8.5
SIP_0495,SIP_0495: TACTICAL_MA | MOM_HURDLE_30 | 6Stk | TIME_DECAY_M,TACTICAL_MACRO_80_20,MOM_HURDLE_30,6,TIME_DECAY_MOMENTUM,9.07,4.95,-12.8,3.6,5.33,7.78,11.9,-15.18,5.07,14.5,14.8,2.35,11.7
SIP_0746,SIP_0746: MOMENTUM_RO | MULTI_LOOKBACK | 8Stk | VAN_THARP_3T,MOMENTUM_ROTATE_DYNAMIC,MULTI_LOOKBACK_BLEND,8,VAN_THARP_3TIER,9.07,4.69,-13.06,3.5,4.8,7.25,10.7,-16.5,3.75,14.5,15.65,0.39,5.5
SIP_0695,SIP_0695: MOMENTUM_RO | MOM_HURDLE_30 | 6Stk | TIME_DECAY_M,MOMENTUM_ROTATE_DYNAMIC,MOM_HURDLE_30,6,TIME_DECAY_MOMENTUM,9.07,4.95,-12.8,3.6,5.33,7.78,11.9,-15.18,5.07,14.5,14.8,2.35,11.7
SIP_0546,SIP_0546: TACTICAL_MA | MULTI_LOOKBACK | 8Stk | VAN_THARP_3T,TACTICAL_MACRO_80_20,MULTI_LOOKBACK_BLEND,8,VAN_THARP_3TIER,9.07,4.69,-13.06,3.5,4.8,7.25,10.7,-16.5,3.75,14.5,15.65,0.39,5.5
SIP_0895,SIP_0895: MULTI_ASSET | MOM_HURDLE_30 | 6Stk | TIME_DECAY_M,MULTI_ASSET_BALANCED,MOM_HURDLE_30,6,TIME_DECAY_MOMENTUM,9.07,4.95,-12.8,3.6,5.33,7.78,11.9,-15.18,5.07,14.5,14.8,2.35,11.7
SIP_0946,SIP_0946: MULTI_ASSET | MULTI_LOOKBACK | 8Stk | VAN_THARP_3T,MULTI_ASSET_BALANCED,MULTI_LOOKBACK_BLEND,8,VAN_THARP_3TIER,9.07,4.69,-13.06,3.5,4.8,7.25,10.7,-16.5,3.75,14.5,15.65,0.39,5.5
SIP_0117,SIP_0117: PURE_STOCKS | MOM_HURDLE_40 | 6Stk | SMART_STEPLA,PURE_STOCKS,MOM_HURDLE_40,6,SMART_STEPLADDER,9.05,26.83,9.08,18.7,19.53,21.98,45.7,-8.04,12.21,-33.6,18.65,2.56,9.1
SIP_0963,SIP_0963: MULTI_ASSET | 52W_HIGH_PROXI | 5Stk | ADAPTIVE_STR,MULTI_ASSET_BALANCED,52W_HIGH_PROXIMITY,5,ADAPTIVE_STRUCTURAL,9.04,5.57,-12.17,4.1,1.48,3.93,3.2,-13.67,6.58,14.5,18.59,2.68,9.0
SIP_0563,SIP_0563: TACTICAL_MA | 52W_HIGH_PROXI | 5Stk | ADAPTIVE_STR,TACTICAL_MACRO_80_20,52W_HIGH_PROXIMITY,5,ADAPTIVE_STRUCTURAL,9.04,5.57,-12.17,4.1,1.48,3.93,3.2,-13.67,6.58,14.5,18.59,2.68,9.0
SIP_0763,SIP_0763: MOMENTUM_RO | 52W_HIGH_PROXI | 5Stk | ADAPTIVE_STR,MOMENTUM_ROTATE_DYNAMIC,52W_HIGH_PROXIMITY,5,ADAPTIVE_STRUCTURAL,9.04,5.57,-12.17,4.1,1.48,3.93,3.2,-13.67,6.58,14.5,18.59,2.68,9.0
SIP_0262,SIP_0262: TACTICAL_MA | MOM_HURDLE_20 | 5Stk | SMART_STEPLA,TACTICAL_MACRO_90_10,MOM_HURDLE_20,5,SMART_STEPLADDER,9.02,-3.44,-21.18,-2.6,10.48,12.92,23.8,-18.93,1.33,14.5,18.98,2.12,13.5
SIP_0770,SIP_0770: MOMENTUM_RO | 52W_HIGH_PROXI | 6Stk | TIME_DECAY_M,MOMENTUM_ROTATE_DYNAMIC,52W_HIGH_PROXIMITY,6,TIME_DECAY_MOMENTUM,8.97,2.26,-15.49,1.7,4.92,7.37,10.9,-13.58,6.67,14.5,18.14,2.58,11.6
SIP_0970,SIP_0970: MULTI_ASSET | 52W_HIGH_PROXI | 6Stk | TIME_DECAY_M,MULTI_ASSET_BALANCED,52W_HIGH_PROXIMITY,6,TIME_DECAY_MOMENTUM,8.97,2.26,-15.49,1.7,4.92,7.37,10.9,-13.58,6.67,14.5,18.14,2.58,11.6
SIP_0570,SIP_0570: TACTICAL_MA | 52W_HIGH_PROXI | 6Stk | TIME_DECAY_M,TACTICAL_MACRO_80_20,52W_HIGH_PROXIMITY,6,TIME_DECAY_MOMENTUM,8.97,2.26,-15.49,1.7,4.92,7.37,10.9,-13.58,6.67,14.5,18.14,2.58,11.6
SIP_0112,SIP_0112: PURE_STOCKS | MOM_HURDLE_40 | 5Stk | SMART_STEPLA,PURE_STOCKS,MOM_HURDLE_40,5,SMART_STEPLADDER,8.96,30.4,12.65,21.0,17.6,20.05,41.0,-8.84,11.41,-36.5,19.49,2.21,9.2
SIP_0244,SIP_0244: TACTICAL_MA | CLENOW_HIGH_CO | 6Stk | DYNAMIC_ATR,TACTICAL_MACRO_90_10,CLENOW_HIGH_CONVICTION,6,DYNAMIC_ATR,8.92,7.93,-9.82,5.8,7.13,9.58,16.0,-13.17,7.08,14.5,7.98,2.26,4.8
SIP_0173,SIP_0173: PURE_STOCKS | 52W_HIGH_PROXI | 8Stk | ADAPTIVE_STR,PURE_STOCKS,52W_HIGH_PROXIMITY,8,ADAPTIVE_STRUCTURAL,8.89,9.0,-8.75,6.6,0.61,3.06,1.4,-13.06,7.19,14.5,14.57,2.77,7.6
SIP_0657,SIP_0657: MOMENTUM_RO | MOM_HURDLE_20 | 4Stk | SMART_STEPLA,MOMENTUM_ROTATE_DYNAMIC,MOM_HURDLE_20,4,SMART_STEPLADDER,8.88,1.05,-16.7,0.8,10.04,12.49,22.8,-17.85,2.4,14.5,12.89,2.33,14.5
SIP_0857,SIP_0857: MULTI_ASSET | MOM_HURDLE_20 | 4Stk | SMART_STEPLA,MULTI_ASSET_BALANCED,MOM_HURDLE_20,4,SMART_STEPLADDER,8.88,1.05,-16.7,0.8,10.04,12.49,22.8,-17.85,2.4,14.5,12.89,2.33,14.5
SIP_0457,SIP_0457: TACTICAL_MA | MOM_HURDLE_20 | 4Stk | SMART_STEPLA,TACTICAL_MACRO_80_20,MOM_HURDLE_20,4,SMART_STEPLADDER,8.88,1.05,-16.7,0.8,10.04,12.49,22.8,-17.85,2.4,14.5,12.89,2.33,14.5
SIP_0207,SIP_0207: TACTICAL_MA | CLENOW_MOMENTU | 4Stk | SMART_STEPLA,TACTICAL_MACRO_90_10,CLENOW_MOMENTUM,4,SMART_STEPLADDER,8.83,5.56,-12.19,4.1,7.68,10.13,17.3,-16.53,3.72,14.5,9.82,1.49,13.8
SIP_0107,SIP_0107: PURE_STOCKS | MOM_HURDLE_40 | 4Stk | SMART_STEPLA,PURE_STOCKS,MOM_HURDLE_40,4,SMART_STEPLADDER,8.79,32.72,14.97,22.4,19.38,21.83,45.4,-8.45,11.8,-35.1,12.58,2.37,6.4
SIP_0343,SIP_0343: TACTICAL_MA | MULTI_LOOKBACK | 6Stk | ADAPTIVE_STR,TACTICAL_MACRO_90_10,MULTI_LOOKBACK_BLEND,6,ADAPTIVE_STRUCTURAL,8.78,2.12,-15.62,1.6,5.79,8.24,12.9,-17.44,2.81,14.5,16.28,1.72,9.7
SIP_0164,SIP_0164: PURE_STOCKS | 52W_HIGH_PROXI | 5Stk | DYNAMIC_ATR,PURE_STOCKS,52W_HIGH_PROXIMITY,5,DYNAMIC_ATR,8.75,4.43,-13.31,3.3,4.01,6.46,8.9,-13.52,6.73,14.5,15.41,2.62,10.6
SIP_0366,SIP_0366: TACTICAL_MA | 52W_HIGH_PROXI | 6Stk | VAN_THARP_3T,TACTICAL_MACRO_90_10,52W_HIGH_PROXIMITY,6,VAN_THARP_3TIER,8.74,4.35,-13.4,3.2,0.17,2.62,0.4,-14.31,5.94,14.5,20.31,0.39,4.4
SIP_0166,SIP_0166: PURE_STOCKS | 52W_HIGH_PROXI | 6Stk | VAN_THARP_3T,PURE_STOCKS,52W_HIGH_PROXIMITY,6,VAN_THARP_3TIER,8.71,4.37,-13.38,3.2,-0.23,2.22,-0.5,-14.31,5.94,14.5,20.68,0.39,4.9
SIP_0120,SIP_0120: PURE_STOCKS | MOM_HURDLE_40 | 6Stk | TIME_DECAY_M,PURE_STOCKS,MOM_HURDLE_40,6,TIME_DECAY_MOMENTUM,8.69,27.3,9.55,19.0,20.1,22.55,47.1,-7.8,12.45,-32.8,14.79,2.54,9.5
SIP_0966,SIP_0966: MULTI_ASSET | 52W_HIGH_PROXI | 6Stk | VAN_THARP_3T,MULTI_ASSET_BALANCED,52W_HIGH_PROXIMITY,6,VAN_THARP_3TIER,8.68,4.27,-13.47,3.2,0.02,2.47,0.1,-14.31,5.94,14.5,20.21,0.39,4.3
SIP_0566,SIP_0566: TACTICAL_MA | 52W_HIGH_PROXI | 6Stk | VAN_THARP_3T,TACTICAL_MACRO_80_20,52W_HIGH_PROXIMITY,6,VAN_THARP_3TIER,8.68,4.27,-13.47,3.2,0.02,2.47,0.1,-14.31,5.94,14.5,20.21,0.39,4.3
SIP_0766,SIP_0766: MOMENTUM_RO | 52W_HIGH_PROXI | 6Stk | VAN_THARP_3T,MOMENTUM_ROTATE_DYNAMIC,52W_HIGH_PROXIMITY,6,VAN_THARP_3TIER,8.68,4.27,-13.47,3.2,0.02,2.47,0.1,-14.31,5.94,14.5,20.21,0.39,4.3
SIP_0900,SIP_0900: MULTI_ASSET | MOM_HURDLE_30 | 8Stk | TIME_DECAY_M,MULTI_ASSET_BALANCED,MOM_HURDLE_30,8,TIME_DECAY_MOMENTUM,8.67,5.47,-12.28,4.0,4.52,6.97,10.0,-15.18,5.07,14.5,13.14,2.44,11.9
SIP_0271,SIP_0271: TACTICAL_MA | MOM_HURDLE_20 | 8Stk | VAN_THARP_3T,TACTICAL_MACRO_90_10,MOM_HURDLE_20,8,VAN_THARP_3TIER,8.67,-7.52,-25.27,-5.8,15.97,18.42,37.0,-19.57,0.68,14.5,15.99,0.43,8.8
SIP_0700,SIP_0700: MOMENTUM_RO | MOM_HURDLE_30 | 8Stk | TIME_DECAY_M,MOMENTUM_ROTATE_DYNAMIC,MOM_HURDLE_30,8,TIME_DECAY_MOMENTUM,8.67,5.47,-12.28,4.0,4.52,6.97,10.0,-15.18,5.07,14.5,13.14,2.44,11.9
SIP_0500,SIP_0500: TACTICAL_MA | MOM_HURDLE_30 | 8Stk | TIME_DECAY_M,TACTICAL_MACRO_80_20,MOM_HURDLE_30,8,TIME_DECAY_MOMENTUM,8.67,5.47,-12.28,4.0,4.52,6.97,10.0,-15.18,5.07,14.5,13.14,2.44,11.9
SIP_0205,SIP_0205: TACTICAL_MA | CLENOW_MOMENTU | 3Stk | TIME_DECAY_M,TACTICAL_MACRO_90_10,CLENOW_MOMENTUM,3,TIME_DECAY_MOMENTUM,8.64,4.52,-13.23,3.3,9.49,11.94,21.5,-18.25,2.0,14.5,7.98,1.46,13.0
SIP_0662,SIP_0662: MOMENTUM_RO | MOM_HURDLE_20 | 5Stk | SMART_STEPLA,MOMENTUM_ROTATE_DYNAMIC,MOM_HURDLE_20,5,SMART_STEPLADDER,8.61,-3.88,-21.62,-2.9,9.38,11.83,21.2,-18.93,1.33,14.5,18.86,2.12,13.4
SIP_0462,SIP_0462: TACTICAL_MA | MOM_HURDLE_20 | 5Stk | SMART_STEPLA,TACTICAL_MACRO_80_20,MOM_HURDLE_20,5,SMART_STEPLADDER,8.61,-3.88,-21.62,-2.9,9.38,11.83,21.2,-18.93,1.33,14.5,18.86,2.12,13.4
SIP_0862,SIP_0862: MULTI_ASSET | MOM_HURDLE_20 | 5Stk | SMART_STEPLA,MULTI_ASSET_BALANCED,MOM_HURDLE_20,5,SMART_STEPLADDER,8.61,-3.88,-21.62,-2.9,9.38,11.83,21.2,-18.93,1.33,14.5,18.86,2.12,13.4
SIP_0002,SIP_0002: PURE_STOCKS | CLENOW_MOMENTU | 3Stk | SMART_STEPLA,PURE_STOCKS,CLENOW_MOMENTUM,3,SMART_STEPLADDER,8.61,3.89,-13.85,2.9,10.33,12.78,23.4,-17.96,2.29,14.5,7.49,1.47,15.2
SIP_0444,SIP_0444: TACTICAL_MA | CLENOW_HIGH_CO | 6Stk | DYNAMIC_ATR,TACTICAL_MACRO_80_20,CLENOW_HIGH_CONVICTION,6,DYNAMIC_ATR,8.59,7.16,-10.59,5.3,6.45,8.9,14.4,-13.17,7.08,14.5,8.04,2.26,4.3
SIP_0332,SIP_0332: TACTICAL_MA | MULTI_LOOKBACK | 4Stk | SMART_STEPLA,TACTICAL_MACRO_90_10,MULTI_LOOKBACK_BLEND,4,SMART_STEPLADDER,8.59,0.99,-16.76,0.7,11.32,13.77,25.8,-21.62,-1.37,14.5,10.03,1.86,13.9
SIP_0844,SIP_0844: MULTI_ASSET | CLENOW_HIGH_CO | 6Stk | DYNAMIC_ATR,MULTI_ASSET_BALANCED,CLENOW_HIGH_CONVICTION,6,DYNAMIC_ATR,8.59,7.16,-10.59,5.3,6.45,8.9,14.4,-13.17,7.08,14.5,8.04,2.26,4.3
SIP_0644,SIP_0644: MOMENTUM_RO | CLENOW_HIGH_CO | 6Stk | DYNAMIC_ATR,MOMENTUM_ROTATE_DYNAMIC,CLENOW_HIGH_CONVICTION,6,DYNAMIC_ATR,8.59,7.16,-10.59,5.3,6.45,8.9,14.4,-13.17,7.08,14.5,8.04,2.26,4.3
SIP_0337,SIP_0337: TACTICAL_MA | MULTI_LOOKBACK | 5Stk | SMART_STEPLA,TACTICAL_MACRO_90_10,MULTI_LOOKBACK_BLEND,5,SMART_STEPLADDER,8.58,-0.12,-17.86,-0.1,6.41,8.86,14.3,-19.52,0.73,14.5,17.51,1.96,10.9
SIP_0543,SIP_0543: TACTICAL_MA | MULTI_LOOKBACK | 6Stk | ADAPTIVE_STR,TACTICAL_MACRO_80_20,MULTI_LOOKBACK_BLEND,6,ADAPTIVE_STRUCTURAL,8.52,1.52,-16.22,1.1,5.52,7.97,12.3,-17.44,2.81,14.5,16.22,1.72,9.6
SIP_0124,SIP_0124: PURE_STOCKS | MOM_HURDLE_40 | 8Stk | DYNAMIC_ATR,PURE_STOCKS,MOM_HURDLE_40,8,DYNAMIC_ATR,8.52,19.2,1.45,13.6,24.82,27.27,59.1,-8.44,11.81,-35.0,19.7,2.39,13.2
SIP_0943,SIP_0943: MULTI_ASSET | MULTI_LOOKBACK | 6Stk | ADAPTIVE_STR,MULTI_ASSET_BALANCED,MULTI_LOOKBACK_BLEND,6,ADAPTIVE_STRUCTURAL,8.52,1.52,-16.22,1.1,5.52,7.97,12.3,-17.44,2.81,14.5,16.22,1.72,9.6
SIP_0743,SIP_0743: MOMENTUM_RO | MULTI_LOOKBACK | 6Stk | ADAPTIVE_STR,MOMENTUM_ROTATE_DYNAMIC,MULTI_LOOKBACK_BLEND,6,ADAPTIVE_STRUCTURAL,8.52,1.52,-16.22,1.1,5.52,7.97,12.3,-17.44,2.81,14.5,16.22,1.72,9.6
SIP_0148,SIP_0148: PURE_STOCKS | MULTI_LOOKBACK | 8Stk | ADAPTIVE_STR,PURE_STOCKS,MULTI_LOOKBACK_BLEND,8,ADAPTIVE_STRUCTURAL,8.51,3.31,-14.44,2.5,4.65,7.1,10.3,-15.96,4.29,14.5,14.8,1.64,10.0
SIP_0407,SIP_0407: TACTICAL_MA | CLENOW_MOMENTU | 4Stk | SMART_STEPLA,TACTICAL_MACRO_80_20,CLENOW_MOMENTUM,4,SMART_STEPLADDER,8.46,4.78,-12.97,3.5,7.03,9.48,15.8,-16.53,3.72,14.5,9.8,1.49,13.6
SIP_0108,SIP_0108: PURE_STOCKS | MOM_HURDLE_40 | 4Stk | ADAPTIVE_STR,PURE_STOCKS,MOM_HURDLE_40,4,ADAPTIVE_STRUCTURAL,8.46,38.31,20.56,25.9,17.68,20.13,41.1,-10.21,10.04,-41.1,12.89,2.02,7.2
SIP_0807,SIP_0807: MULTI_ASSET | CLENOW_MOMENTU | 4Stk | SMART_STEPLA,MULTI_ASSET_BALANCED,CLENOW_MOMENTUM,4,SMART_STEPLADDER,8.46,4.78,-12.97,3.5,7.03,9.48,15.8,-16.53,3.72,14.5,9.8,1.49,13.6
SIP_0607,SIP_0607: MOMENTUM_RO | CLENOW_MOMENTU | 4Stk | SMART_STEPLA,MOMENTUM_ROTATE_DYNAMIC,CLENOW_MOMENTUM,4,SMART_STEPLADDER,8.46,4.78,-12.97,3.5,7.03,9.48,15.8,-16.53,3.72,14.5,9.8,1.49,13.6
SIP_0364,SIP_0364: TACTICAL_MA | 52W_HIGH_PROXI | 5Stk | DYNAMIC_ATR,TACTICAL_MACRO_90_10,52W_HIGH_PROXIMITY,5,DYNAMIC_ATR,8.43,4.28,-13.47,3.2,3.09,5.54,6.8,-13.52,6.73,14.5,15.13,2.62,10.3
SIP_0210,SIP_0210: TACTICAL_MA | CLENOW_MOMENTU | 4Stk | TIME_DECAY_M,TACTICAL_MACRO_90_10,CLENOW_MOMENTUM,4,TIME_DECAY_MOMENTUM,8.41,4.33,-13.42,3.2,7.38,9.83,16.6,-16.58,3.67,14.5,9.68,1.37,12.7
SIP_0081,SIP_0081: PURE_STOCKS | MOM_HURDLE_30 | 4Stk | VAN_THARP_3T,PURE_STOCKS,MOM_HURDLE_30,4,VAN_THARP_3TIER,8.4,-4.21,-21.96,-3.2,12.95,15.4,29.7,-15.68,4.57,14.5,13.83,0.31,12.3
SIP_0122,SIP_0122: PURE_STOCKS | MOM_HURDLE_40 | 8Stk | SMART_STEPLA,PURE_STOCKS,MOM_HURDLE_40,8,SMART_STEPLADDER,8.4,25.68,7.93,17.9,17.37,19.81,40.4,-7.74,12.51,-32.6,18.49,2.67,9.0
SIP_0158,SIP_0158: PURE_STOCKS | 52W_HIGH_PROXI | 4Stk | ADAPTIVE_STR,PURE_STOCKS,52W_HIGH_PROXIMITY,4,ADAPTIVE_STRUCTURAL,8.39,-0.72,-18.47,-0.5,6.38,8.83,14.3,-13.78,6.47,14.5,17.27,2.41,10.9
SIP_0671,SIP_0671: MOMENTUM_RO | MOM_HURDLE_20 | 8Stk | VAN_THARP_3T,MOMENTUM_ROTATE_DYNAMIC,MOM_HURDLE_20,8,VAN_THARP_3TIER,8.39,-7.31,-25.06,-5.6,14.59,17.04,33.6,-19.57,0.68,14.5,15.93,0.43,7.9
SIP_0471,SIP_0471: TACTICAL_MA | MOM_HURDLE_20 | 8Stk | VAN_THARP_3T,TACTICAL_MACRO_80_20,MOM_HURDLE_20,8,VAN_THARP_3TIER,8.39,-7.31,-25.06,-5.6,14.59,17.04,33.6,-19.57,0.68,14.5,15.93,0.43,7.9
SIP_0871,SIP_0871: MULTI_ASSET | MOM_HURDLE_20 | 8Stk | VAN_THARP_3T,MULTI_ASSET_BALANCED,MOM_HURDLE_20,8,VAN_THARP_3TIER,8.39,-7.31,-25.06,-5.6,14.59,17.04,33.6,-19.57,0.68,14.5,15.93,0.43,7.9
SIP_0405,SIP_0405: TACTICAL_MA | CLENOW_MOMENTU | 3Stk | TIME_DECAY_M,TACTICAL_MACRO_80_20,CLENOW_MOMENTUM,3,TIME_DECAY_MOMENTUM,8.36,3.92,-13.82,2.9,8.93,11.38,20.1,-18.25,2.0,14.5,8.01,1.46,12.9
SIP_0937,SIP_0937: MULTI_ASSET | MULTI_LOOKBACK | 5Stk | SMART_STEPLA,MULTI_ASSET_BALANCED,MULTI_LOOKBACK_BLEND,5,SMART_STEPLADDER,8.36,-0.64,-18.39,-0.5,6.07,8.52,13.6,-19.52,0.73,14.5,17.5,1.96,10.8
SIP_0805,SIP_0805: MULTI_ASSET | CLENOW_MOMENTU | 3Stk | TIME_DECAY_M,MULTI_ASSET_BALANCED,CLENOW_MOMENTUM,3,TIME_DECAY_MOMENTUM,8.36,3.92,-13.82,2.9,8.93,11.38,20.1,-18.25,2.0,14.5,8.01,1.46,12.9
SIP_0537,SIP_0537: TACTICAL_MA | MULTI_LOOKBACK | 5Stk | SMART_STEPLA,TACTICAL_MACRO_80_20,MULTI_LOOKBACK_BLEND,5,SMART_STEPLADDER,8.36,-0.64,-18.39,-0.5,6.07,8.52,13.6,-19.52,0.73,14.5,17.5,1.96,10.8
SIP_0605,SIP_0605: MOMENTUM_RO | CLENOW_MOMENTU | 3Stk | TIME_DECAY_M,MOMENTUM_ROTATE_DYNAMIC,CLENOW_MOMENTUM,3,TIME_DECAY_MOMENTUM,8.36,3.92,-13.82,2.9,8.93,11.38,20.1,-18.25,2.0,14.5,8.01,1.46,12.9
SIP_0340,SIP_0340: TACTICAL_MA | MULTI_LOOKBACK | 5Stk | TIME_DECAY_M,TACTICAL_MACRO_90_10,MULTI_LOOKBACK_BLEND,5,TIME_DECAY_MOMENTUM,8.36,-0.47,-18.22,-0.4,7.08,9.53,15.9,-19.77,0.48,14.5,16.09,1.9,13.0
SIP_0737,SIP_0737: MOMENTUM_RO | MULTI_LOOKBACK | 5Stk | SMART_STEPLA,MOMENTUM_ROTATE_DYNAMIC,MULTI_LOOKBACK_BLEND,5,SMART_STEPLADDER,8.36,-0.64,-18.39,-0.5,6.07,8.52,13.6,-19.52,0.73,14.5,17.5,1.96,10.8
SIP_0086,SIP_0086: PURE_STOCKS | MOM_HURDLE_30 | 5Stk | VAN_THARP_3T,PURE_STOCKS,MOM_HURDLE_30,5,VAN_THARP_3TIER,8.34,-9.82,-27.57,-7.6,14.15,16.6,32.5,-16.32,3.93,14.5,19.76,0.28,10.2
SIP_0932,SIP_0932: MULTI_ASSET | MULTI_LOOKBACK | 4Stk | SMART_STEPLA,MULTI_ASSET_BALANCED,MULTI_LOOKBACK_BLEND,4,SMART_STEPLADDER,8.31,0.38,-17.37,0.3,10.67,13.12,24.2,-21.62,-1.37,14.5,10.13,1.86,13.7
SIP_0732,SIP_0732: MOMENTUM_RO | MULTI_LOOKBACK | 4Stk | SMART_STEPLA,MOMENTUM_ROTATE_DYNAMIC,MULTI_LOOKBACK_BLEND,4,SMART_STEPLADDER,8.31,0.38,-17.37,0.3,10.67,13.12,24.2,-21.62,-1.37,14.5,10.13,1.86,13.7
SIP_0532,SIP_0532: TACTICAL_MA | MULTI_LOOKBACK | 4Stk | SMART_STEPLA,TACTICAL_MACRO_80_20,MULTI_LOOKBACK_BLEND,4,SMART_STEPLADDER,8.31,0.38,-17.37,0.3,10.67,13.12,24.2,-21.62,-1.37,14.5,10.13,1.86,13.7
SIP_0251,SIP_0251: TACTICAL_MA | MOM_HURDLE_20 | 3Stk | VAN_THARP_3T,TACTICAL_MACRO_90_10,MOM_HURDLE_20,3,VAN_THARP_3TIER,8.28,-5.99,-23.74,-4.6,10.14,12.59,23.0,-17.5,2.75,14.5,19.21,0.32,14.9
SIP_0964,SIP_0964: MULTI_ASSET | 52W_HIGH_PROXI | 5Stk | DYNAMIC_ATR,MULTI_ASSET_BALANCED,52W_HIGH_PROXIMITY,5,DYNAMIC_ATR,8.28,4.15,-13.6,3.1,2.69,5.14,5.9,-13.52,6.73,14.5,15.03,2.62,10.3
SIP_0564,SIP_0564: TACTICAL_MA | 52W_HIGH_PROXI | 5Stk | DYNAMIC_ATR,TACTICAL_MACRO_80_20,52W_HIGH_PROXIMITY,5,DYNAMIC_ATR,8.28,4.15,-13.6,3.1,2.69,5.14,5.9,-13.52,6.73,14.5,15.03,2.62,10.3
SIP_0764,SIP_0764: MOMENTUM_RO | 52W_HIGH_PROXI | 5Stk | DYNAMIC_ATR,MOMENTUM_ROTATE_DYNAMIC,52W_HIGH_PROXIMITY,5,DYNAMIC_ATR,8.28,4.15,-13.6,3.1,2.69,5.14,5.9,-13.52,6.73,14.5,15.03,2.62,10.3
SIP_0220,SIP_0220: TACTICAL_MA | CLENOW_MOMENTU | 6Stk | TIME_DECAY_M,TACTICAL_MACRO_90_10,CLENOW_MOMENTUM,6,TIME_DECAY_MOMENTUM,8.25,1.36,-16.39,1.0,5.19,7.64,11.6,-17.54,2.71,14.5,15.46,1.71,12.5
SIP_0052,SIP_0052: PURE_STOCKS | MOM_HURDLE_20 | 3Stk | SMART_STEPLA,PURE_STOCKS,MOM_HURDLE_20,3,SMART_STEPLADDER,8.24,-7.77,-25.52,-6.0,12.33,14.78,28.2,-17.77,2.48,14.5,18.73,2.2,15.9
SIP_0109,SIP_0109: PURE_STOCKS | MOM_HURDLE_40 | 4Stk | DYNAMIC_ATR,PURE_STOCKS,MOM_HURDLE_40,4,DYNAMIC_ATR,8.23,28.85,11.1,20.0,20.25,22.7,47.5,-8.93,11.32,-36.8,14.56,2.71,17.9
SIP_0373,SIP_0373: TACTICAL_MA | 52W_HIGH_PROXI | 8Stk | ADAPTIVE_STR,TACTICAL_MACRO_90_10,52W_HIGH_PROXIMITY,8,ADAPTIVE_STRUCTURAL,8.23,6.28,-11.47,4.6,1.04,3.49,2.3,-13.06,7.19,14.5,14.24,2.77,7.3
SIP_0206,SIP_0206: TACTICAL_MA | CLENOW_MOMENTU | 4Stk | VAN_THARP_3T,TACTICAL_MACRO_90_10,CLENOW_MOMENTUM,4,VAN_THARP_3TIER,8.23,3.37,-14.38,2.5,7.59,10.03,17.0,-16.55,3.7,14.5,9.74,0.36,8.4
SIP_0610,SIP_0610: MOMENTUM_RO | CLENOW_MOMENTU | 4Stk | TIME_DECAY_M,MOMENTUM_ROTATE_DYNAMIC,CLENOW_MOMENTUM,4,TIME_DECAY_MOMENTUM,8.21,3.9,-13.85,2.9,6.87,9.32,15.4,-16.58,3.67,14.5,9.83,1.37,12.6
SIP_0410,SIP_0410: TACTICAL_MA | CLENOW_MOMENTU | 4Stk | TIME_DECAY_M,TACTICAL_MACRO_80_20,CLENOW_MOMENTUM,4,TIME_DECAY_MOMENTUM,8.21,3.9,-13.85,2.9,6.87,9.32,15.4,-16.58,3.67,14.5,9.83,1.37,12.6
SIP_0810,SIP_0810: MULTI_ASSET | CLENOW_MOMENTU | 4Stk | TIME_DECAY_M,MULTI_ASSET_BALANCED,CLENOW_MOMENTUM,4,TIME_DECAY_MOMENTUM,8.21,3.9,-13.85,2.9,6.87,9.32,15.4,-16.58,3.67,14.5,9.83,1.37,12.6
SIP_0162,SIP_0162: PURE_STOCKS | 52W_HIGH_PROXI | 5Stk | SMART_STEPLA,PURE_STOCKS,52W_HIGH_PROXIMITY,5,SMART_STEPLADDER,8.18,3.8,-13.94,2.8,-0.19,2.26,-0.4,-13.94,6.31,14.5,18.65,2.59,11.5
SIP_0349,SIP_0349: TACTICAL_MA | MULTI_LOOKBACK | 8Stk | DYNAMIC_ATR,TACTICAL_MACRO_90_10,MULTI_LOOKBACK_BLEND,8,DYNAMIC_ATR,8.18,2.44,-15.31,1.8,5.86,8.31,13.1,-15.96,4.29,14.5,12.87,1.7,9.2
SIP_0358,SIP_0358: TACTICAL_MA | 52W_HIGH_PROXI | 4Stk | ADAPTIVE_STR,TACTICAL_MACRO_90_10,52W_HIGH_PROXIMITY,4,ADAPTIVE_STRUCTURAL,8.16,-0.86,-18.61,-0.7,5.92,8.37,13.2,-13.78,6.47,14.5,17.07,2.41,10.8
SIP_0558,SIP_0558: TACTICAL_MA | 52W_HIGH_PROXI | 4Stk | ADAPTIVE_STR,TACTICAL_MACRO_80_20,52W_HIGH_PROXIMITY,4,ADAPTIVE_STRUCTURAL,8.15,-0.98,-18.72,-0.7,5.92,8.37,13.2,-13.78,6.47,14.5,17.01,2.41,10.7
SIP_0958,SIP_0958: MULTI_ASSET | 52W_HIGH_PROXI | 4Stk | ADAPTIVE_STR,MULTI_ASSET_BALANCED,52W_HIGH_PROXIMITY,4,ADAPTIVE_STRUCTURAL,8.15,-0.98,-18.72,-0.7,5.92,8.37,13.2,-13.78,6.47,14.5,17.01,2.41,10.7
SIP_0758,SIP_0758: MOMENTUM_RO | 52W_HIGH_PROXI | 4Stk | ADAPTIVE_STR,MOMENTUM_ROTATE_DYNAMIC,52W_HIGH_PROXIMITY,4,ADAPTIVE_STRUCTURAL,8.15,-0.98,-18.72,-0.7,5.92,8.37,13.2,-13.78,6.47,14.5,17.01,2.41,10.7
SIP_0773,SIP_0773: MOMENTUM_RO | 52W_HIGH_PROXI | 8Stk | ADAPTIVE_STR,MOMENTUM_ROTATE_DYNAMIC,52W_HIGH_PROXIMITY,8,ADAPTIVE_STRUCTURAL,8.13,5.62,-12.13,4.1,1.4,3.85,3.1,-13.06,7.19,14.5,14.16,2.77,7.2
SIP_0573,SIP_0573: TACTICAL_MA | 52W_HIGH_PROXI | 8Stk | ADAPTIVE_STR,TACTICAL_MACRO_80_20,52W_HIGH_PROXIMITY,8,ADAPTIVE_STRUCTURAL,8.13,5.62,-12.13,4.1,1.4,3.85,3.1,-13.06,7.19,14.5,14.16,2.77,7.2
SIP_0973,SIP_0973: MULTI_ASSET | 52W_HIGH_PROXI | 8Stk | ADAPTIVE_STR,MULTI_ASSET_BALANCED,52W_HIGH_PROXIMITY,8,ADAPTIVE_STRUCTURAL,8.13,5.62,-12.13,4.1,1.4,3.85,3.1,-13.06,7.19,14.5,14.16,2.77,7.2
SIP_0056,SIP_0056: PURE_STOCKS | MOM_HURDLE_20 | 4Stk | VAN_THARP_3T,PURE_STOCKS,MOM_HURDLE_20,4,VAN_THARP_3TIER,8.12,-6.63,-24.38,-5.1,14.49,16.94,33.4,-16.89,3.36,14.5,13.83,0.36,13.4
SIP_0940,SIP_0940: MULTI_ASSET | MULTI_LOOKBACK | 5Stk | TIME_DECAY_M,MULTI_ASSET_BALANCED,MULTI_LOOKBACK_BLEND,5,TIME_DECAY_MOMENTUM,8.08,-0.95,-18.7,-0.7,6.31,8.76,14.1,-19.77,0.48,14.5,16.15,1.9,13.0
SIP_0740,SIP_0740: MOMENTUM_RO | MULTI_LOOKBACK | 5Stk | TIME_DECAY_M,MOMENTUM_ROTATE_DYNAMIC,MULTI_LOOKBACK_BLEND,5,TIME_DECAY_MOMENTUM,8.08,-0.95,-18.7,-0.7,6.31,8.76,14.1,-19.77,0.48,14.5,16.15,1.9,13.0
SIP_0540,SIP_0540: TACTICAL_MA | MULTI_LOOKBACK | 5Stk | TIME_DECAY_M,TACTICAL_MACRO_80_20,MULTI_LOOKBACK_BLEND,5,TIME_DECAY_MOMENTUM,8.08,-0.95,-18.7,-0.7,6.31,8.76,14.1,-19.77,0.48,14.5,16.15,1.9,13.0
SIP_0335,SIP_0335: TACTICAL_MA | MULTI_LOOKBACK | 4Stk | TIME_DECAY_M,TACTICAL_MACRO_90_10,MULTI_LOOKBACK_BLEND,4,TIME_DECAY_MOMENTUM,8.03,-1.05,-18.79,-0.8,10.57,13.02,24.0,-21.72,-1.47,14.5,10.78,1.73,16.3
SIP_0606,SIP_0606: MOMENTUM_RO | CLENOW_MOMENTU | 4Stk | VAN_THARP_3T,MOMENTUM_ROTATE_DYNAMIC,CLENOW_MOMENTUM,4,VAN_THARP_3TIER,8.0,2.85,-14.9,2.1,7.23,9.68,16.2,-16.55,3.7,14.5,9.73,0.36,8.4
SIP_0406,SIP_0406: TACTICAL_MA | CLENOW_MOMENTU | 4Stk | VAN_THARP_3T,TACTICAL_MACRO_80_20,CLENOW_MOMENTUM,4,VAN_THARP_3TIER,8.0,2.85,-14.9,2.1,7.23,9.68,16.2,-16.55,3.7,14.5,9.73,0.36,8.4
SIP_0806,SIP_0806: MULTI_ASSET | CLENOW_MOMENTU | 4Stk | VAN_THARP_3T,MULTI_ASSET_BALANCED,CLENOW_MOMENTUM,4,VAN_THARP_3TIER,8.0,2.85,-14.9,2.1,7.23,9.68,16.2,-16.55,3.7,14.5,9.73,0.36,8.4
SIP_0451,SIP_0451: TACTICAL_MA | MOM_HURDLE_20 | 3Stk | VAN_THARP_3T,TACTICAL_MACRO_80_20,MOM_HURDLE_20,3,VAN_THARP_3TIER,7.99,-6.04,-23.79,-4.6,9.0,11.45,20.3,-17.5,2.75,14.5,19.21,0.32,14.8
SIP_0851,SIP_0851: MULTI_ASSET | MOM_HURDLE_20 | 3Stk | VAN_THARP_3T,MULTI_ASSET_BALANCED,MOM_HURDLE_20,3,VAN_THARP_3TIER,7.99,-6.04,-23.79,-4.6,9.0,11.45,20.3,-17.5,2.75,14.5,19.21,0.32,14.8
SIP_0651,SIP_0651: MOMENTUM_RO | MOM_HURDLE_20 | 3Stk | VAN_THARP_3T,MOMENTUM_ROTATE_DYNAMIC,MOM_HURDLE_20,3,VAN_THARP_3TIER,7.99,-6.04,-23.79,-4.6,9.0,11.45,20.3,-17.5,2.75,14.5,19.21,0.32,14.8
SIP_0420,SIP_0420: TACTICAL_MA | CLENOW_MOMENTU | 6Stk | TIME_DECAY_M,TACTICAL_MACRO_80_20,CLENOW_MOMENTUM,6,TIME_DECAY_MOMENTUM,7.92,0.54,-17.2,0.4,4.74,7.19,10.5,-17.54,2.71,14.5,15.41,1.71,12.4
SIP_0620,SIP_0620: MOMENTUM_RO | CLENOW_MOMENTU | 6Stk | TIME_DECAY_M,MOMENTUM_ROTATE_DYNAMIC,CLENOW_MOMENTUM,6,TIME_DECAY_MOMENTUM,7.92,0.54,-17.2,0.4,4.74,7.19,10.5,-17.54,2.71,14.5,15.41,1.71,12.4
SIP_0820,SIP_0820: MULTI_ASSET | CLENOW_MOMENTU | 6Stk | TIME_DECAY_M,MULTI_ASSET_BALANCED,CLENOW_MOMENTUM,6,TIME_DECAY_MOMENTUM,7.92,0.54,-17.2,0.4,4.74,7.19,10.5,-17.54,2.71,14.5,15.41,1.71,12.4
SIP_0949,SIP_0949: MULTI_ASSET | MULTI_LOOKBACK | 8Stk | DYNAMIC_ATR,MULTI_ASSET_BALANCED,MULTI_LOOKBACK_BLEND,8,DYNAMIC_ATR,7.9,1.71,-16.04,1.3,5.51,7.96,12.3,-15.96,4.29,14.5,12.78,1.7,9.2
SIP_0749,SIP_0749: MOMENTUM_RO | MULTI_LOOKBACK | 8Stk | DYNAMIC_ATR,MOMENTUM_ROTATE_DYNAMIC,MULTI_LOOKBACK_BLEND,8,DYNAMIC_ATR,7.9,1.71,-16.04,1.3,5.51,7.96,12.3,-15.96,4.29,14.5,12.78,1.7,9.2
SIP_0549,SIP_0549: TACTICAL_MA | MULTI_LOOKBACK | 8Stk | DYNAMIC_ATR,TACTICAL_MACRO_80_20,MULTI_LOOKBACK_BLEND,8,DYNAMIC_ATR,7.9,1.71,-16.04,1.3,5.51,7.96,12.3,-15.96,4.29,14.5,12.78,1.7,9.2
SIP_0362,SIP_0362: TACTICAL_MA | 52W_HIGH_PROXI | 5Stk | SMART_STEPLA,TACTICAL_MACRO_90_10,52W_HIGH_PROXIMITY,5,SMART_STEPLADDER,7.88,3.1,-14.65,2.3,-0.29,2.16,-0.6,-13.94,6.31,14.5,18.18,2.59,11.2
SIP_0113,SIP_0113: PURE_STOCKS | MOM_HURDLE_40 | 5Stk | ADAPTIVE_STR,PURE_STOCKS,MOM_HURDLE_40,5,ADAPTIVE_STRUCTURAL,7.87,39.04,21.29,26.4,10.37,12.82,23.5,-10.36,9.89,-41.6,18.74,1.83,8.5
SIP_0167,SIP_0167: PURE_STOCKS | 52W_HIGH_PROXI | 6Stk | SMART_STEPLA,PURE_STOCKS,52W_HIGH_PROXIMITY,6,SMART_STEPLADDER,7.87,1.96,-15.79,1.5,0.55,3.0,1.2,-14.26,5.99,14.5,18.49,2.58,11.5
SIP_0348,SIP_0348: TACTICAL_MA | MULTI_LOOKBACK | 8Stk | ADAPTIVE_STR,TACTICAL_MACRO_90_10,MULTI_LOOKBACK_BLEND,8,ADAPTIVE_STRUCTURAL,7.8,1.68,-16.06,1.2,3.82,6.27,8.5,-15.96,4.29,14.5,14.58,1.64,9.8
SIP_0286,SIP_0286: TACTICAL_MA | MOM_HURDLE_30 | 5Stk | VAN_THARP_3T,TACTICAL_MACRO_90_10,MOM_HURDLE_30,5,VAN_THARP_3TIER,7.79,-9.52,-27.27,-7.4,11.94,14.39,27.2,-16.32,3.93,14.5,19.43,0.28,9.6
SIP_0110,SIP_0110: PURE_STOCKS | MOM_HURDLE_40 | 4Stk | TIME_DECAY_M,PURE_STOCKS,MOM_HURDLE_40,4,TIME_DECAY_MOMENTUM,7.78,31.38,13.64,21.6,15.21,17.66,35.1,-7.52,12.73,-31.7,10.7,2.18,7.1
SIP_0104,SIP_0104: PURE_STOCKS | MOM_HURDLE_40 | 3Stk | DYNAMIC_ATR,PURE_STOCKS,MOM_HURDLE_40,3,DYNAMIC_ATR,7.75,35.51,17.76,24.2,15.51,17.96,35.8,-10.89,9.36,-43.4,17.34,2.93,8.9
SIP_0935,SIP_0935: MULTI_ASSET | MULTI_LOOKBACK | 4Stk | TIME_DECAY_M,MULTI_ASSET_BALANCED,MULTI_LOOKBACK_BLEND,4,TIME_DECAY_MOMENTUM,7.72,-1.71,-19.46,-1.3,9.94,12.39,22.5,-21.72,-1.47,14.5,10.88,1.73,16.2
SIP_0735,SIP_0735: MOMENTUM_RO | MULTI_LOOKBACK | 4Stk | TIME_DECAY_M,MOMENTUM_ROTATE_DYNAMIC,MULTI_LOOKBACK_BLEND,4,TIME_DECAY_MOMENTUM,7.72,-1.71,-19.46,-1.3,9.94,12.39,22.5,-21.72,-1.47,14.5,10.88,1.73,16.2
SIP_0535,SIP_0535: TACTICAL_MA | MULTI_LOOKBACK | 4Stk | TIME_DECAY_M,TACTICAL_MACRO_80_20,MULTI_LOOKBACK_BLEND,4,TIME_DECAY_MOMENTUM,7.72,-1.71,-19.46,-1.3,9.94,12.39,22.5,-21.72,-1.47,14.5,10.88,1.73,16.2
SIP_0142,SIP_0142: PURE_STOCKS | MULTI_LOOKBACK | 6Stk | SMART_STEPLA,PURE_STOCKS,MULTI_LOOKBACK_BLEND,6,SMART_STEPLADDER,7.7,-3.81,-21.56,-2.9,8.07,10.52,18.2,-18.01,2.24,14.5,15.94,1.78,10.0
SIP_0962,SIP_0962: MULTI_ASSET | 52W_HIGH_PROXI | 5Stk | SMART_STEPLA,MULTI_ASSET_BALANCED,52W_HIGH_PROXIMITY,5,SMART_STEPLADDER,7.7,2.75,-14.99,2.0,-0.5,1.95,-1.1,-13.94,6.31,14.5,18.06,2.59,11.1
SIP_0562,SIP_0562: TACTICAL_MA | 52W_HIGH_PROXI | 5Stk | SMART_STEPLA,TACTICAL_MACRO_80_20,52W_HIGH_PROXIMITY,5,SMART_STEPLADDER,7.7,2.75,-14.99,2.0,-0.5,1.95,-1.1,-13.94,6.31,14.5,18.06,2.59,11.1
SIP_0762,SIP_0762: MOMENTUM_RO | 52W_HIGH_PROXI | 5Stk | SMART_STEPLA,MOMENTUM_ROTATE_DYNAMIC,52W_HIGH_PROXIMITY,5,SMART_STEPLADDER,7.7,2.75,-14.99,2.0,-0.5,1.95,-1.1,-13.94,6.31,14.5,18.06,2.59,11.1
SIP_0125,SIP_0125: PURE_STOCKS | MOM_HURDLE_40 | 8Stk | TIME_DECAY_M,PURE_STOCKS,MOM_HURDLE_40,8,TIME_DECAY_MOMENTUM,7.67,25.46,7.71,17.8,18.18,20.63,42.4,-7.69,12.56,-32.3,13.69,2.55,8.7
SIP_0486,SIP_0486: TACTICAL_MA | MOM_HURDLE_30 | 5Stk | VAN_THARP_3T,TACTICAL_MACRO_80_20,MOM_HURDLE_30,5,VAN_THARP_3TIER,7.64,-9.36,-27.11,-7.2,11.14,13.59,25.4,-16.32,3.93,14.5,19.31,0.28,9.4
SIP_0686,SIP_0686: MOMENTUM_RO | MOM_HURDLE_30 | 5Stk | VAN_THARP_3T,MOMENTUM_ROTATE_DYNAMIC,MOM_HURDLE_30,5,VAN_THARP_3TIER,7.64,-9.36,-27.11,-7.2,11.14,13.59,25.4,-16.32,3.93,14.5,19.31,0.28,9.4
SIP_0886,SIP_0886: MULTI_ASSET | MOM_HURDLE_30 | 5Stk | VAN_THARP_3T,MULTI_ASSET_BALANCED,MOM_HURDLE_30,5,VAN_THARP_3TIER,7.64,-9.36,-27.11,-7.2,11.14,13.59,25.4,-16.32,3.93,14.5,19.31,0.28,9.4
SIP_0202,SIP_0202: TACTICAL_MA | CLENOW_MOMENTU | 3Stk | SMART_STEPLA,TACTICAL_MACRO_90_10,CLENOW_MOMENTUM,3,SMART_STEPLADDER,7.63,1.66,-16.09,1.2,8.76,11.21,19.8,-17.96,2.29,14.5,7.55,1.47,14.9
SIP_0115,SIP_0115: PURE_STOCKS | MOM_HURDLE_40 | 5Stk | TIME_DECAY_M,PURE_STOCKS,MOM_HURDLE_40,5,TIME_DECAY_MOMENTUM,7.6,28.51,10.76,19.8,18.77,21.22,43.9,-8.27,11.98,-34.5,11.34,2.15,8.0
SIP_0367,SIP_0367: TACTICAL_MA | 52W_HIGH_PROXI | 6Stk | SMART_STEPLA,TACTICAL_MACRO_90_10,52W_HIGH_PROXIMITY,6,SMART_STEPLADDER,7.59,1.39,-16.36,1.0,0.37,2.82,0.8,-14.26,5.99,14.5,18.18,2.58,11.2
SIP_0767,SIP_0767: MOMENTUM_RO | 52W_HIGH_PROXI | 6Stk | SMART_STEPLA,MOMENTUM_ROTATE_DYNAMIC,52W_HIGH_PROXIMITY,6,SMART_STEPLADDER,7.57,1.18,-16.57,0.9,0.5,2.95,1.1,-14.26,5.99,14.5,18.11,2.58,11.1
SIP_0967,SIP_0967: MULTI_ASSET | 52W_HIGH_PROXI | 6Stk | SMART_STEPLA,MULTI_ASSET_BALANCED,52W_HIGH_PROXIMITY,6,SMART_STEPLADDER,7.57,1.18,-16.57,0.9,0.5,2.95,1.1,-14.26,5.99,14.5,18.11,2.58,11.1
SIP_0567,SIP_0567: TACTICAL_MA | 52W_HIGH_PROXI | 6Stk | SMART_STEPLA,TACTICAL_MACRO_80_20,52W_HIGH_PROXIMITY,6,SMART_STEPLADDER,7.57,1.18,-16.57,0.9,0.5,2.95,1.1,-14.26,5.99,14.5,18.11,2.58,11.1
SIP_0748,SIP_0748: MOMENTUM_RO | MULTI_LOOKBACK | 8Stk | ADAPTIVE_STR,MOMENTUM_ROTATE_DYNAMIC,MULTI_LOOKBACK_BLEND,8,ADAPTIVE_STRUCTURAL,7.53,0.91,-16.84,0.7,3.51,5.96,7.8,-15.96,4.29,14.5,14.47,1.64,9.7
SIP_0948,SIP_0948: MULTI_ASSET | MULTI_LOOKBACK | 8Stk | ADAPTIVE_STR,MULTI_ASSET_BALANCED,MULTI_LOOKBACK_BLEND,8,ADAPTIVE_STRUCTURAL,7.53,0.91,-16.84,0.7,3.51,5.96,7.8,-15.96,4.29,14.5,14.47,1.64,9.7
SIP_0548,SIP_0548: TACTICAL_MA | MULTI_LOOKBACK | 8Stk | ADAPTIVE_STR,TACTICAL_MACRO_80_20,MULTI_LOOKBACK_BLEND,8,ADAPTIVE_STRUCTURAL,7.53,0.91,-16.84,0.7,3.51,5.96,7.8,-15.96,4.29,14.5,14.47,1.64,9.7
SIP_0116,SIP_0116: PURE_STOCKS | MOM_HURDLE_40 | 6Stk | VAN_THARP_3T,PURE_STOCKS,MOM_HURDLE_40,6,VAN_THARP_3TIER,7.51,18.46,0.71,13.1,23.4,25.85,55.5,-8.84,11.41,-36.5,18.79,0.32,7.9
SIP_0119,SIP_0119: PURE_STOCKS | MOM_HURDLE_40 | 6Stk | DYNAMIC_ATR,PURE_STOCKS,MOM_HURDLE_40,6,DYNAMIC_ATR,7.47,17.02,-0.73,12.2,24.79,27.24,59.0,-8.59,11.66,-35.6,17.55,2.46,13.5
SIP_0091,SIP_0091: PURE_STOCKS | MOM_HURDLE_30 | 6Stk | VAN_THARP_3T,PURE_STOCKS,MOM_HURDLE_30,6,VAN_THARP_3TIER,7.47,-11.08,-28.83,-8.6,13.44,15.89,30.8,-15.37,4.88,14.5,18.03,0.36,10.8
SIP_0001,SIP_0001: PURE_STOCKS | CLENOW_MOMENTU | 3Stk | VAN_THARP_3T,PURE_STOCKS,CLENOW_MOMENTUM,3,VAN_THARP_3TIER,7.44,2.22,-15.52,1.7,7.46,9.91,16.7,-17.95,2.3,14.5,7.36,0.43,9.9
SIP_0802,SIP_0802: MULTI_ASSET | CLENOW_MOMENTU | 3Stk | SMART_STEPLA,MULTI_ASSET_BALANCED,CLENOW_MOMENTUM,3,SMART_STEPLADDER,7.37,0.93,-16.82,0.7,8.36,10.81,18.8,-17.96,2.29,14.5,7.62,1.47,14.8
SIP_0602,SIP_0602: MOMENTUM_RO | CLENOW_MOMENTU | 3Stk | SMART_STEPLA,MOMENTUM_ROTATE_DYNAMIC,CLENOW_MOMENTUM,3,SMART_STEPLADDER,7.37,0.93,-16.82,0.7,8.36,10.81,18.8,-17.96,2.29,14.5,7.62,1.47,14.8
SIP_0402,SIP_0402: TACTICAL_MA | CLENOW_MOMENTU | 3Stk | SMART_STEPLA,TACTICAL_MACRO_80_20,CLENOW_MOMENTUM,3,SMART_STEPLADDER,7.37,0.93,-16.82,0.7,8.36,10.81,18.8,-17.96,2.29,14.5,7.62,1.47,14.8
SIP_0281,SIP_0281: TACTICAL_MA | MOM_HURDLE_30 | 4Stk | VAN_THARP_3T,TACTICAL_MACRO_90_10,MOM_HURDLE_30,4,VAN_THARP_3TIER,7.36,-5.48,-23.23,-4.2,10.2,12.65,23.1,-15.68,4.57,14.5,13.85,0.31,12.1
SIP_0038,SIP_0038: PURE_STOCKS | CLENOW_HIGH_CO | 5Stk | ADAPTIVE_STR,PURE_STOCKS,CLENOW_HIGH_CONVICTION,5,ADAPTIVE_STRUCTURAL,7.34,-7.87,-25.62,-6.0,11.59,14.04,26.4,-13.75,6.5,14.5,15.13,1.9,8.1
SIP_0256,SIP_0256: TACTICAL_MA | MOM_HURDLE_20 | 4Stk | VAN_THARP_3T,TACTICAL_MACRO_90_10,MOM_HURDLE_20,4,VAN_THARP_3TIER,7.3,-6.87,-24.62,-5.3,11.5,13.95,26.2,-16.89,3.36,14.5,13.85,0.36,12.8
SIP_0318,SIP_0318: TACTICAL_MA | MOM_HURDLE_40 | 6Stk | ADAPTIVE_STR,TACTICAL_MACRO_90_10,MOM_HURDLE_40,6,ADAPTIVE_STRUCTURAL,7.29,34.27,16.52,23.4,10.14,12.59,23.0,-9.47,10.78,-38.6,18.35,1.97,8.4
SIP_0252,SIP_0252: TACTICAL_MA | MOM_HURDLE_20 | 3Stk | SMART_STEPLA,TACTICAL_MACRO_90_10,MOM_HURDLE_20,3,SMART_STEPLADDER,7.23,-8.54,-26.29,-6.6,9.2,11.65,20.8,-17.77,2.48,14.5,18.64,2.2,15.7
SIP_0015,SIP_0015: PURE_STOCKS | CLENOW_MOMENTU | 5Stk | TIME_DECAY_M,PURE_STOCKS,CLENOW_MOMENTUM,5,TIME_DECAY_MOMENTUM,7.22,-0.84,-18.59,-0.6,4.2,6.65,9.3,-17.29,2.96,14.5,14.33,1.66,12.2
SIP_0171,SIP_0171: PURE_STOCKS | 52W_HIGH_PROXI | 8Stk | VAN_THARP_3T,PURE_STOCKS,52W_HIGH_PROXIMITY,8,VAN_THARP_3TIER,7.21,4.2,-13.55,3.1,-1.06,1.39,-2.3,-13.36,6.89,14.5,14.38,0.42,5.1
SIP_0096,SIP_0096: PURE_STOCKS | MOM_HURDLE_30 | 8Stk | VAN_THARP_3T,PURE_STOCKS,MOM_HURDLE_30,8,VAN_THARP_3TIER,7.16,-10.38,-28.12,-8.0,12.36,14.81,28.2,-15.79,4.46,14.5,16.8,0.41,10.2
SIP_0102,SIP_0102: PURE_STOCKS | MOM_HURDLE_40 | 3Stk | SMART_STEPLA,PURE_STOCKS,MOM_HURDLE_40,3,SMART_STEPLADDER,7.16,30.18,12.44,20.8,13.86,16.31,31.8,-9.79,10.46,-39.7,18.73,2.22,7.5
SIP_0656,SIP_0656: MOMENTUM_RO | MOM_HURDLE_20 | 4Stk | VAN_THARP_3T,MOMENTUM_ROTATE_DYNAMIC,MOM_HURDLE_20,4,VAN_THARP_3TIER,7.15,-6.79,-24.53,-5.2,10.72,13.17,24.4,-16.89,3.36,14.5,13.89,0.36,12.7
SIP_0456,SIP_0456: TACTICAL_MA | MOM_HURDLE_20 | 4Stk | VAN_THARP_3T,TACTICAL_MACRO_80_20,MOM_HURDLE_20,4,VAN_THARP_3TIER,7.15,-6.79,-24.53,-5.2,10.72,13.17,24.4,-16.89,3.36,14.5,13.89,0.36,12.7
SIP_0856,SIP_0856: MULTI_ASSET | MOM_HURDLE_20 | 4Stk | VAN_THARP_3T,MULTI_ASSET_BALANCED,MOM_HURDLE_20,4,VAN_THARP_3TIER,7.15,-6.79,-24.53,-5.2,10.72,13.17,24.4,-16.89,3.36,14.5,13.89,0.36,12.7
SIP_0323,SIP_0323: TACTICAL_MA | MOM_HURDLE_40 | 8Stk | ADAPTIVE_STR,TACTICAL_MACRO_90_10,MOM_HURDLE_40,8,ADAPTIVE_STRUCTURAL,7.13,31.5,13.76,21.7,11.58,14.03,26.4,-9.22,11.03,-37.8,17.96,2.04,7.0
SIP_0881,SIP_0881: MULTI_ASSET | MOM_HURDLE_30 | 4Stk | VAN_THARP_3T,MULTI_ASSET_BALANCED,MOM_HURDLE_30,4,VAN_THARP_3TIER,7.1,-5.7,-23.44,-4.3,9.25,11.7,20.9,-15.68,4.57,14.5,13.89,0.31,12.0
SIP_0093,SIP_0093: PURE_STOCKS | MOM_HURDLE_30 | 6Stk | ADAPTIVE_STR,PURE_STOCKS,MOM_HURDLE_30,6,ADAPTIVE_STRUCTURAL,7.1,33.01,15.27,22.6,11.14,13.59,25.4,-9.47,10.78,-38.6,17.56,2.13,7.3
SIP_0481,SIP_0481: TACTICAL_MA | MOM_HURDLE_30 | 4Stk | VAN_THARP_3T,TACTICAL_MACRO_80_20,MOM_HURDLE_30,4,VAN_THARP_3TIER,7.1,-5.7,-23.44,-4.3,9.25,11.7,20.9,-15.68,4.57,14.5,13.89,0.31,12.0
SIP_0681,SIP_0681: MOMENTUM_RO | MOM_HURDLE_30 | 4Stk | VAN_THARP_3T,MOMENTUM_ROTATE_DYNAMIC,MOM_HURDLE_30,4,VAN_THARP_3TIER,7.1,-5.7,-23.44,-4.3,9.25,11.7,20.9,-15.68,4.57,14.5,13.89,0.31,12.0
SIP_0201,SIP_0201: TACTICAL_MA | CLENOW_MOMENTU | 3Stk | VAN_THARP_3T,TACTICAL_MACRO_90_10,CLENOW_MOMENTUM,3,VAN_THARP_3TIER,7.06,1.32,-16.43,1.0,6.81,9.26,15.2,-17.95,2.3,14.5,7.48,0.43,9.7
SIP_0238,SIP_0238: TACTICAL_MA | CLENOW_HIGH_CO | 5Stk | ADAPTIVE_STR,TACTICAL_MACRO_90_10,CLENOW_HIGH_CONVICTION,5,ADAPTIVE_STRUCTURAL,7.04,-6.64,-24.39,-5.1,9.16,11.61,20.7,-13.75,6.5,14.5,15.11,1.9,4.8
SIP_0215,SIP_0215: TACTICAL_MA | CLENOW_MOMENTU | 5Stk | TIME_DECAY_M,TACTICAL_MACRO_90_10,CLENOW_MOMENTUM,5,TIME_DECAY_MOMENTUM,7.01,-0.77,-18.52,-0.6,3.4,5.85,7.5,-17.29,2.96,14.5,14.27,1.66,12.0
SIP_0638,SIP_0638: MOMENTUM_RO | CLENOW_HIGH_CO | 5Stk | ADAPTIVE_STR,MOMENTUM_ROTATE_DYNAMIC,CLENOW_HIGH_CONVICTION,5,ADAPTIVE_STRUCTURAL,6.99,-6.27,-24.01,-4.8,8.56,11.01,19.3,-13.75,6.5,14.5,15.09,1.9,4.3
SIP_0438,SIP_0438: TACTICAL_MA | CLENOW_HIGH_CO | 5Stk | ADAPTIVE_STR,TACTICAL_MACRO_80_20,CLENOW_HIGH_CONVICTION,5,ADAPTIVE_STRUCTURAL,6.99,-6.27,-24.01,-4.8,8.56,11.01,19.3,-13.75,6.5,14.5,15.09,1.9,4.3
SIP_0838,SIP_0838: MULTI_ASSET | CLENOW_HIGH_CO | 5Stk | ADAPTIVE_STR,MULTI_ASSET_BALANCED,CLENOW_HIGH_CONVICTION,5,ADAPTIVE_STRUCTURAL,6.99,-6.27,-24.01,-4.8,8.56,11.01,19.3,-13.75,6.5,14.5,15.09,1.9,4.3
SIP_0371,SIP_0371: TACTICAL_MA | 52W_HIGH_PROXI | 8Stk | VAN_THARP_3T,TACTICAL_MACRO_90_10,52W_HIGH_PROXIMITY,8,VAN_THARP_3TIER,6.99,3.13,-14.62,2.3,-0.63,1.82,-1.4,-13.36,6.89,14.5,14.13,0.42,5.0
SIP_0615,SIP_0615: MOMENTUM_RO | CLENOW_MOMENTU | 5Stk | TIME_DECAY_M,MOMENTUM_ROTATE_DYNAMIC,CLENOW_MOMENTUM,5,TIME_DECAY_MOMENTUM,6.96,-0.76,-18.51,-0.6,3.21,5.66,7.1,-17.29,2.96,14.5,14.29,1.66,11.9
SIP_0415,SIP_0415: TACTICAL_MA | CLENOW_MOMENTU | 5Stk | TIME_DECAY_M,TACTICAL_MACRO_80_20,CLENOW_MOMENTUM,5,TIME_DECAY_MOMENTUM,6.96,-0.76,-18.51,-0.6,3.21,5.66,7.1,-17.29,2.96,14.5,14.29,1.66,11.9
SIP_0815,SIP_0815: MULTI_ASSET | CLENOW_MOMENTU | 5Stk | TIME_DECAY_M,MULTI_ASSET_BALANCED,CLENOW_MOMENTUM,5,TIME_DECAY_MOMENTUM,6.96,-0.76,-18.51,-0.6,3.21,5.66,7.1,-17.29,2.96,14.5,14.29,1.66,11.9
SIP_0771,SIP_0771: MOMENTUM_RO | 52W_HIGH_PROXI | 8Stk | VAN_THARP_3T,MOMENTUM_ROTATE_DYNAMIC,52W_HIGH_PROXIMITY,8,VAN_THARP_3TIER,6.94,2.62,-15.12,1.9,-0.25,2.2,-0.5,-13.36,6.89,14.5,14.1,0.42,4.9
SIP_0971,SIP_0971: MULTI_ASSET | 52W_HIGH_PROXI | 8Stk | VAN_THARP_3T,MULTI_ASSET_BALANCED,52W_HIGH_PROXIMITY,8,VAN_THARP_3TIER,6.94,2.62,-15.12,1.9,-0.25,2.2,-0.5,-13.36,6.89,14.5,14.1,0.42,4.9
SIP_0571,SIP_0571: TACTICAL_MA | 52W_HIGH_PROXI | 8Stk | VAN_THARP_3T,TACTICAL_MACRO_80_20,52W_HIGH_PROXIMITY,8,VAN_THARP_3TIER,6.94,2.62,-15.12,1.9,-0.25,2.2,-0.5,-13.36,6.89,14.5,14.1,0.42,4.9
SIP_0291,SIP_0291: TACTICAL_MA | MOM_HURDLE_30 | 6Stk | VAN_THARP_3T,TACTICAL_MACRO_90_10,MOM_HURDLE_30,6,VAN_THARP_3TIER,6.93,-10.84,-28.58,-8.4,11.2,13.65,25.5,-15.37,4.88,14.5,17.77,0.36,8.1
SIP_0452,SIP_0452: TACTICAL_MA | MOM_HURDLE_20 | 3Stk | SMART_STEPLA,TACTICAL_MACRO_80_20,MOM_HURDLE_20,3,SMART_STEPLADDER,6.91,-8.68,-26.43,-6.7,8.19,10.64,18.4,-17.77,2.48,14.5,18.48,2.2,15.6
SIP_0652,SIP_0652: MOMENTUM_RO | MOM_HURDLE_20 | 3Stk | SMART_STEPLA,MOMENTUM_ROTATE_DYNAMIC,MOM_HURDLE_20,3,SMART_STEPLADDER,6.91,-8.68,-26.43,-6.7,8.19,10.64,18.4,-17.77,2.48,14.5,18.48,2.2,15.6
SIP_0601,SIP_0601: MOMENTUM_RO | CLENOW_MOMENTU | 3Stk | VAN_THARP_3T,MOMENTUM_ROTATE_DYNAMIC,CLENOW_MOMENTUM,3,VAN_THARP_3TIER,6.91,1.14,-16.61,0.8,6.46,8.91,14.4,-17.95,2.3,14.5,7.5,0.43,9.6
SIP_0852,SIP_0852: MULTI_ASSET | MOM_HURDLE_20 | 3Stk | SMART_STEPLA,MULTI_ASSET_BALANCED,MOM_HURDLE_20,3,SMART_STEPLADDER,6.91,-8.68,-26.43,-6.7,8.19,10.64,18.4,-17.77,2.48,14.5,18.48,2.2,15.6
SIP_0801,SIP_0801: MULTI_ASSET | CLENOW_MOMENTU | 3Stk | VAN_THARP_3T,MULTI_ASSET_BALANCED,CLENOW_MOMENTUM,3,VAN_THARP_3TIER,6.91,1.14,-16.61,0.8,6.46,8.91,14.4,-17.95,2.3,14.5,7.5,0.43,9.6
SIP_0401,SIP_0401: TACTICAL_MA | CLENOW_MOMENTU | 3Stk | VAN_THARP_3T,TACTICAL_MACRO_80_20,CLENOW_MOMENTUM,3,VAN_THARP_3TIER,6.91,1.14,-16.61,0.8,6.46,8.91,14.4,-17.95,2.3,14.5,7.5,0.43,9.6
SIP_0175,SIP_0175: PURE_STOCKS | 52W_HIGH_PROXI | 8Stk | TIME_DECAY_M,PURE_STOCKS,52W_HIGH_PROXIMITY,8,TIME_DECAY_MOMENTUM,6.85,-0.01,-17.75,-0.0,2.48,4.93,5.5,-13.73,6.52,14.5,13.57,2.36,9.9
SIP_0342,SIP_0342: TACTICAL_MA | MULTI_LOOKBACK | 6Stk | SMART_STEPLA,TACTICAL_MACRO_90_10,MULTI_LOOKBACK_BLEND,6,SMART_STEPLADDER,6.83,-5.16,-22.91,-3.9,6.06,8.51,13.5,-18.01,2.24,14.5,15.83,1.78,9.8
SIP_0121,SIP_0121: PURE_STOCKS | MOM_HURDLE_40 | 8Stk | VAN_THARP_3T,PURE_STOCKS,MOM_HURDLE_40,8,VAN_THARP_3TIER,6.83,17.89,0.14,12.8,20.92,23.37,49.2,-8.76,11.49,-36.2,18.74,0.35,7.2
SIP_0491,SIP_0491: TACTICAL_MA | MOM_HURDLE_30 | 6Stk | VAN_THARP_3T,TACTICAL_MACRO_80_20,MOM_HURDLE_30,6,VAN_THARP_3TIER,6.79,-10.75,-28.5,-8.3,10.66,13.11,24.2,-15.37,4.88,14.5,17.6,0.36,8.0
SIP_0891,SIP_0891: MULTI_ASSET | MOM_HURDLE_30 | 6Stk | VAN_THARP_3T,MULTI_ASSET_BALANCED,MOM_HURDLE_30,6,VAN_THARP_3TIER,6.79,-10.75,-28.5,-8.3,10.66,13.11,24.2,-15.37,4.88,14.5,17.6,0.36,8.0
SIP_0691,SIP_0691: MOMENTUM_RO | MOM_HURDLE_30 | 6Stk | VAN_THARP_3T,MOMENTUM_ROTATE_DYNAMIC,MOM_HURDLE_30,6,VAN_THARP_3TIER,6.79,-10.75,-28.5,-8.3,10.66,13.11,24.2,-15.37,4.88,14.5,17.6,0.36,8.0
SIP_0145,SIP_0145: PURE_STOCKS | MULTI_LOOKBACK | 6Stk | TIME_DECAY_M,PURE_STOCKS,MULTI_LOOKBACK_BLEND,6,TIME_DECAY_MOMENTUM,6.72,-4.56,-22.31,-3.5,6.56,9.01,14.7,-17.89,2.37,14.5,13.98,1.71,10.5
SIP_0103,SIP_0103: PURE_STOCKS | MOM_HURDLE_40 | 3Stk | ADAPTIVE_STR,PURE_STOCKS,MOM_HURDLE_40,3,ADAPTIVE_STRUCTURAL,6.71,39.18,21.44,26.5,9.93,12.38,22.5,-11.59,8.66,-45.6,17.28,1.99,8.3
SIP_0296,SIP_0296: TACTICAL_MA | MOM_HURDLE_30 | 8Stk | VAN_THARP_3T,TACTICAL_MACRO_90_10,MOM_HURDLE_30,8,VAN_THARP_3TIER,6.66,-10.17,-27.92,-7.9,10.47,12.92,23.8,-15.79,4.46,14.5,16.45,0.41,6.3
SIP_0742,SIP_0742: MOMENTUM_RO | MULTI_LOOKBACK | 6Stk | SMART_STEPLA,MOMENTUM_ROTATE_DYNAMIC,MULTI_LOOKBACK_BLEND,6,SMART_STEPLADDER,6.66,-5.49,-23.23,-4.2,5.75,8.2,12.8,-18.01,2.24,14.5,15.88,1.78,9.7
SIP_0542,SIP_0542: TACTICAL_MA | MULTI_LOOKBACK | 6Stk | SMART_STEPLA,TACTICAL_MACRO_80_20,MULTI_LOOKBACK_BLEND,6,SMART_STEPLADDER,6.66,-5.49,-23.23,-4.2,5.75,8.2,12.8,-18.01,2.24,14.5,15.88,1.78,9.7
SIP_0942,SIP_0942: MULTI_ASSET | MULTI_LOOKBACK | 6Stk | SMART_STEPLA,MULTI_ASSET_BALANCED,MULTI_LOOKBACK_BLEND,6,SMART_STEPLADDER,6.66,-5.49,-23.23,-4.2,5.75,8.2,12.8,-18.01,2.24,14.5,15.88,1.78,9.7
SIP_0718,SIP_0718: MOMENTUM_RO | MOM_HURDLE_40 | 6Stk | ADAPTIVE_STR,MOMENTUM_ROTATE_DYNAMIC,MOM_HURDLE_40,6,ADAPTIVE_STRUCTURAL,6.55,31.65,13.9,21.8,9.54,11.99,21.6,-9.47,10.78,-38.6,18.22,1.97,8.3
SIP_0918,SIP_0918: MULTI_ASSET | MOM_HURDLE_40 | 6Stk | ADAPTIVE_STR,MULTI_ASSET_BALANCED,MOM_HURDLE_40,6,ADAPTIVE_STRUCTURAL,6.55,31.65,13.9,21.8,9.54,11.99,21.6,-9.47,10.78,-38.6,18.22,1.97,8.3
SIP_0518,SIP_0518: TACTICAL_MA | MOM_HURDLE_40 | 6Stk | ADAPTIVE_STR,TACTICAL_MACRO_80_20,MOM_HURDLE_40,6,ADAPTIVE_STRUCTURAL,6.55,31.65,13.9,21.8,9.54,11.99,21.6,-9.47,10.78,-38.6,18.22,1.97,8.3
SIP_0896,SIP_0896: MULTI_ASSET | MOM_HURDLE_30 | 8Stk | VAN_THARP_3T,MULTI_ASSET_BALANCED,MOM_HURDLE_30,8,VAN_THARP_3TIER,6.49,-9.99,-27.74,-7.7,9.59,12.04,21.7,-15.79,4.46,14.5,16.39,0.41,6.0
SIP_0317,SIP_0317: TACTICAL_MA | MOM_HURDLE_40 | 6Stk | SMART_STEPLA,TACTICAL_MACRO_90_10,MOM_HURDLE_40,6,SMART_STEPLADDER,6.49,19.79,2.04,14.0,16.11,18.56,37.3,-8.04,12.21,-33.6,18.35,2.56,9.0
SIP_0696,SIP_0696: MOMENTUM_RO | MOM_HURDLE_30 | 8Stk | VAN_THARP_3T,MOMENTUM_ROTATE_DYNAMIC,MOM_HURDLE_30,8,VAN_THARP_3TIER,6.49,-9.99,-27.74,-7.7,9.59,12.04,21.7,-15.79,4.46,14.5,16.39,0.41,6.0
SIP_0496,SIP_0496: TACTICAL_MA | MOM_HURDLE_30 | 8Stk | VAN_THARP_3T,TACTICAL_MACRO_80_20,MOM_HURDLE_30,8,VAN_THARP_3TIER,6.49,-9.99,-27.74,-7.7,9.59,12.04,21.7,-15.79,4.46,14.5,16.39,0.41,6.0
SIP_0723,SIP_0723: MOMENTUM_RO | MOM_HURDLE_40 | 8Stk | ADAPTIVE_STR,MOMENTUM_ROTATE_DYNAMIC,MOM_HURDLE_40,8,ADAPTIVE_STRUCTURAL,6.47,29.48,11.73,20.4,10.88,13.33,24.7,-9.22,11.03,-37.8,17.8,2.04,7.0
SIP_0523,SIP_0523: TACTICAL_MA | MOM_HURDLE_40 | 8Stk | ADAPTIVE_STR,TACTICAL_MACRO_80_20,MOM_HURDLE_40,8,ADAPTIVE_STRUCTURAL,6.47,29.48,11.73,20.4,10.88,13.33,24.7,-9.22,11.03,-37.8,17.8,2.04,7.0
SIP_0923,SIP_0923: MULTI_ASSET | MOM_HURDLE_40 | 8Stk | ADAPTIVE_STR,MULTI_ASSET_BALANCED,MOM_HURDLE_40,8,ADAPTIVE_STRUCTURAL,6.47,29.48,11.73,20.4,10.88,13.33,24.7,-9.22,11.03,-37.8,17.8,2.04,7.0
SIP_0375,SIP_0375: TACTICAL_MA | 52W_HIGH_PROXI | 8Stk | TIME_DECAY_M,TACTICAL_MACRO_90_10,52W_HIGH_PROXIMITY,8,TIME_DECAY_MOMENTUM,6.44,-1.03,-18.78,-0.8,2.15,4.6,4.7,-13.73,6.52,14.5,13.36,2.36,9.6
SIP_0312,SIP_0312: TACTICAL_MA | MOM_HURDLE_40 | 5Stk | SMART_STEPLA,TACTICAL_MACRO_90_10,MOM_HURDLE_40,5,SMART_STEPLADDER,6.38,22.95,5.2,16.1,14.4,16.85,33.1,-8.84,11.41,-36.5,19.15,2.21,9.0
SIP_0111,SIP_0111: PURE_STOCKS | MOM_HURDLE_40 | 5Stk | VAN_THARP_3T,PURE_STOCKS,MOM_HURDLE_40,5,VAN_THARP_3TIER,6.36,17.43,-0.32,12.4,21.35,23.8,50.3,-9.71,10.54,-39.5,19.85,0.29,8.7
SIP_0575,SIP_0575: TACTICAL_MA | 52W_HIGH_PROXI | 8Stk | TIME_DECAY_M,TACTICAL_MACRO_80_20,52W_HIGH_PROXIMITY,8,TIME_DECAY_MOMENTUM,6.35,-1.29,-19.04,-1.0,2.16,4.61,4.8,-13.73,6.52,14.5,13.25,2.36,9.5
SIP_0775,SIP_0775: MOMENTUM_RO | 52W_HIGH_PROXI | 8Stk | TIME_DECAY_M,MOMENTUM_ROTATE_DYNAMIC,52W_HIGH_PROXIMITY,8,TIME_DECAY_MOMENTUM,6.35,-1.29,-19.04,-1.0,2.16,4.61,4.8,-13.73,6.52,14.5,13.25,2.36,9.5
SIP_0975,SIP_0975: MULTI_ASSET | 52W_HIGH_PROXI | 8Stk | TIME_DECAY_M,MULTI_ASSET_BALANCED,52W_HIGH_PROXIMITY,8,TIME_DECAY_MOMENTUM,6.35,-1.29,-19.04,-1.0,2.16,4.61,4.8,-13.73,6.52,14.5,13.25,2.36,9.5
SIP_0114,SIP_0114: PURE_STOCKS | MOM_HURDLE_40 | 5Stk | DYNAMIC_ATR,PURE_STOCKS,MOM_HURDLE_40,5,DYNAMIC_ATR,6.28,16.94,-0.8,12.1,23.06,25.51,54.6,-9.27,10.98,-38.0,16.35,2.31,13.8
SIP_0098,SIP_0098: PURE_STOCKS | MOM_HURDLE_30 | 8Stk | ADAPTIVE_STR,PURE_STOCKS,MOM_HURDLE_30,8,ADAPTIVE_STRUCTURAL,6.21,27.7,9.95,19.2,11.92,14.37,27.2,-9.29,10.96,-38.0,17.49,2.14,5.9
SIP_0307,SIP_0307: TACTICAL_MA | MOM_HURDLE_40 | 4Stk | SMART_STEPLA,TACTICAL_MACRO_90_10,MOM_HURDLE_40,4,SMART_STEPLADDER,6.12,25.19,7.45,17.6,15.2,17.65,35.1,-8.45,11.8,-35.1,12.85,2.37,6.3
SIP_0320,SIP_0320: TACTICAL_MA | MOM_HURDLE_40 | 6Stk | TIME_DECAY_M,TACTICAL_MACRO_90_10,MOM_HURDLE_40,6,TIME_DECAY_MOMENTUM,5.98,19.72,1.97,14.0,16.37,18.82,37.9,-7.8,12.45,-32.8,14.69,2.54,9.4
SIP_0345,SIP_0345: TACTICAL_MA | MULTI_LOOKBACK | 6Stk | TIME_DECAY_M,TACTICAL_MACRO_90_10,MULTI_LOOKBACK_BLEND,6,TIME_DECAY_MOMENTUM,5.95,-6.07,-23.81,-4.6,4.96,7.41,11.0,-17.89,2.37,14.5,14.05,1.71,10.1
SIP_0308,SIP_0308: TACTICAL_MA | MOM_HURDLE_40 | 4Stk | ADAPTIVE_STR,TACTICAL_MACRO_90_10,MOM_HURDLE_40,4,ADAPTIVE_STRUCTURAL,5.94,30.69,12.94,21.2,14.17,16.62,32.6,-10.21,10.04,-41.1,12.92,2.02,7.0
SIP_0324,SIP_0324: TACTICAL_MA | MOM_HURDLE_40 | 8Stk | DYNAMIC_ATR,TACTICAL_MACRO_90_10,MOM_HURDLE_40,8,DYNAMIC_ATR,5.92,13.45,-4.3,9.7,20.46,22.91,48.1,-8.44,11.81,-35.0,19.01,2.39,11.5
SIP_0322,SIP_0322: TACTICAL_MA | MOM_HURDLE_40 | 8Stk | SMART_STEPLA,TACTICAL_MACRO_90_10,MOM_HURDLE_40,8,SMART_STEPLADDER,5.86,18.65,0.9,13.3,14.02,16.47,32.2,-7.74,12.51,-32.6,18.04,2.67,8.7
SIP_0043,SIP_0043: PURE_STOCKS | CLENOW_HIGH_CO | 6Stk | ADAPTIVE_STR,PURE_STOCKS,CLENOW_HIGH_CONVICTION,6,ADAPTIVE_STRUCTURAL,5.8,-9.5,-27.25,-7.3,11.09,13.54,25.2,-13.82,6.43,14.5,10.36,1.74,10.1
SIP_0945,SIP_0945: MULTI_ASSET | MULTI_LOOKBACK | 6Stk | TIME_DECAY_M,MULTI_ASSET_BALANCED,MULTI_LOOKBACK_BLEND,6,TIME_DECAY_MOMENTUM,5.77,-6.25,-24.0,-4.8,4.5,6.95,10.0,-17.89,2.37,14.5,14.08,1.71,10.0
SIP_0545,SIP_0545: TACTICAL_MA | MULTI_LOOKBACK | 6Stk | TIME_DECAY_M,TACTICAL_MACRO_80_20,MULTI_LOOKBACK_BLEND,6,TIME_DECAY_MOMENTUM,5.77,-6.25,-24.0,-4.8,4.5,6.95,10.0,-17.89,2.37,14.5,14.08,1.71,10.0
SIP_0745,SIP_0745: MOMENTUM_RO | MULTI_LOOKBACK | 6Stk | TIME_DECAY_M,MOMENTUM_ROTATE_DYNAMIC,MULTI_LOOKBACK_BLEND,6,TIME_DECAY_MOMENTUM,5.77,-6.25,-24.0,-4.8,4.5,6.95,10.0,-17.89,2.37,14.5,14.08,1.71,10.0
SIP_0088,SIP_0088: PURE_STOCKS | MOM_HURDLE_30 | 5Stk | ADAPTIVE_STR,PURE_STOCKS,MOM_HURDLE_30,5,ADAPTIVE_STRUCTURAL,5.73,26.3,8.56,18.3,13.2,15.65,30.3,-10.36,9.89,-41.6,18.67,1.93,7.9
SIP_0147,SIP_0147: PURE_STOCKS | MULTI_LOOKBACK | 8Stk | SMART_STEPLA,PURE_STOCKS,MULTI_LOOKBACK_BLEND,8,SMART_STEPLADDER,5.68,-8.76,-26.5,-6.8,5.89,8.34,13.2,-16.68,3.57,14.5,15.36,1.82,9.7
SIP_0717,SIP_0717: MOMENTUM_RO | MOM_HURDLE_40 | 6Stk | SMART_STEPLA,MOMENTUM_ROTATE_DYNAMIC,MOM_HURDLE_40,6,SMART_STEPLADDER,5.68,17.66,-0.09,12.6,14.94,17.39,34.5,-8.04,12.21,-33.6,18.2,2.56,9.0
SIP_0517,SIP_0517: TACTICAL_MA | MOM_HURDLE_40 | 6Stk | SMART_STEPLA,TACTICAL_MACRO_80_20,MOM_HURDLE_40,6,SMART_STEPLADDER,5.68,17.66,-0.09,12.6,14.94,17.39,34.5,-8.04,12.21,-33.6,18.2,2.56,9.0
SIP_0917,SIP_0917: MULTI_ASSET | MOM_HURDLE_40 | 6Stk | SMART_STEPLA,MULTI_ASSET_BALANCED,MOM_HURDLE_40,6,SMART_STEPLADDER,5.68,17.66,-0.09,12.6,14.94,17.39,34.5,-8.04,12.21,-33.6,18.2,2.56,9.0
SIP_0313,SIP_0313: TACTICAL_MA | MOM_HURDLE_40 | 5Stk | ADAPTIVE_STR,TACTICAL_MACRO_90_10,MOM_HURDLE_40,5,ADAPTIVE_STRUCTURAL,5.65,31.34,13.59,21.6,8.49,10.94,19.1,-10.36,9.89,-41.6,18.39,1.83,8.2
SIP_0106,SIP_0106: PURE_STOCKS | MOM_HURDLE_40 | 4Stk | VAN_THARP_3T,PURE_STOCKS,MOM_HURDLE_40,4,VAN_THARP_3TIER,5.64,18.17,0.43,12.9,20.83,23.28,49.0,-9.08,11.18,-37.3,13.83,0.29,9.3
SIP_0512,SIP_0512: TACTICAL_MA | MOM_HURDLE_40 | 5Stk | SMART_STEPLA,TACTICAL_MACRO_80_20,MOM_HURDLE_40,5,SMART_STEPLADDER,5.61,21.01,3.27,14.8,13.23,15.68,30.3,-8.84,11.41,-36.5,19.03,2.21,8.9
SIP_0712,SIP_0712: MOMENTUM_RO | MOM_HURDLE_40 | 5Stk | SMART_STEPLA,MOMENTUM_ROTATE_DYNAMIC,MOM_HURDLE_40,5,SMART_STEPLADDER,5.61,21.01,3.27,14.8,13.23,15.68,30.3,-8.84,11.41,-36.5,19.03,2.21,8.9
SIP_0912,SIP_0912: MULTI_ASSET | MOM_HURDLE_40 | 5Stk | SMART_STEPLA,MULTI_ASSET_BALANCED,MOM_HURDLE_40,5,SMART_STEPLADDER,5.61,21.01,3.27,14.8,13.23,15.68,30.3,-8.84,11.41,-36.5,19.03,2.21,8.9
SIP_0972,SIP_0972: MULTI_ASSET | 52W_HIGH_PROXI | 8Stk | SMART_STEPLA,MULTI_ASSET_BALANCED,52W_HIGH_PROXIMITY,8,SMART_STEPLADDER,5.57,-3.04,-20.79,-2.3,0.84,3.29,1.8,-14.28,5.97,14.5,13.27,2.36,10.4
SIP_0772,SIP_0772: MOMENTUM_RO | 52W_HIGH_PROXI | 8Stk | SMART_STEPLA,MOMENTUM_ROTATE_DYNAMIC,52W_HIGH_PROXIMITY,8,SMART_STEPLADDER,5.57,-3.04,-20.79,-2.3,0.84,3.29,1.8,-14.28,5.97,14.5,13.27,2.36,10.4
SIP_0572,SIP_0572: TACTICAL_MA | 52W_HIGH_PROXI | 8Stk | SMART_STEPLA,TACTICAL_MACRO_80_20,52W_HIGH_PROXIMITY,8,SMART_STEPLADDER,5.57,-3.04,-20.79,-2.3,0.84,3.29,1.8,-14.28,5.97,14.5,13.27,2.36,10.4
SIP_0372,SIP_0372: TACTICAL_MA | 52W_HIGH_PROXI | 8Stk | SMART_STEPLA,TACTICAL_MACRO_90_10,52W_HIGH_PROXIMITY,8,SMART_STEPLADDER,5.56,-3.05,-20.8,-2.3,0.77,3.22,1.7,-14.28,5.97,14.5,13.29,2.36,10.5
SIP_0293,SIP_0293: TACTICAL_MA | MOM_HURDLE_30 | 6Stk | ADAPTIVE_STR,TACTICAL_MACRO_90_10,MOM_HURDLE_30,6,ADAPTIVE_STRUCTURAL,5.55,28.31,10.57,19.6,9.34,11.79,21.1,-9.47,10.78,-38.6,17.29,2.13,7.1
SIP_0172,SIP_0172: PURE_STOCKS | 52W_HIGH_PROXI | 8Stk | SMART_STEPLA,PURE_STOCKS,52W_HIGH_PROXIMITY,8,SMART_STEPLADDER,5.52,-2.87,-20.61,-2.2,0.28,2.73,0.6,-14.28,5.97,14.5,13.56,2.36,10.9
SIP_0436,SIP_0436: TACTICAL_MA | CLENOW_HIGH_CO | 5Stk | VAN_THARP_3T,TACTICAL_MACRO_80_20,CLENOW_HIGH_CONVICTION,5,VAN_THARP_3TIER,5.45,-6.66,-24.41,-5.1,3.43,5.88,7.6,-14.23,6.02,14.5,14.31,0.32,7.7
SIP_0636,SIP_0636: MOMENTUM_RO | CLENOW_HIGH_CO | 5Stk | VAN_THARP_3T,MOMENTUM_ROTATE_DYNAMIC,CLENOW_HIGH_CONVICTION,5,VAN_THARP_3TIER,5.45,-6.66,-24.41,-5.1,3.43,5.88,7.6,-14.23,6.02,14.5,14.31,0.32,7.7
SIP_0836,SIP_0836: MULTI_ASSET | CLENOW_HIGH_CO | 5Stk | VAN_THARP_3T,MULTI_ASSET_BALANCED,CLENOW_HIGH_CONVICTION,5,VAN_THARP_3TIER,5.45,-6.66,-24.41,-5.1,3.43,5.88,7.6,-14.23,6.02,14.5,14.31,0.32,7.7
SIP_0309,SIP_0309: TACTICAL_MA | MOM_HURDLE_40 | 4Stk | DYNAMIC_ATR,TACTICAL_MACRO_90_10,MOM_HURDLE_40,4,DYNAMIC_ATR,5.42,20.77,3.03,14.7,16.67,19.12,38.7,-8.93,11.32,-36.8,14.27,2.71,15.6
SIP_0603,SIP_0603: MOMENTUM_RO | CLENOW_MOMENTU | 3Stk | ADAPTIVE_STR,MOMENTUM_ROTATE_DYNAMIC,CLENOW_MOMENTUM,3,ADAPTIVE_STRUCTURAL,5.39,-9.05,-26.79,-7.0,10.49,12.94,23.8,-18.72,1.53,14.5,8.51,1.54,13.7
SIP_0803,SIP_0803: MULTI_ASSET | CLENOW_MOMENTU | 3Stk | ADAPTIVE_STR,MULTI_ASSET_BALANCED,CLENOW_MOMENTUM,3,ADAPTIVE_STRUCTURAL,5.39,-9.05,-26.79,-7.0,10.49,12.94,23.8,-18.72,1.53,14.5,8.51,1.54,13.7
SIP_0403,SIP_0403: TACTICAL_MA | CLENOW_MOMENTU | 3Stk | ADAPTIVE_STR,TACTICAL_MACRO_80_20,CLENOW_MOMENTUM,3,ADAPTIVE_STRUCTURAL,5.39,-9.05,-26.79,-7.0,10.49,12.94,23.8,-18.72,1.53,14.5,8.51,1.54,13.7
SIP_0236,SIP_0236: TACTICAL_MA | CLENOW_HIGH_CO | 5Stk | VAN_THARP_3T,TACTICAL_MACRO_90_10,CLENOW_HIGH_CONVICTION,5,VAN_THARP_3TIER,5.34,-7.59,-25.34,-5.8,4.0,6.45,8.9,-14.23,6.02,14.5,14.29,0.32,9.0
SIP_0203,SIP_0203: TACTICAL_MA | CLENOW_MOMENTU | 3Stk | ADAPTIVE_STR,TACTICAL_MACRO_90_10,CLENOW_MOMENTUM,3,ADAPTIVE_STRUCTURAL,5.33,-9.4,-27.14,-7.3,10.76,13.21,24.5,-18.72,1.53,14.5,8.43,1.54,13.8
SIP_0243,SIP_0243: TACTICAL_MA | CLENOW_HIGH_CO | 6Stk | ADAPTIVE_STR,TACTICAL_MACRO_90_10,CLENOW_HIGH_CONVICTION,6,ADAPTIVE_STRUCTURAL,5.29,-9.51,-27.25,-7.3,8.85,11.3,20.0,-13.82,6.43,14.5,10.58,1.74,6.3
SIP_0304,SIP_0304: TACTICAL_MA | MOM_HURDLE_40 | 3Stk | DYNAMIC_ATR,TACTICAL_MACRO_90_10,MOM_HURDLE_40,3,DYNAMIC_ATR,5.29,28.19,10.44,19.6,12.22,14.67,27.9,-10.89,9.36,-43.4,17.23,2.93,8.8
SIP_0520,SIP_0520: TACTICAL_MA | MOM_HURDLE_40 | 6Stk | TIME_DECAY_M,TACTICAL_MACRO_80_20,MOM_HURDLE_40,6,TIME_DECAY_MOMENTUM,5.25,17.8,0.05,12.7,15.28,17.73,35.3,-7.8,12.45,-32.8,14.65,2.54,9.3
SIP_0920,SIP_0920: MULTI_ASSET | MOM_HURDLE_40 | 6Stk | TIME_DECAY_M,MULTI_ASSET_BALANCED,MOM_HURDLE_40,6,TIME_DECAY_MOMENTUM,5.25,17.8,0.05,12.7,15.28,17.73,35.3,-7.8,12.45,-32.8,14.65,2.54,9.3
SIP_0720,SIP_0720: MOMENTUM_RO | MOM_HURDLE_40 | 6Stk | TIME_DECAY_M,MOMENTUM_ROTATE_DYNAMIC,MOM_HURDLE_40,6,TIME_DECAY_MOMENTUM,5.25,17.8,0.05,12.7,15.28,17.73,35.3,-7.8,12.45,-32.8,14.65,2.54,9.3
SIP_0707,SIP_0707: MOMENTUM_RO | MOM_HURDLE_40 | 4Stk | SMART_STEPLA,MOMENTUM_ROTATE_DYNAMIC,MOM_HURDLE_40,4,SMART_STEPLADDER,5.24,22.76,5.02,16.0,13.86,16.31,31.9,-8.45,11.8,-35.1,12.89,2.37,6.2
SIP_0907,SIP_0907: MULTI_ASSET | MOM_HURDLE_40 | 4Stk | SMART_STEPLA,MULTI_ASSET_BALANCED,MOM_HURDLE_40,4,SMART_STEPLADDER,5.24,22.76,5.02,16.0,13.86,16.31,31.9,-8.45,11.8,-35.1,12.89,2.37,6.2
SIP_0507,SIP_0507: TACTICAL_MA | MOM_HURDLE_40 | 4Stk | SMART_STEPLA,TACTICAL_MACRO_80_20,MOM_HURDLE_40,4,SMART_STEPLADDER,5.24,22.76,5.02,16.0,13.86,16.31,31.9,-8.45,11.8,-35.1,12.89,2.37,6.2
SIP_0310,SIP_0310: TACTICAL_MA | MOM_HURDLE_40 | 4Stk | TIME_DECAY_M,TACTICAL_MACRO_90_10,MOM_HURDLE_40,4,TIME_DECAY_MOMENTUM,5.2,23.79,6.04,16.7,11.7,14.15,26.7,-7.52,12.73,-31.7,10.78,2.18,7.0
SIP_0643,SIP_0643: MOMENTUM_RO | CLENOW_HIGH_CO | 6Stk | ADAPTIVE_STR,MOMENTUM_ROTATE_DYNAMIC,CLENOW_HIGH_CONVICTION,6,ADAPTIVE_STRUCTURAL,5.14,-9.41,-27.16,-7.3,8.19,10.64,18.4,-13.82,6.43,14.5,10.65,1.74,5.7
SIP_0843,SIP_0843: MULTI_ASSET | CLENOW_HIGH_CO | 6Stk | ADAPTIVE_STR,MULTI_ASSET_BALANCED,CLENOW_HIGH_CONVICTION,6,ADAPTIVE_STRUCTURAL,5.14,-9.41,-27.16,-7.3,8.19,10.64,18.4,-13.82,6.43,14.5,10.65,1.74,5.7
SIP_0443,SIP_0443: TACTICAL_MA | CLENOW_HIGH_CO | 6Stk | ADAPTIVE_STR,TACTICAL_MACRO_80_20,CLENOW_HIGH_CONVICTION,6,ADAPTIVE_STRUCTURAL,5.14,-9.41,-27.16,-7.3,8.19,10.64,18.4,-13.82,6.43,14.5,10.65,1.74,5.7
SIP_0036,SIP_0036: PURE_STOCKS | CLENOW_HIGH_CO | 5Stk | VAN_THARP_3T,PURE_STOCKS,CLENOW_HIGH_CONVICTION,5,VAN_THARP_3TIER,5.13,-9.79,-27.54,-7.6,5.67,8.12,12.6,-14.23,6.02,14.5,14.28,0.32,14.4
SIP_0708,SIP_0708: MOMENTUM_RO | MOM_HURDLE_40 | 4Stk | ADAPTIVE_STR,MOMENTUM_ROTATE_DYNAMIC,MOM_HURDLE_40,4,ADAPTIVE_STRUCTURAL,5.12,28.37,10.62,19.7,12.97,15.42,29.7,-10.21,10.04,-41.1,12.96,2.02,7.0
SIP_0508,SIP_0508: TACTICAL_MA | MOM_HURDLE_40 | 4Stk | ADAPTIVE_STR,TACTICAL_MACRO_80_20,MOM_HURDLE_40,4,ADAPTIVE_STRUCTURAL,5.12,28.37,10.62,19.7,12.97,15.42,29.7,-10.21,10.04,-41.1,12.96,2.02,7.0
SIP_0908,SIP_0908: MULTI_ASSET | MOM_HURDLE_40 | 4Stk | ADAPTIVE_STR,MULTI_ASSET_BALANCED,MOM_HURDLE_40,4,ADAPTIVE_STRUCTURAL,5.12,28.37,10.62,19.7,12.97,15.42,29.7,-10.21,10.04,-41.1,12.96,2.02,7.0
SIP_0316,SIP_0316: TACTICAL_MA | MOM_HURDLE_40 | 6Stk | VAN_THARP_3T,TACTICAL_MACRO_90_10,MOM_HURDLE_40,6,VAN_THARP_3TIER,5.1,12.61,-5.14,9.1,19.52,21.97,45.7,-8.84,11.41,-36.5,18.6,0.32,5.9
SIP_0315,SIP_0315: TACTICAL_MA | MOM_HURDLE_40 | 5Stk | TIME_DECAY_M,TACTICAL_MACRO_90_10,MOM_HURDLE_40,5,TIME_DECAY_MOMENTUM,5.09,21.3,3.56,15.1,15.23,17.68,35.1,-8.27,11.98,-34.5,11.41,2.15,7.9
SIP_0437,SIP_0437: TACTICAL_MA | CLENOW_HIGH_CO | 5Stk | SMART_STEPLA,TACTICAL_MACRO_80_20,CLENOW_HIGH_CONVICTION,5,SMART_STEPLADDER,5.07,-7.04,-24.79,-5.4,2.79,5.24,6.2,-14.1,6.15,14.5,13.77,2.21,5.3
SIP_0347,SIP_0347: TACTICAL_MA | MULTI_LOOKBACK | 8Stk | SMART_STEPLA,TACTICAL_MACRO_90_10,MULTI_LOOKBACK_BLEND,8,SMART_STEPLADDER,5.07,-9.11,-26.86,-7.0,4.04,6.49,9.0,-16.68,3.57,14.5,14.97,1.82,9.4
SIP_0637,SIP_0637: MOMENTUM_RO | CLENOW_HIGH_CO | 5Stk | SMART_STEPLA,MOMENTUM_ROTATE_DYNAMIC,CLENOW_HIGH_CONVICTION,5,SMART_STEPLADDER,5.07,-7.04,-24.79,-5.4,2.79,5.24,6.2,-14.1,6.15,14.5,13.77,2.21,5.3
SIP_0837,SIP_0837: MULTI_ASSET | CLENOW_HIGH_CO | 5Stk | SMART_STEPLA,MULTI_ASSET_BALANCED,CLENOW_HIGH_CONVICTION,5,SMART_STEPLADDER,5.07,-7.04,-24.79,-5.4,2.79,5.24,6.2,-14.1,6.15,14.5,13.77,2.21,5.3
SIP_0922,SIP_0922: MULTI_ASSET | MOM_HURDLE_40 | 8Stk | SMART_STEPLA,MULTI_ASSET_BALANCED,MOM_HURDLE_40,8,SMART_STEPLADDER,5.02,16.52,-1.23,11.8,12.9,15.35,29.5,-7.74,12.51,-32.6,17.86,2.67,8.7
SIP_0493,SIP_0493: TACTICAL_MA | MOM_HURDLE_30 | 6Stk | ADAPTIVE_STR,TACTICAL_MACRO_80_20,MOM_HURDLE_30,6,ADAPTIVE_STRUCTURAL,5.02,26.6,8.85,18.5,8.86,11.31,20.0,-9.47,10.78,-38.6,17.17,2.13,7.0
SIP_0893,SIP_0893: MULTI_ASSET | MOM_HURDLE_30 | 6Stk | ADAPTIVE_STR,MULTI_ASSET_BALANCED,MOM_HURDLE_30,6,ADAPTIVE_STRUCTURAL,5.02,26.6,8.85,18.5,8.86,11.31,20.0,-9.47,10.78,-38.6,17.17,2.13,7.0
SIP_0693,SIP_0693: MOMENTUM_RO | MOM_HURDLE_30 | 6Stk | ADAPTIVE_STR,MOMENTUM_ROTATE_DYNAMIC,MOM_HURDLE_30,6,ADAPTIVE_STRUCTURAL,5.02,26.6,8.85,18.5,8.86,11.31,20.0,-9.47,10.78,-38.6,17.17,2.13,7.0
SIP_0722,SIP_0722: MOMENTUM_RO | MOM_HURDLE_40 | 8Stk | SMART_STEPLA,MOMENTUM_ROTATE_DYNAMIC,MOM_HURDLE_40,8,SMART_STEPLADDER,5.02,16.52,-1.23,11.8,12.9,15.35,29.5,-7.74,12.51,-32.6,17.86,2.67,8.7
SIP_0522,SIP_0522: TACTICAL_MA | MOM_HURDLE_40 | 8Stk | SMART_STEPLA,TACTICAL_MACRO_80_20,MOM_HURDLE_40,8,SMART_STEPLADDER,5.02,16.52,-1.23,11.8,12.9,15.35,29.5,-7.74,12.51,-32.6,17.86,2.67,8.7
SIP_0003,SIP_0003: PURE_STOCKS | CLENOW_MOMENTU | 3Stk | ADAPTIVE_STR,PURE_STOCKS,CLENOW_MOMENTUM,3,ADAPTIVE_STRUCTURAL,5.01,-11.35,-29.09,-8.8,11.59,14.04,26.4,-18.72,1.53,14.5,8.38,1.54,14.1
SIP_0325,SIP_0325: TACTICAL_MA | MOM_HURDLE_40 | 8Stk | TIME_DECAY_M,TACTICAL_MACRO_90_10,MOM_HURDLE_40,8,TIME_DECAY_MOMENTUM,5.0,18.19,0.44,12.9,14.49,16.94,33.4,-7.69,12.56,-32.3,13.54,2.55,8.6
SIP_0724,SIP_0724: MOMENTUM_RO | MOM_HURDLE_40 | 8Stk | DYNAMIC_ATR,MOMENTUM_ROTATE_DYNAMIC,MOM_HURDLE_40,8,DYNAMIC_ATR,4.99,11.34,-6.41,8.2,18.94,21.39,44.3,-8.44,11.81,-35.0,18.88,2.39,11.0
SIP_0924,SIP_0924: MULTI_ASSET | MOM_HURDLE_40 | 8Stk | DYNAMIC_ATR,MULTI_ASSET_BALANCED,MOM_HURDLE_40,8,DYNAMIC_ATR,4.99,11.34,-6.41,8.2,18.94,21.39,44.3,-8.44,11.81,-35.0,18.88,2.39,11.0
SIP_0524,SIP_0524: TACTICAL_MA | MOM_HURDLE_40 | 8Stk | DYNAMIC_ATR,TACTICAL_MACRO_80_20,MOM_HURDLE_40,8,DYNAMIC_ATR,4.99,11.34,-6.41,8.2,18.94,21.39,44.3,-8.44,11.81,-35.0,18.88,2.39,11.0
SIP_0319,SIP_0319: TACTICAL_MA | MOM_HURDLE_40 | 6Stk | DYNAMIC_ATR,TACTICAL_MACRO_90_10,MOM_HURDLE_40,6,DYNAMIC_ATR,4.95,11.46,-6.29,8.3,20.64,23.09,48.5,-8.59,11.66,-35.6,16.96,2.46,11.9
SIP_0513,SIP_0513: TACTICAL_MA | MOM_HURDLE_40 | 5Stk | ADAPTIVE_STR,TACTICAL_MACRO_80_20,MOM_HURDLE_40,5,ADAPTIVE_STRUCTURAL,4.93,28.95,11.21,20.1,7.81,10.26,17.6,-10.36,9.89,-41.6,18.24,1.83,8.2
SIP_0713,SIP_0713: MOMENTUM_RO | MOM_HURDLE_40 | 5Stk | ADAPTIVE_STR,MOMENTUM_ROTATE_DYNAMIC,MOM_HURDLE_40,5,ADAPTIVE_STRUCTURAL,4.93,28.95,11.21,20.1,7.81,10.26,17.6,-10.36,9.89,-41.6,18.24,1.83,8.2
SIP_0913,SIP_0913: MULTI_ASSET | MOM_HURDLE_40 | 5Stk | ADAPTIVE_STR,MULTI_ASSET_BALANCED,MOM_HURDLE_40,5,ADAPTIVE_STRUCTURAL,4.93,28.95,11.21,20.1,7.81,10.26,17.6,-10.36,9.89,-41.6,18.24,1.83,8.2
SIP_0237,SIP_0237: TACTICAL_MA | CLENOW_HIGH_CO | 5Stk | SMART_STEPLA,TACTICAL_MACRO_90_10,CLENOW_HIGH_CONVICTION,5,SMART_STEPLADDER,4.93,-7.88,-25.63,-6.0,3.06,5.51,6.8,-14.1,6.15,14.5,13.78,2.21,5.4
SIP_0083,SIP_0083: PURE_STOCKS | MOM_HURDLE_30 | 4Stk | ADAPTIVE_STR,PURE_STOCKS,MOM_HURDLE_30,4,ADAPTIVE_STRUCTURAL,4.91,28.67,10.92,19.9,11.88,14.33,27.1,-10.21,10.04,-41.1,12.89,1.99,7.1
SIP_0947,SIP_0947: MULTI_ASSET | MULTI_LOOKBACK | 8Stk | SMART_STEPLA,MULTI_ASSET_BALANCED,MULTI_LOOKBACK_BLEND,8,SMART_STEPLADDER,4.87,-9.16,-26.91,-7.1,3.49,5.94,7.7,-16.68,3.57,14.5,14.87,1.82,9.4
SIP_0747,SIP_0747: MOMENTUM_RO | MULTI_LOOKBACK | 8Stk | SMART_STEPLA,MOMENTUM_ROTATE_DYNAMIC,MULTI_LOOKBACK_BLEND,8,SMART_STEPLADDER,4.87,-9.16,-26.91,-7.1,3.49,5.94,7.7,-16.68,3.57,14.5,14.87,1.82,9.4
SIP_0547,SIP_0547: TACTICAL_MA | MULTI_LOOKBACK | 8Stk | SMART_STEPLA,TACTICAL_MACRO_80_20,MULTI_LOOKBACK_BLEND,8,SMART_STEPLADDER,4.87,-9.16,-26.91,-7.1,3.49,5.94,7.7,-16.68,3.57,14.5,14.87,1.82,9.4
SIP_0298,SIP_0298: TACTICAL_MA | MOM_HURDLE_30 | 8Stk | ADAPTIVE_STR,TACTICAL_MACRO_90_10,MOM_HURDLE_30,8,ADAPTIVE_STRUCTURAL,4.59,22.81,5.07,16.1,10.04,12.49,22.8,-9.29,10.96,-38.0,17.16,2.14,5.7
SIP_0709,SIP_0709: MOMENTUM_RO | MOM_HURDLE_40 | 4Stk | DYNAMIC_ATR,MOMENTUM_ROTATE_DYNAMIC,MOM_HURDLE_40,4,DYNAMIC_ATR,4.49,17.98,0.23,12.8,15.59,18.04,36.0,-8.93,11.32,-36.8,14.29,2.71,14.9
SIP_0909,SIP_0909: MULTI_ASSET | MOM_HURDLE_40 | 4Stk | DYNAMIC_ATR,MULTI_ASSET_BALANCED,MOM_HURDLE_40,4,DYNAMIC_ATR,4.49,17.98,0.23,12.8,15.59,18.04,36.0,-8.93,11.32,-36.8,14.29,2.71,14.9
SIP_0509,SIP_0509: TACTICAL_MA | MOM_HURDLE_40 | 4Stk | DYNAMIC_ATR,TACTICAL_MACRO_80_20,MOM_HURDLE_40,4,DYNAMIC_ATR,4.49,17.98,0.23,12.8,15.59,18.04,36.0,-8.93,11.32,-36.8,14.29,2.71,14.9
SIP_0302,SIP_0302: TACTICAL_MA | MOM_HURDLE_40 | 3Stk | SMART_STEPLA,TACTICAL_MACRO_90_10,MOM_HURDLE_40,3,SMART_STEPLADDER,4.48,22.06,4.31,15.6,10.47,12.92,23.8,-9.79,10.46,-39.7,18.64,2.22,7.4
SIP_0904,SIP_0904: MULTI_ASSET | MOM_HURDLE_40 | 3Stk | DYNAMIC_ATR,MULTI_ASSET_BALANCED,MOM_HURDLE_40,3,DYNAMIC_ATR,4.47,25.91,8.16,18.1,11.03,13.48,25.1,-10.89,9.36,-43.4,17.23,2.93,8.7
SIP_0504,SIP_0504: TACTICAL_MA | MOM_HURDLE_40 | 3Stk | DYNAMIC_ATR,TACTICAL_MACRO_80_20,MOM_HURDLE_40,3,DYNAMIC_ATR,4.47,25.91,8.16,18.1,11.03,13.48,25.1,-10.89,9.36,-43.4,17.23,2.93,8.7
SIP_0704,SIP_0704: MOMENTUM_RO | MOM_HURDLE_40 | 3Stk | DYNAMIC_ATR,MOMENTUM_ROTATE_DYNAMIC,MOM_HURDLE_40,3,DYNAMIC_ATR,4.47,25.91,8.16,18.1,11.03,13.48,25.1,-10.89,9.36,-43.4,17.23,2.93,8.7
SIP_0321,SIP_0321: TACTICAL_MA | MOM_HURDLE_40 | 8Stk | VAN_THARP_3T,TACTICAL_MACRO_90_10,MOM_HURDLE_40,8,VAN_THARP_3TIER,4.38,12.08,-5.67,8.8,17.1,19.55,39.7,-8.76,11.49,-36.2,18.25,0.35,5.3
SIP_0516,SIP_0516: TACTICAL_MA | MOM_HURDLE_40 | 6Stk | VAN_THARP_3T,TACTICAL_MACRO_80_20,MOM_HURDLE_40,6,VAN_THARP_3TIER,4.36,10.88,-6.87,7.9,18.35,20.8,42.8,-8.84,11.41,-36.5,18.5,0.32,5.8
SIP_0716,SIP_0716: MOMENTUM_RO | MOM_HURDLE_40 | 6Stk | VAN_THARP_3T,MOMENTUM_ROTATE_DYNAMIC,MOM_HURDLE_40,6,VAN_THARP_3TIER,4.36,10.88,-6.87,7.9,18.35,20.8,42.8,-8.84,11.41,-36.5,18.5,0.32,5.8
SIP_0916,SIP_0916: MULTI_ASSET | MOM_HURDLE_40 | 6Stk | VAN_THARP_3T,MULTI_ASSET_BALANCED,MOM_HURDLE_40,6,VAN_THARP_3TIER,4.36,10.88,-6.87,7.9,18.35,20.8,42.8,-8.84,11.41,-36.5,18.5,0.32,5.8
SIP_0910,SIP_0910: MULTI_ASSET | MOM_HURDLE_40 | 4Stk | TIME_DECAY_M,MULTI_ASSET_BALANCED,MOM_HURDLE_40,4,TIME_DECAY_MOMENTUM,4.35,21.24,3.49,15.0,10.66,13.11,24.2,-7.52,12.73,-31.7,10.82,2.18,7.0
SIP_0510,SIP_0510: TACTICAL_MA | MOM_HURDLE_40 | 4Stk | TIME_DECAY_M,TACTICAL_MACRO_80_20,MOM_HURDLE_40,4,TIME_DECAY_MOMENTUM,4.35,21.24,3.49,15.0,10.66,13.11,24.2,-7.52,12.73,-31.7,10.82,2.18,7.0
SIP_0710,SIP_0710: MOMENTUM_RO | MOM_HURDLE_40 | 4Stk | TIME_DECAY_M,MOMENTUM_ROTATE_DYNAMIC,MOM_HURDLE_40,4,TIME_DECAY_MOMENTUM,4.35,21.24,3.49,15.0,10.66,13.11,24.2,-7.52,12.73,-31.7,10.82,2.18,7.0
SIP_0303,SIP_0303: TACTICAL_MA | MOM_HURDLE_40 | 3Stk | ADAPTIVE_STR,TACTICAL_MACRO_90_10,MOM_HURDLE_40,3,ADAPTIVE_STRUCTURAL,4.32,30.99,13.24,21.4,7.61,10.06,17.1,-11.59,8.66,-45.6,17.17,1.99,8.1
SIP_0105,SIP_0105: PURE_STOCKS | MOM_HURDLE_40 | 3Stk | TIME_DECAY_M,PURE_STOCKS,MOM_HURDLE_40,3,TIME_DECAY_MOMENTUM,4.3,20.64,2.9,14.6,13.94,16.39,32.0,-10.73,9.52,-42.8,18.25,2.0,8.7
SIP_0925,SIP_0925: MULTI_ASSET | MOM_HURDLE_40 | 8Stk | TIME_DECAY_M,MULTI_ASSET_BALANCED,MOM_HURDLE_40,8,TIME_DECAY_MOMENTUM,4.29,16.35,-1.39,11.7,13.4,15.85,30.7,-7.69,12.56,-32.3,13.45,2.55,8.6
SIP_0725,SIP_0725: MOMENTUM_RO | MOM_HURDLE_40 | 8Stk | TIME_DECAY_M,MOMENTUM_ROTATE_DYNAMIC,MOM_HURDLE_40,8,TIME_DECAY_MOMENTUM,4.29,16.35,-1.39,11.7,13.4,15.85,30.7,-7.69,12.56,-32.3,13.45,2.55,8.6
SIP_0525,SIP_0525: TACTICAL_MA | MOM_HURDLE_40 | 8Stk | TIME_DECAY_M,TACTICAL_MACRO_80_20,MOM_HURDLE_40,8,TIME_DECAY_MOMENTUM,4.29,16.35,-1.39,11.7,13.4,15.85,30.7,-7.69,12.56,-32.3,13.45,2.55,8.6
SIP_0150,SIP_0150: PURE_STOCKS | MULTI_LOOKBACK | 8Stk | TIME_DECAY_M,PURE_STOCKS,MULTI_LOOKBACK_BLEND,8,TIME_DECAY_MOMENTUM,4.27,-10.15,-27.9,-7.9,2.94,5.39,6.5,-16.62,3.63,14.5,13.93,1.85,9.7
SIP_0715,SIP_0715: MOMENTUM_RO | MOM_HURDLE_40 | 5Stk | TIME_DECAY_M,MOMENTUM_ROTATE_DYNAMIC,MOM_HURDLE_40,5,TIME_DECAY_MOMENTUM,4.26,19.05,1.31,13.5,14.13,16.58,32.5,-8.27,11.98,-34.5,11.44,2.15,7.8
SIP_0915,SIP_0915: MULTI_ASSET | MOM_HURDLE_40 | 5Stk | TIME_DECAY_M,MULTI_ASSET_BALANCED,MOM_HURDLE_40,5,TIME_DECAY_MOMENTUM,4.26,19.05,1.31,13.5,14.13,16.58,32.5,-8.27,11.98,-34.5,11.44,2.15,7.8
SIP_0515,SIP_0515: TACTICAL_MA | MOM_HURDLE_40 | 5Stk | TIME_DECAY_M,TACTICAL_MACRO_80_20,MOM_HURDLE_40,5,TIME_DECAY_MOMENTUM,4.26,19.05,1.31,13.5,14.13,16.58,32.5,-8.27,11.98,-34.5,11.44,2.15,7.8
SIP_0037,SIP_0037: PURE_STOCKS | CLENOW_HIGH_CO | 5Stk | SMART_STEPLA,PURE_STOCKS,CLENOW_HIGH_CONVICTION,5,SMART_STEPLADDER,4.25,-11.09,-28.84,-8.6,3.98,6.43,8.8,-14.1,6.15,14.5,13.75,2.21,5.6
SIP_0919,SIP_0919: MULTI_ASSET | MOM_HURDLE_40 | 6Stk | DYNAMIC_ATR,MULTI_ASSET_BALANCED,MOM_HURDLE_40,6,DYNAMIC_ATR,4.18,9.79,-7.95,7.1,19.33,21.78,45.2,-8.59,11.66,-35.6,16.87,2.46,11.3
SIP_0519,SIP_0519: TACTICAL_MA | MOM_HURDLE_40 | 6Stk | DYNAMIC_ATR,TACTICAL_MACRO_80_20,MOM_HURDLE_40,6,DYNAMIC_ATR,4.18,9.79,-7.95,7.1,19.33,21.78,45.2,-8.59,11.66,-35.6,16.87,2.46,11.3
SIP_0719,SIP_0719: MOMENTUM_RO | MOM_HURDLE_40 | 6Stk | DYNAMIC_ATR,MOMENTUM_ROTATE_DYNAMIC,MOM_HURDLE_40,6,DYNAMIC_ATR,4.18,9.79,-7.95,7.1,19.33,21.78,45.2,-8.59,11.66,-35.6,16.87,2.46,11.3
SIP_0288,SIP_0288: TACTICAL_MA | MOM_HURDLE_30 | 5Stk | ADAPTIVE_STR,TACTICAL_MACRO_90_10,MOM_HURDLE_30,5,ADAPTIVE_STRUCTURAL,4.07,21.68,3.93,15.3,11.05,13.5,25.1,-10.36,9.89,-41.6,18.31,1.93,7.7
SIP_0698,SIP_0698: MOMENTUM_RO | MOM_HURDLE_30 | 8Stk | ADAPTIVE_STR,MOMENTUM_ROTATE_DYNAMIC,MOM_HURDLE_30,8,ADAPTIVE_STRUCTURAL,4.05,21.29,3.54,15.0,9.49,11.94,21.5,-9.29,10.96,-38.0,17.07,2.14,5.7
SIP_0898,SIP_0898: MULTI_ASSET | MOM_HURDLE_30 | 8Stk | ADAPTIVE_STR,MULTI_ASSET_BALANCED,MOM_HURDLE_30,8,ADAPTIVE_STRUCTURAL,4.05,21.29,3.54,15.0,9.49,11.94,21.5,-9.29,10.96,-38.0,17.07,2.14,5.7
SIP_0498,SIP_0498: TACTICAL_MA | MOM_HURDLE_30 | 8Stk | ADAPTIVE_STR,TACTICAL_MACRO_80_20,MOM_HURDLE_30,8,ADAPTIVE_STRUCTURAL,4.05,21.29,3.54,15.0,9.49,11.94,21.5,-9.29,10.96,-38.0,17.07,2.14,5.7
SIP_0101,SIP_0101: PURE_STOCKS | MOM_HURDLE_40 | 3Stk | VAN_THARP_3T,PURE_STOCKS,MOM_HURDLE_40,3,VAN_THARP_3TIER,4.04,15.93,-1.82,11.4,15.59,18.04,36.0,-10.35,9.9,-41.6,19.3,0.3,9.9
SIP_0441,SIP_0441: TACTICAL_MA | CLENOW_HIGH_CO | 6Stk | VAN_THARP_3T,TACTICAL_MACRO_80_20,CLENOW_HIGH_CONVICTION,6,VAN_THARP_3TIER,4.01,-9.15,-26.9,-7.1,4.38,6.83,9.7,-14.5,5.75,14.5,9.45,0.35,7.4
SIP_0641,SIP_0641: MOMENTUM_RO | CLENOW_HIGH_CO | 6Stk | VAN_THARP_3T,MOMENTUM_ROTATE_DYNAMIC,CLENOW_HIGH_CONVICTION,6,VAN_THARP_3TIER,4.01,-9.15,-26.9,-7.1,4.38,6.83,9.7,-14.5,5.75,14.5,9.45,0.35,7.4
SIP_0841,SIP_0841: MULTI_ASSET | CLENOW_HIGH_CO | 6Stk | VAN_THARP_3T,MULTI_ASSET_BALANCED,CLENOW_HIGH_CONVICTION,6,VAN_THARP_3TIER,4.01,-9.15,-26.9,-7.1,4.38,6.83,9.7,-14.5,5.75,14.5,9.45,0.35,7.4
SIP_0311,SIP_0311: TACTICAL_MA | MOM_HURDLE_40 | 5Stk | VAN_THARP_3T,TACTICAL_MACRO_90_10,MOM_HURDLE_40,5,VAN_THARP_3TIER,3.98,11.66,-6.09,8.4,17.7,20.15,41.2,-9.71,10.54,-39.5,19.53,0.29,7.3
SIP_0241,SIP_0241: TACTICAL_MA | CLENOW_HIGH_CO | 6Stk | VAN_THARP_3T,TACTICAL_MACRO_90_10,CLENOW_HIGH_CONVICTION,6,VAN_THARP_3TIER,3.96,-9.82,-27.57,-7.6,4.95,7.4,11.0,-14.5,5.75,14.5,9.37,0.35,8.6
SIP_0041,SIP_0041: PURE_STOCKS | CLENOW_HIGH_CO | 6Stk | VAN_THARP_3T,PURE_STOCKS,CLENOW_HIGH_CONVICTION,6,VAN_THARP_3TIER,3.88,-11.97,-29.72,-9.3,7.15,9.6,16.0,-14.5,5.75,14.5,9.15,0.35,14.2
SIP_0350,SIP_0350: TACTICAL_MA | MULTI_LOOKBACK | 8Stk | TIME_DECAY_M,TACTICAL_MACRO_90_10,MULTI_LOOKBACK_BLEND,8,TIME_DECAY_MOMENTUM,3.86,-10.52,-28.26,-8.2,1.86,4.31,4.1,-16.62,3.63,14.5,13.75,1.85,9.5
SIP_0642,SIP_0642: MOMENTUM_RO | CLENOW_HIGH_CO | 6Stk | SMART_STEPLA,MOMENTUM_ROTATE_DYNAMIC,CLENOW_HIGH_CONVICTION,6,SMART_STEPLADDER,3.85,-9.76,-27.51,-7.5,3.35,5.8,7.4,-14.14,6.11,14.5,10.64,1.96,5.5
SIP_0842,SIP_0842: MULTI_ASSET | CLENOW_HIGH_CO | 6Stk | SMART_STEPLA,MULTI_ASSET_BALANCED,CLENOW_HIGH_CONVICTION,6,SMART_STEPLADDER,3.85,-9.76,-27.51,-7.5,3.35,5.8,7.4,-14.14,6.11,14.5,10.64,1.96,5.5
SIP_0442,SIP_0442: TACTICAL_MA | CLENOW_HIGH_CO | 6Stk | SMART_STEPLA,TACTICAL_MACRO_80_20,CLENOW_HIGH_CONVICTION,6,SMART_STEPLADDER,3.85,-9.76,-27.51,-7.5,3.35,5.8,7.4,-14.14,6.11,14.5,10.64,1.96,5.5
SIP_0314,SIP_0314: TACTICAL_MA | MOM_HURDLE_40 | 5Stk | DYNAMIC_ATR,TACTICAL_MACRO_90_10,MOM_HURDLE_40,5,DYNAMIC_ATR,3.78,11.34,-6.4,8.2,19.05,21.5,44.5,-9.27,10.98,-38.0,15.66,2.31,12.0
SIP_0242,SIP_0242: TACTICAL_MA | CLENOW_HIGH_CO | 6Stk | SMART_STEPLA,TACTICAL_MACRO_90_10,CLENOW_HIGH_CONVICTION,6,SMART_STEPLADDER,3.71,-10.51,-28.26,-8.2,3.84,6.29,8.5,-14.14,6.11,14.5,10.56,1.96,6.6
SIP_0550,SIP_0550: TACTICAL_MA | MULTI_LOOKBACK | 8Stk | TIME_DECAY_M,TACTICAL_MACRO_80_20,MULTI_LOOKBACK_BLEND,8,TIME_DECAY_MOMENTUM,3.64,-10.71,-28.46,-8.3,1.16,3.61,2.5,-16.62,3.63,14.5,13.73,1.85,9.4
SIP_0950,SIP_0950: MULTI_ASSET | MULTI_LOOKBACK | 8Stk | TIME_DECAY_M,MULTI_ASSET_BALANCED,MULTI_LOOKBACK_BLEND,8,TIME_DECAY_MOMENTUM,3.64,-10.71,-28.46,-8.3,1.16,3.61,2.5,-16.62,3.63,14.5,13.73,1.85,9.4
SIP_0750,SIP_0750: MOMENTUM_RO | MULTI_LOOKBACK | 8Stk | TIME_DECAY_M,MOMENTUM_ROTATE_DYNAMIC,MULTI_LOOKBACK_BLEND,8,TIME_DECAY_MOMENTUM,3.64,-10.71,-28.46,-8.3,1.16,3.61,2.5,-16.62,3.63,14.5,13.73,1.85,9.4
SIP_0921,SIP_0921: MULTI_ASSET | MOM_HURDLE_40 | 8Stk | VAN_THARP_3T,MULTI_ASSET_BALANCED,MOM_HURDLE_40,8,VAN_THARP_3TIER,3.63,10.45,-7.3,7.6,15.89,18.34,36.8,-8.76,11.49,-36.2,18.12,0.35,4.7
SIP_0721,SIP_0721: MOMENTUM_RO | MOM_HURDLE_40 | 8Stk | VAN_THARP_3T,MOMENTUM_ROTATE_DYNAMIC,MOM_HURDLE_40,8,VAN_THARP_3TIER,3.63,10.45,-7.3,7.6,15.89,18.34,36.8,-8.76,11.49,-36.2,18.12,0.35,4.7
SIP_0521,SIP_0521: TACTICAL_MA | MOM_HURDLE_40 | 8Stk | VAN_THARP_3T,TACTICAL_MACRO_80_20,MOM_HURDLE_40,8,VAN_THARP_3TIER,3.63,10.45,-7.3,7.6,15.89,18.34,36.8,-8.76,11.49,-36.2,18.12,0.35,4.7
SIP_0502,SIP_0502: TACTICAL_MA | MOM_HURDLE_40 | 3Stk | SMART_STEPLA,TACTICAL_MACRO_80_20,MOM_HURDLE_40,3,SMART_STEPLADDER,3.6,19.67,1.92,13.9,9.45,11.9,21.4,-9.79,10.46,-39.7,18.48,2.22,7.3
SIP_0702,SIP_0702: MOMENTUM_RO | MOM_HURDLE_40 | 3Stk | SMART_STEPLA,MOMENTUM_ROTATE_DYNAMIC,MOM_HURDLE_40,3,SMART_STEPLADDER,3.6,19.67,1.92,13.9,9.45,11.9,21.4,-9.79,10.46,-39.7,18.48,2.22,7.3
SIP_0902,SIP_0902: MULTI_ASSET | MOM_HURDLE_40 | 3Stk | SMART_STEPLA,MULTI_ASSET_BALANCED,MOM_HURDLE_40,3,SMART_STEPLADDER,3.6,19.67,1.92,13.9,9.45,11.9,21.4,-9.79,10.46,-39.7,18.48,2.22,7.3
SIP_0503,SIP_0503: TACTICAL_MA | MOM_HURDLE_40 | 3Stk | ADAPTIVE_STR,TACTICAL_MACRO_80_20,MOM_HURDLE_40,3,ADAPTIVE_STRUCTURAL,3.59,28.53,10.79,19.8,6.96,9.41,15.6,-11.59,8.66,-45.6,17.13,1.99,8.0
SIP_0703,SIP_0703: MOMENTUM_RO | MOM_HURDLE_40 | 3Stk | ADAPTIVE_STR,MOMENTUM_ROTATE_DYNAMIC,MOM_HURDLE_40,3,ADAPTIVE_STRUCTURAL,3.59,28.53,10.79,19.8,6.96,9.41,15.6,-11.59,8.66,-45.6,17.13,1.99,8.0
SIP_0903,SIP_0903: MULTI_ASSET | MOM_HURDLE_40 | 3Stk | ADAPTIVE_STR,MULTI_ASSET_BALANCED,MOM_HURDLE_40,3,ADAPTIVE_STRUCTURAL,3.59,28.53,10.79,19.8,6.96,9.41,15.6,-11.59,8.66,-45.6,17.13,1.99,8.0
SIP_0488,SIP_0488: TACTICAL_MA | MOM_HURDLE_30 | 5Stk | ADAPTIVE_STR,TACTICAL_MACRO_80_20,MOM_HURDLE_30,5,ADAPTIVE_STRUCTURAL,3.56,20.15,2.4,14.3,10.54,12.99,23.9,-10.36,9.89,-41.6,18.16,1.93,7.6
SIP_0688,SIP_0688: MOMENTUM_RO | MOM_HURDLE_30 | 5Stk | ADAPTIVE_STR,MOMENTUM_ROTATE_DYNAMIC,MOM_HURDLE_30,5,ADAPTIVE_STRUCTURAL,3.56,20.15,2.4,14.3,10.54,12.99,23.9,-10.36,9.89,-41.6,18.16,1.93,7.6
SIP_0888,SIP_0888: MULTI_ASSET | MOM_HURDLE_30 | 5Stk | ADAPTIVE_STR,MULTI_ASSET_BALANCED,MOM_HURDLE_30,5,ADAPTIVE_STRUCTURAL,3.56,20.15,2.4,14.3,10.54,12.99,23.9,-10.36,9.89,-41.6,18.16,1.93,7.6
SIP_0042,SIP_0042: PURE_STOCKS | CLENOW_HIGH_CO | 6Stk | SMART_STEPLA,PURE_STOCKS,CLENOW_HIGH_CONVICTION,6,SMART_STEPLADDER,3.43,-12.63,-30.38,-9.9,5.24,7.69,11.7,-14.14,6.11,14.5,10.34,1.96,12.0
SIP_0511,SIP_0511: TACTICAL_MA | MOM_HURDLE_40 | 5Stk | VAN_THARP_3T,TACTICAL_MACRO_80_20,MOM_HURDLE_40,5,VAN_THARP_3TIER,3.23,9.95,-7.79,7.2,16.47,18.92,38.2,-9.71,10.54,-39.5,19.4,0.29,7.2
SIP_0911,SIP_0911: MULTI_ASSET | MOM_HURDLE_40 | 5Stk | VAN_THARP_3T,MULTI_ASSET_BALANCED,MOM_HURDLE_40,5,VAN_THARP_3TIER,3.23,9.95,-7.79,7.2,16.47,18.92,38.2,-9.71,10.54,-39.5,19.4,0.29,7.2
SIP_0711,SIP_0711: MOMENTUM_RO | MOM_HURDLE_40 | 5Stk | VAN_THARP_3T,MOMENTUM_ROTATE_DYNAMIC,MOM_HURDLE_40,5,VAN_THARP_3TIER,3.23,9.95,-7.79,7.2,16.47,18.92,38.2,-9.71,10.54,-39.5,19.4,0.29,7.2
SIP_0306,SIP_0306: TACTICAL_MA | MOM_HURDLE_40 | 4Stk | VAN_THARP_3T,TACTICAL_MACRO_90_10,MOM_HURDLE_40,4,VAN_THARP_3TIER,3.12,12.34,-5.41,8.9,16.34,18.79,37.9,-9.08,11.18,-37.3,13.85,0.29,8.1
SIP_0914,SIP_0914: MULTI_ASSET | MOM_HURDLE_40 | 5Stk | DYNAMIC_ATR,MULTI_ASSET_BALANCED,MOM_HURDLE_40,5,DYNAMIC_ATR,3.07,9.74,-8.01,7.1,17.73,20.18,41.3,-9.27,10.98,-38.0,15.69,2.31,11.4
SIP_0714,SIP_0714: MOMENTUM_RO | MOM_HURDLE_40 | 5Stk | DYNAMIC_ATR,MOMENTUM_ROTATE_DYNAMIC,MOM_HURDLE_40,5,DYNAMIC_ATR,3.07,9.74,-8.01,7.1,17.73,20.18,41.3,-9.27,10.98,-38.0,15.69,2.31,11.4
SIP_0514,SIP_0514: TACTICAL_MA | MOM_HURDLE_40 | 5Stk | DYNAMIC_ATR,TACTICAL_MACRO_80_20,MOM_HURDLE_40,5,DYNAMIC_ATR,3.07,9.74,-8.01,7.1,17.73,20.18,41.3,-9.27,10.98,-38.0,15.69,2.31,11.4
SIP_0283,SIP_0283: TACTICAL_MA | MOM_HURDLE_30 | 4Stk | ADAPTIVE_STR,TACTICAL_MACRO_90_10,MOM_HURDLE_30,4,ADAPTIVE_STRUCTURAL,2.96,22.9,5.15,16.1,9.38,11.83,21.2,-10.21,10.04,-41.1,12.92,1.99,7.0
SIP_0883,SIP_0883: MULTI_ASSET | MOM_HURDLE_30 | 4Stk | ADAPTIVE_STR,MULTI_ASSET_BALANCED,MOM_HURDLE_30,4,ADAPTIVE_STRUCTURAL,2.48,21.45,3.71,15.2,8.71,11.16,19.6,-10.21,10.04,-41.1,12.96,1.99,6.9
SIP_0683,SIP_0683: MOMENTUM_RO | MOM_HURDLE_30 | 4Stk | ADAPTIVE_STR,MOMENTUM_ROTATE_DYNAMIC,MOM_HURDLE_30,4,ADAPTIVE_STRUCTURAL,2.48,21.45,3.71,15.2,8.71,11.16,19.6,-10.21,10.04,-41.1,12.96,1.99,6.9
SIP_0483,SIP_0483: TACTICAL_MA | MOM_HURDLE_30 | 4Stk | ADAPTIVE_STR,TACTICAL_MACRO_80_20,MOM_HURDLE_30,4,ADAPTIVE_STRUCTURAL,2.48,21.45,3.71,15.2,8.71,11.16,19.6,-10.21,10.04,-41.1,12.96,1.99,6.9
SIP_0906,SIP_0906: MULTI_ASSET | MOM_HURDLE_40 | 4Stk | VAN_THARP_3T,MULTI_ASSET_BALANCED,MOM_HURDLE_40,4,VAN_THARP_3TIER,2.37,10.71,-7.04,7.8,14.83,17.28,34.2,-9.08,11.18,-37.3,13.89,0.29,8.0
SIP_0706,SIP_0706: MOMENTUM_RO | MOM_HURDLE_40 | 4Stk | VAN_THARP_3T,MOMENTUM_ROTATE_DYNAMIC,MOM_HURDLE_40,4,VAN_THARP_3TIER,2.37,10.71,-7.04,7.8,14.83,17.28,34.2,-9.08,11.18,-37.3,13.89,0.29,8.0
SIP_0506,SIP_0506: TACTICAL_MA | MOM_HURDLE_40 | 4Stk | VAN_THARP_3T,TACTICAL_MACRO_80_20,MOM_HURDLE_40,4,VAN_THARP_3TIER,2.37,10.71,-7.04,7.8,14.83,17.28,34.2,-9.08,11.18,-37.3,13.89,0.29,8.0
SIP_0305,SIP_0305: TACTICAL_MA | MOM_HURDLE_40 | 3Stk | TIME_DECAY_M,TACTICAL_MACRO_90_10,MOM_HURDLE_40,3,TIME_DECAY_MOMENTUM,2.23,15.26,-2.48,11.0,10.79,13.24,24.5,-10.73,9.52,-42.8,18.17,2.0,8.6
SIP_0705,SIP_0705: MOMENTUM_RO | MOM_HURDLE_40 | 3Stk | TIME_DECAY_M,MOMENTUM_ROTATE_DYNAMIC,MOM_HURDLE_40,3,TIME_DECAY_MOMENTUM,1.58,13.55,-4.19,9.8,9.85,12.3,22.3,-10.73,9.52,-42.8,18.16,2.0,8.5
SIP_0905,SIP_0905: MULTI_ASSET | MOM_HURDLE_40 | 3Stk | TIME_DECAY_M,MULTI_ASSET_BALANCED,MOM_HURDLE_40,3,TIME_DECAY_MOMENTUM,1.58,13.55,-4.19,9.8,9.85,12.3,22.3,-10.73,9.52,-42.8,18.16,2.0,8.5
SIP_0505,SIP_0505: TACTICAL_MA | MOM_HURDLE_40 | 3Stk | TIME_DECAY_M,TACTICAL_MACRO_80_20,MOM_HURDLE_40,3,TIME_DECAY_MOMENTUM,1.58,13.55,-4.19,9.8,9.85,12.3,22.3,-10.73,9.52,-42.8,18.16,2.0,8.5
SIP_0301,SIP_0301: TACTICAL_MA | MOM_HURDLE_40 | 3Stk | VAN_THARP_3T,TACTICAL_MACRO_90_10,MOM_HURDLE_40,3,VAN_THARP_3TIER,1.54,9.99,-7.76,7.3,11.41,13.86,26.0,-10.35,9.9,-41.6,19.21,0.3,7.7
SIP_0501,SIP_0501: TACTICAL_MA | MOM_HURDLE_40 | 3Stk | VAN_THARP_3T,TACTICAL_MACRO_80_20,MOM_HURDLE_40,3,VAN_THARP_3TIER,0.84,8.37,-9.37,6.1,10.27,12.72,23.3,-10.35,9.9,-41.6,19.21,0.3,7.2
SIP_0901,SIP_0901: MULTI_ASSET | MOM_HURDLE_40 | 3Stk | VAN_THARP_3T,MULTI_ASSET_BALANCED,MOM_HURDLE_40,3,VAN_THARP_3TIER,0.84,8.37,-9.37,6.1,10.27,12.72,23.3,-10.35,9.9,-41.6,19.21,0.3,7.2
SIP_0701,SIP_0701: MOMENTUM_RO | MOM_HURDLE_40 | 3Stk | VAN_THARP_3T,MOMENTUM_ROTATE_DYNAMIC,MOM_HURDLE_40,3,VAN_THARP_3TIER,0.84,8.37,-9.37,6.1,10.27,12.72,23.3,-10.35,9.9,-41.6,19.21,0.3,7.2
SIP_0034,SIP_0034: PURE_STOCKS | CLENOW_HIGH_CO | 4Stk | DYNAMIC_ATR,PURE_STOCKS,CLENOW_HIGH_CONVICTION,4,DYNAMIC_ATR,-0.34,19.8,2.05,14.0,6.42,8.87,14.4,-10.97,9.28,-43.6,6.31,1.79,6.4
SIP_0029,SIP_0029: PURE_STOCKS | CLENOW_HIGH_CO | 3Stk | DYNAMIC_ATR,PURE_STOCKS,CLENOW_HIGH_CONVICTION,3,DYNAMIC_ATR,-1.62,12.59,-5.16,9.1,10.42,12.87,23.6,-10.91,9.34,-43.4,3.3,1.45,5.9
SIP_0234,SIP_0234: TACTICAL_MA | CLENOW_HIGH_CO | 4Stk | DYNAMIC_ATR,TACTICAL_MACRO_90_10,CLENOW_HIGH_CONVICTION,4,DYNAMIC_ATR,-1.79,15.33,-2.41,11.0,4.8,7.25,10.7,-10.97,9.28,-43.6,6.34,1.79,6.1
SIP_0834,SIP_0834: MULTI_ASSET | CLENOW_HIGH_CO | 4Stk | DYNAMIC_ATR,MULTI_ASSET_BALANCED,CLENOW_HIGH_CONVICTION,4,DYNAMIC_ATR,-2.29,13.76,-3.98,9.9,4.34,6.79,9.6,-10.97,9.28,-43.6,6.33,1.79,6.0
SIP_0434,SIP_0434: TACTICAL_MA | CLENOW_HIGH_CO | 4Stk | DYNAMIC_ATR,TACTICAL_MACRO_80_20,CLENOW_HIGH_CONVICTION,4,DYNAMIC_ATR,-2.29,13.76,-3.98,9.9,4.34,6.79,9.6,-10.97,9.28,-43.6,6.33,1.79,6.0
SIP_0634,SIP_0634: MOMENTUM_RO | CLENOW_HIGH_CO | 4Stk | DYNAMIC_ATR,MOMENTUM_ROTATE_DYNAMIC,CLENOW_HIGH_CONVICTION,4,DYNAMIC_ATR,-2.29,13.76,-3.98,9.9,4.34,6.79,9.6,-10.97,9.28,-43.6,6.33,1.79,6.0
SIP_0049,SIP_0049: PURE_STOCKS | CLENOW_HIGH_CO | 8Stk | DYNAMIC_ATR,PURE_STOCKS,CLENOW_HIGH_CONVICTION,8,DYNAMIC_ATR,-2.9,4.87,-12.88,3.6,7.63,10.08,17.1,-11.19,9.06,-44.3,10.9,2.37,7.2
SIP_0229,SIP_0229: TACTICAL_MA | CLENOW_HIGH_CO | 3Stk | DYNAMIC_ATR,TACTICAL_MACRO_90_10,CLENOW_HIGH_CONVICTION,3,DYNAMIC_ATR,-3.5,7.33,-10.42,5.4,8.04,10.49,18.1,-10.91,9.34,-43.4,3.36,1.45,3.9
SIP_0429,SIP_0429: TACTICAL_MA | CLENOW_HIGH_CO | 3Stk | DYNAMIC_ATR,TACTICAL_MACRO_80_20,CLENOW_HIGH_CONVICTION,3,DYNAMIC_ATR,-4.01,5.94,-11.81,4.4,7.36,9.81,16.5,-10.91,9.34,-43.4,3.4,1.45,3.8
SIP_0629,SIP_0629: MOMENTUM_RO | CLENOW_HIGH_CO | 3Stk | DYNAMIC_ATR,MOMENTUM_ROTATE_DYNAMIC,CLENOW_HIGH_CONVICTION,3,DYNAMIC_ATR,-4.01,5.94,-11.81,4.4,7.36,9.81,16.5,-10.91,9.34,-43.4,3.4,1.45,3.8
SIP_0829,SIP_0829: MULTI_ASSET | CLENOW_HIGH_CO | 3Stk | DYNAMIC_ATR,MULTI_ASSET_BALANCED,CLENOW_HIGH_CONVICTION,3,DYNAMIC_ATR,-4.01,5.94,-11.81,4.4,7.36,9.81,16.5,-10.91,9.34,-43.4,3.4,1.45,3.8
SIP_0249,SIP_0249: TACTICAL_MA | CLENOW_HIGH_CO | 8Stk | DYNAMIC_ATR,TACTICAL_MACRO_90_10,CLENOW_HIGH_CONVICTION,8,DYNAMIC_ATR,-4.15,2.11,-15.64,1.6,5.44,7.89,12.1,-11.19,9.06,-44.3,10.91,2.37,4.5
SIP_0045,SIP_0045: PURE_STOCKS | CLENOW_HIGH_CO | 6Stk | TIME_DECAY_M,PURE_STOCKS,CLENOW_HIGH_CONVICTION,6,TIME_DECAY_MOMENTUM,-4.16,-0.39,-18.14,-0.3,5.91,8.36,13.2,-10.55,9.7,-42.2,11.46,1.94,10.4
SIP_0449,SIP_0449: TACTICAL_MA | CLENOW_HIGH_CO | 8Stk | DYNAMIC_ATR,TACTICAL_MACRO_80_20,CLENOW_HIGH_CONVICTION,8,DYNAMIC_ATR,-4.59,1.04,-16.71,0.8,4.81,7.26,10.7,-11.19,9.06,-44.3,10.88,2.37,3.8
SIP_0649,SIP_0649: MOMENTUM_RO | CLENOW_HIGH_CO | 8Stk | DYNAMIC_ATR,MOMENTUM_ROTATE_DYNAMIC,CLENOW_HIGH_CONVICTION,8,DYNAMIC_ATR,-4.59,1.04,-16.71,0.8,4.81,7.26,10.7,-11.19,9.06,-44.3,10.88,2.37,3.8
SIP_0849,SIP_0849: MULTI_ASSET | CLENOW_HIGH_CO | 8Stk | DYNAMIC_ATR,MULTI_ASSET_BALANCED,CLENOW_HIGH_CONVICTION,8,DYNAMIC_ATR,-4.59,1.04,-16.71,0.8,4.81,7.26,10.7,-11.19,9.06,-44.3,10.88,2.37,3.8
SIP_0030,SIP_0030: PURE_STOCKS | CLENOW_HIGH_CO | 3Stk | TIME_DECAY_M,PURE_STOCKS,CLENOW_HIGH_CONVICTION,3,TIME_DECAY_MOMENTUM,-4.63,-0.32,-18.07,-0.2,7.73,10.18,17.4,-10.91,9.34,-43.4,7.87,1.58,9.1
SIP_0640,SIP_0640: MOMENTUM_RO | CLENOW_HIGH_CO | 5Stk | TIME_DECAY_M,MOMENTUM_ROTATE_DYNAMIC,CLENOW_HIGH_CONVICTION,5,TIME_DECAY_MOMENTUM,-4.95,-3.07,-20.82,-2.3,2.56,5.01,5.6,-10.37,9.88,-41.6,14.61,2.02,5.8
SIP_0440,SIP_0440: TACTICAL_MA | CLENOW_HIGH_CO | 5Stk | TIME_DECAY_M,TACTICAL_MACRO_80_20,CLENOW_HIGH_CONVICTION,5,TIME_DECAY_MOMENTUM,-4.95,-3.07,-20.82,-2.3,2.56,5.01,5.6,-10.37,9.88,-41.6,14.61,2.02,5.8
SIP_0840,SIP_0840: MULTI_ASSET | CLENOW_HIGH_CO | 5Stk | TIME_DECAY_M,MULTI_ASSET_BALANCED,CLENOW_HIGH_CONVICTION,5,TIME_DECAY_MOMENTUM,-4.95,-3.07,-20.82,-2.3,2.56,5.01,5.6,-10.37,9.88,-41.6,14.61,2.02,5.8
SIP_0240,SIP_0240: TACTICAL_MA | CLENOW_HIGH_CO | 5Stk | TIME_DECAY_M,TACTICAL_MACRO_90_10,CLENOW_HIGH_CONVICTION,5,TIME_DECAY_MOMENTUM,-4.98,-3.47,-21.22,-2.6,2.86,5.31,6.3,-10.37,9.88,-41.6,14.61,2.02,6.5
SIP_0245,SIP_0245: TACTICAL_MA | CLENOW_HIGH_CO | 6Stk | TIME_DECAY_M,TACTICAL_MACRO_90_10,CLENOW_HIGH_CONVICTION,6,TIME_DECAY_MOMENTUM,-5.01,-1.86,-19.61,-1.4,3.86,6.31,8.6,-10.55,9.7,-42.2,11.69,1.94,6.7
SIP_0040,SIP_0040: PURE_STOCKS | CLENOW_HIGH_CO | 5Stk | TIME_DECAY_M,PURE_STOCKS,CLENOW_HIGH_CONVICTION,5,TIME_DECAY_MOMENTUM,-5.03,-4.71,-22.46,-3.6,4.07,6.52,9.0,-10.37,9.88,-41.6,14.59,2.02,8.6
SIP_0035,SIP_0035: PURE_STOCKS | CLENOW_HIGH_CO | 4Stk | TIME_DECAY_M,PURE_STOCKS,CLENOW_HIGH_CONVICTION,4,TIME_DECAY_MOMENTUM,-5.15,-2.79,-20.53,-2.1,5.09,7.54,11.3,-10.22,10.03,-41.2,9.7,1.69,9.8
SIP_0445,SIP_0445: TACTICAL_MA | CLENOW_HIGH_CO | 6Stk | TIME_DECAY_M,TACTICAL_MACRO_80_20,CLENOW_HIGH_CONVICTION,6,TIME_DECAY_MOMENTUM,-5.18,-2.1,-19.85,-1.6,3.42,5.87,7.6,-10.55,9.7,-42.2,11.76,1.94,5.7
SIP_0645,SIP_0645: MOMENTUM_RO | CLENOW_HIGH_CO | 6Stk | TIME_DECAY_M,MOMENTUM_ROTATE_DYNAMIC,CLENOW_HIGH_CONVICTION,6,TIME_DECAY_MOMENTUM,-5.18,-2.1,-19.85,-1.6,3.42,5.87,7.6,-10.55,9.7,-42.2,11.76,1.94,5.7
SIP_0845,SIP_0845: MULTI_ASSET | CLENOW_HIGH_CO | 6Stk | TIME_DECAY_M,MULTI_ASSET_BALANCED,CLENOW_HIGH_CONVICTION,6,TIME_DECAY_MOMENTUM,-5.18,-2.1,-19.85,-1.6,3.42,5.87,7.6,-10.55,9.7,-42.2,11.76,1.94,5.7
SIP_0235,SIP_0235: TACTICAL_MA | CLENOW_HIGH_CO | 4Stk | TIME_DECAY_M,TACTICAL_MACRO_90_10,CLENOW_HIGH_CONVICTION,4,TIME_DECAY_MOMENTUM,-5.86,-3.76,-21.5,-2.9,3.4,5.85,7.5,-10.22,10.03,-41.2,9.68,1.69,6.7
SIP_0230,SIP_0230: TACTICAL_MA | CLENOW_HIGH_CO | 3Stk | TIME_DECAY_M,TACTICAL_MACRO_90_10,CLENOW_HIGH_CONVICTION,3,TIME_DECAY_MOMENTUM,-5.87,-2.97,-20.71,-2.2,5.5,7.95,12.3,-10.91,9.34,-43.4,7.98,1.58,5.9
SIP_0435,SIP_0435: TACTICAL_MA | CLENOW_HIGH_CO | 4Stk | TIME_DECAY_M,TACTICAL_MACRO_80_20,CLENOW_HIGH_CONVICTION,4,TIME_DECAY_MOMENTUM,-5.95,-3.81,-21.55,-2.9,2.91,5.35,6.4,-10.22,10.03,-41.2,9.83,1.69,6.6
SIP_0835,SIP_0835: MULTI_ASSET | CLENOW_HIGH_CO | 4Stk | TIME_DECAY_M,MULTI_ASSET_BALANCED,CLENOW_HIGH_CONVICTION,4,TIME_DECAY_MOMENTUM,-5.95,-3.81,-21.55,-2.9,2.91,5.35,6.4,-10.22,10.03,-41.2,9.83,1.69,6.6
SIP_0635,SIP_0635: MOMENTUM_RO | CLENOW_HIGH_CO | 4Stk | TIME_DECAY_M,MOMENTUM_ROTATE_DYNAMIC,CLENOW_HIGH_CONVICTION,4,TIME_DECAY_MOMENTUM,-5.95,-3.81,-21.55,-2.9,2.91,5.35,6.4,-10.22,10.03,-41.2,9.83,1.69,6.6
SIP_0630,SIP_0630: MOMENTUM_RO | CLENOW_HIGH_CO | 3Stk | TIME_DECAY_M,MOMENTUM_ROTATE_DYNAMIC,CLENOW_HIGH_CONVICTION,3,TIME_DECAY_MOMENTUM,-6.2,-3.54,-21.29,-2.7,4.83,7.28,10.8,-10.91,9.34,-43.4,8.01,1.58,4.9
SIP_0830,SIP_0830: MULTI_ASSET | CLENOW_HIGH_CO | 3Stk | TIME_DECAY_M,MULTI_ASSET_BALANCED,CLENOW_HIGH_CONVICTION,3,TIME_DECAY_MOMENTUM,-6.2,-3.54,-21.29,-2.7,4.83,7.28,10.8,-10.91,9.34,-43.4,8.01,1.58,4.9
SIP_0430,SIP_0430: TACTICAL_MA | CLENOW_HIGH_CO | 3Stk | TIME_DECAY_M,TACTICAL_MACRO_80_20,CLENOW_HIGH_CONVICTION,3,TIME_DECAY_MOMENTUM,-6.2,-3.54,-21.29,-2.7,4.83,7.28,10.8,-10.91,9.34,-43.4,8.01,1.58,4.9
SIP_0048,SIP_0048: PURE_STOCKS | CLENOW_HIGH_CO | 8Stk | ADAPTIVE_STR,PURE_STOCKS,CLENOW_HIGH_CONVICTION,8,ADAPTIVE_STRUCTURAL,-6.45,-13.52,-31.27,-10.6,8.99,11.43,20.3,-10.92,9.33,-43.5,15.52,1.63,9.1
SIP_0046,SIP_0046: PURE_STOCKS | CLENOW_HIGH_CO | 8Stk | VAN_THARP_3T,PURE_STOCKS,CLENOW_HIGH_CONVICTION,8,VAN_THARP_3TIER,-6.66,-10.82,-28.57,-8.4,5.7,8.15,12.7,-11.14,9.11,-44.2,15.43,0.36,12.2
SIP_0248,SIP_0248: TACTICAL_MA | CLENOW_HIGH_CO | 8Stk | ADAPTIVE_STR,TACTICAL_MACRO_90_10,CLENOW_HIGH_CONVICTION,8,ADAPTIVE_STRUCTURAL,-6.71,-12.84,-30.59,-10.0,7.09,9.54,15.9,-10.92,9.33,-43.5,15.52,1.63,6.6
SIP_0848,SIP_0848: MULTI_ASSET | CLENOW_HIGH_CO | 8Stk | ADAPTIVE_STR,MULTI_ASSET_BALANCED,CLENOW_HIGH_CONVICTION,8,ADAPTIVE_STRUCTURAL,-6.79,-12.59,-30.34,-9.8,6.55,9.0,14.7,-10.92,9.33,-43.5,15.43,1.63,6.4
SIP_0648,SIP_0648: MOMENTUM_RO | CLENOW_HIGH_CO | 8Stk | ADAPTIVE_STR,MOMENTUM_ROTATE_DYNAMIC,CLENOW_HIGH_CONVICTION,8,ADAPTIVE_STRUCTURAL,-6.79,-12.59,-30.34,-9.8,6.55,9.0,14.7,-10.92,9.33,-43.5,15.43,1.63,6.4
SIP_0448,SIP_0448: TACTICAL_MA | CLENOW_HIGH_CO | 8Stk | ADAPTIVE_STR,TACTICAL_MACRO_80_20,CLENOW_HIGH_CONVICTION,8,ADAPTIVE_STRUCTURAL,-6.79,-12.59,-30.34,-9.8,6.55,9.0,14.7,-10.92,9.33,-43.5,15.43,1.63,6.4
SIP_0846,SIP_0846: MULTI_ASSET | CLENOW_HIGH_CO | 8Stk | VAN_THARP_3T,MULTI_ASSET_BALANCED,CLENOW_HIGH_CONVICTION,8,VAN_THARP_3TIER,-6.85,-9.19,-26.94,-7.1,3.27,5.72,7.2,-11.14,9.11,-44.2,15.21,0.36,6.9
SIP_0646,SIP_0646: MOMENTUM_RO | CLENOW_HIGH_CO | 8Stk | VAN_THARP_3T,MOMENTUM_ROTATE_DYNAMIC,CLENOW_HIGH_CONVICTION,8,VAN_THARP_3TIER,-6.85,-9.19,-26.94,-7.1,3.27,5.72,7.2,-11.14,9.11,-44.2,15.21,0.36,6.9
SIP_0446,SIP_0446: TACTICAL_MA | CLENOW_HIGH_CO | 8Stk | VAN_THARP_3T,TACTICAL_MACRO_80_20,CLENOW_HIGH_CONVICTION,8,VAN_THARP_3TIER,-6.85,-9.19,-26.94,-7.1,3.27,5.72,7.2,-11.14,9.11,-44.2,15.21,0.36,6.9
SIP_0246,SIP_0246: TACTICAL_MA | CLENOW_HIGH_CO | 8Stk | VAN_THARP_3T,TACTICAL_MACRO_90_10,CLENOW_HIGH_CONVICTION,8,VAN_THARP_3TIER,-6.86,-9.67,-27.42,-7.5,3.77,6.22,8.3,-11.14,9.11,-44.2,15.26,0.36,8.1
SIP_0050,SIP_0050: PURE_STOCKS | CLENOW_HIGH_CO | 8Stk | TIME_DECAY_M,PURE_STOCKS,CLENOW_HIGH_CONVICTION,8,TIME_DECAY_MOMENTUM,-7.0,-4.19,-21.94,-3.2,3.43,5.88,7.6,-10.78,9.47,-43.0,6.27,2.02,10.6
SIP_0647,SIP_0647: MOMENTUM_RO | CLENOW_HIGH_CO | 8Stk | SMART_STEPLA,MOMENTUM_ROTATE_DYNAMIC,CLENOW_HIGH_CONVICTION,8,SMART_STEPLADDER,-7.38,-9.61,-27.36,-7.4,1.03,3.48,2.2,-10.95,9.31,-43.5,15.21,1.84,5.4
SIP_0847,SIP_0847: MULTI_ASSET | CLENOW_HIGH_CO | 8Stk | SMART_STEPLA,MULTI_ASSET_BALANCED,CLENOW_HIGH_CONVICTION,8,SMART_STEPLADDER,-7.38,-9.61,-27.36,-7.4,1.03,3.48,2.2,-10.95,9.31,-43.5,15.21,1.84,5.4
SIP_0447,SIP_0447: TACTICAL_MA | CLENOW_HIGH_CO | 8Stk | SMART_STEPLA,TACTICAL_MACRO_80_20,CLENOW_HIGH_CONVICTION,8,SMART_STEPLADDER,-7.38,-9.61,-27.36,-7.4,1.03,3.48,2.2,-10.95,9.31,-43.5,15.21,1.84,5.4
SIP_0247,SIP_0247: TACTICAL_MA | CLENOW_HIGH_CO | 8Stk | SMART_STEPLA,TACTICAL_MACRO_90_10,CLENOW_HIGH_CONVICTION,8,SMART_STEPLADDER,-7.44,-10.23,-27.98,-7.9,1.33,3.78,2.9,-10.95,9.31,-43.5,15.41,1.84,5.8
SIP_0250,SIP_0250: TACTICAL_MA | CLENOW_HIGH_CO | 8Stk | TIME_DECAY_M,TACTICAL_MACRO_90_10,CLENOW_HIGH_CONVICTION,8,TIME_DECAY_MOMENTUM,-7.58,-5.19,-22.94,-4.0,1.86,4.31,4.1,-10.78,9.47,-43.0,6.73,2.02,6.8
SIP_0850,SIP_0850: MULTI_ASSET | CLENOW_HIGH_CO | 8Stk | TIME_DECAY_M,MULTI_ASSET_BALANCED,CLENOW_HIGH_CONVICTION,8,TIME_DECAY_MOMENTUM,-7.63,-5.26,-23.01,-4.0,1.53,3.98,3.4,-10.78,9.47,-43.0,6.88,2.02,5.8
SIP_0450,SIP_0450: TACTICAL_MA | CLENOW_HIGH_CO | 8Stk | TIME_DECAY_M,TACTICAL_MACRO_80_20,CLENOW_HIGH_CONVICTION,8,TIME_DECAY_MOMENTUM,-7.63,-5.26,-23.01,-4.0,1.53,3.98,3.4,-10.78,9.47,-43.0,6.88,2.02,5.8
SIP_0650,SIP_0650: MOMENTUM_RO | CLENOW_HIGH_CO | 8Stk | TIME_DECAY_M,MOMENTUM_ROTATE_DYNAMIC,CLENOW_HIGH_CONVICTION,8,TIME_DECAY_MOMENTUM,-7.63,-5.26,-23.01,-4.0,1.53,3.98,3.4,-10.78,9.47,-43.0,6.88,2.02,5.8
SIP_0047,SIP_0047: PURE_STOCKS | CLENOW_HIGH_CO | 8Stk | SMART_STEPLA,PURE_STOCKS,CLENOW_HIGH_CONVICTION,8,SMART_STEPLADDER,-7.85,-12.45,-30.2,-9.7,2.2,4.65,4.8,-10.95,9.31,-43.5,15.43,1.84,10.7
SIP_0633,SIP_0633: MOMENTUM_RO | CLENOW_HIGH_CO | 4Stk | ADAPTIVE_STR,MOMENTUM_ROTATE_DYNAMIC,CLENOW_HIGH_CONVICTION,4,ADAPTIVE_STRUCTURAL,-8.11,-11.1,-28.85,-8.6,6.11,8.56,13.7,-11.77,8.48,-46.2,10.0,1.59,7.6
SIP_0833,SIP_0833: MULTI_ASSET | CLENOW_HIGH_CO | 4Stk | ADAPTIVE_STR,MULTI_ASSET_BALANCED,CLENOW_HIGH_CONVICTION,4,ADAPTIVE_STRUCTURAL,-8.11,-11.1,-28.85,-8.6,6.11,8.56,13.7,-11.77,8.48,-46.2,10.0,1.59,7.6
SIP_0433,SIP_0433: TACTICAL_MA | CLENOW_HIGH_CO | 4Stk | ADAPTIVE_STR,TACTICAL_MACRO_80_20,CLENOW_HIGH_CONVICTION,4,ADAPTIVE_STRUCTURAL,-8.11,-11.1,-28.85,-8.6,6.11,8.56,13.7,-11.77,8.48,-46.2,10.0,1.59,7.6
SIP_0026,SIP_0026: PURE_STOCKS | CLENOW_HIGH_CO | 3Stk | VAN_THARP_3T,PURE_STOCKS,CLENOW_HIGH_CONVICTION,3,VAN_THARP_3TIER,-8.16,-7.65,-25.39,-5.9,6.23,8.68,13.9,-12.6,7.65,-48.7,7.36,0.42,9.1
SIP_0233,SIP_0233: TACTICAL_MA | CLENOW_HIGH_CO | 4Stk | ADAPTIVE_STR,TACTICAL_MACRO_90_10,CLENOW_HIGH_CONVICTION,4,ADAPTIVE_STRUCTURAL,-8.23,-11.92,-29.67,-9.3,6.58,9.03,14.7,-11.77,8.48,-46.2,10.06,1.59,7.7
SIP_0428,SIP_0428: TACTICAL_MA | CLENOW_HIGH_CO | 3Stk | ADAPTIVE_STR,TACTICAL_MACRO_80_20,CLENOW_HIGH_CONVICTION,3,ADAPTIVE_STRUCTURAL,-8.24,-11.14,-28.89,-8.7,7.65,10.1,17.2,-12.08,8.17,-47.1,8.51,1.59,5.5
SIP_0828,SIP_0828: MULTI_ASSET | CLENOW_HIGH_CO | 3Stk | ADAPTIVE_STR,MULTI_ASSET_BALANCED,CLENOW_HIGH_CONVICTION,3,ADAPTIVE_STRUCTURAL,-8.24,-11.14,-28.89,-8.7,7.65,10.1,17.2,-12.08,8.17,-47.1,8.51,1.59,5.5
SIP_0628,SIP_0628: MOMENTUM_RO | CLENOW_HIGH_CO | 3Stk | ADAPTIVE_STR,MOMENTUM_ROTATE_DYNAMIC,CLENOW_HIGH_CONVICTION,3,ADAPTIVE_STRUCTURAL,-8.24,-11.14,-28.89,-8.7,7.65,10.1,17.2,-12.08,8.17,-47.1,8.51,1.59,5.5
SIP_0228,SIP_0228: TACTICAL_MA | CLENOW_HIGH_CO | 3Stk | ADAPTIVE_STR,TACTICAL_MACRO_90_10,CLENOW_HIGH_CONVICTION,3,ADAPTIVE_STRUCTURAL,-8.25,-11.71,-29.46,-9.1,8.22,10.67,18.5,-12.08,8.17,-47.1,8.43,1.59,5.6
SIP_0028,SIP_0028: PURE_STOCKS | CLENOW_HIGH_CO | 3Stk | ADAPTIVE_STR,PURE_STOCKS,CLENOW_HIGH_CONVICTION,3,ADAPTIVE_STRUCTURAL,-8.27,-13.56,-31.31,-10.6,10.27,12.72,23.3,-12.08,8.17,-47.1,8.38,1.59,8.9
SIP_0226,SIP_0226: TACTICAL_MA | CLENOW_HIGH_CO | 3Stk | VAN_THARP_3T,TACTICAL_MACRO_90_10,CLENOW_HIGH_CONVICTION,3,VAN_THARP_3TIER,-8.31,-6.64,-24.39,-5.1,4.43,6.88,9.8,-12.6,7.65,-48.7,7.48,0.42,5.5
SIP_0626,SIP_0626: MOMENTUM_RO | CLENOW_HIGH_CO | 3Stk | VAN_THARP_3T,MOMENTUM_ROTATE_DYNAMIC,CLENOW_HIGH_CONVICTION,3,VAN_THARP_3TIER,-8.33,-6.28,-24.03,-4.8,3.93,6.38,8.7,-12.6,7.65,-48.7,7.5,0.42,4.8
SIP_0426,SIP_0426: TACTICAL_MA | CLENOW_HIGH_CO | 3Stk | VAN_THARP_3T,TACTICAL_MACRO_80_20,CLENOW_HIGH_CONVICTION,3,VAN_THARP_3TIER,-8.33,-6.28,-24.03,-4.8,3.93,6.38,8.7,-12.6,7.65,-48.7,7.5,0.42,4.8
SIP_0826,SIP_0826: MULTI_ASSET | CLENOW_HIGH_CO | 3Stk | VAN_THARP_3T,MULTI_ASSET_BALANCED,CLENOW_HIGH_CONVICTION,3,VAN_THARP_3TIER,-8.33,-6.28,-24.03,-4.8,3.93,6.38,8.7,-12.6,7.65,-48.7,7.5,0.42,4.8
SIP_0027,SIP_0027: PURE_STOCKS | CLENOW_HIGH_CO | 3Stk | SMART_STEPLA,PURE_STOCKS,CLENOW_HIGH_CONVICTION,3,SMART_STEPLADDER,-8.49,-9.58,-27.33,-7.4,6.85,9.3,15.3,-12.59,7.66,-48.6,7.49,1.53,9.9
SIP_0033,SIP_0033: PURE_STOCKS | CLENOW_HIGH_CO | 4Stk | ADAPTIVE_STR,PURE_STOCKS,CLENOW_HIGH_CONVICTION,4,ADAPTIVE_STRUCTURAL,-8.58,-14.5,-32.25,-11.4,8.09,10.54,18.2,-11.77,8.48,-46.2,10.06,1.59,8.5
SIP_0632,SIP_0632: MOMENTUM_RO | CLENOW_HIGH_CO | 4Stk | SMART_STEPLA,MOMENTUM_ROTATE_DYNAMIC,CLENOW_HIGH_CONVICTION,4,SMART_STEPLADDER,-8.71,-10.73,-28.47,-8.3,2.98,5.43,6.6,-11.61,8.64,-45.6,9.8,1.74,7.0
SIP_0432,SIP_0432: TACTICAL_MA | CLENOW_HIGH_CO | 4Stk | SMART_STEPLA,TACTICAL_MACRO_80_20,CLENOW_HIGH_CONVICTION,4,SMART_STEPLADDER,-8.71,-10.73,-28.47,-8.3,2.98,5.43,6.6,-11.61,8.64,-45.6,9.8,1.74,7.0
SIP_0832,SIP_0832: MULTI_ASSET | CLENOW_HIGH_CO | 4Stk | SMART_STEPLA,MULTI_ASSET_BALANCED,CLENOW_HIGH_CONVICTION,4,SMART_STEPLADDER,-8.71,-10.73,-28.47,-8.3,2.98,5.43,6.6,-11.61,8.64,-45.6,9.8,1.74,7.0
SIP_0227,SIP_0227: TACTICAL_MA | CLENOW_HIGH_CO | 3Stk | SMART_STEPLA,TACTICAL_MACRO_90_10,CLENOW_HIGH_CONVICTION,3,SMART_STEPLADDER,-8.77,-9.09,-26.84,-7.0,5.1,7.55,11.3,-12.59,7.66,-48.6,7.55,1.53,5.3
SIP_0627,SIP_0627: MOMENTUM_RO | CLENOW_HIGH_CO | 3Stk | SMART_STEPLA,MOMENTUM_ROTATE_DYNAMIC,CLENOW_HIGH_CONVICTION,3,SMART_STEPLADDER,-8.8,-8.87,-26.61,-6.8,4.67,7.12,10.4,-12.59,7.66,-48.6,7.62,1.53,5.2
SIP_0827,SIP_0827: MULTI_ASSET | CLENOW_HIGH_CO | 3Stk | SMART_STEPLA,MULTI_ASSET_BALANCED,CLENOW_HIGH_CONVICTION,3,SMART_STEPLADDER,-8.8,-8.87,-26.61,-6.8,4.67,7.12,10.4,-12.59,7.66,-48.6,7.62,1.53,5.2
SIP_0427,SIP_0427: TACTICAL_MA | CLENOW_HIGH_CO | 3Stk | SMART_STEPLA,TACTICAL_MACRO_80_20,CLENOW_HIGH_CONVICTION,3,SMART_STEPLADDER,-8.8,-8.87,-26.61,-6.8,4.67,7.12,10.4,-12.59,7.66,-48.6,7.62,1.53,5.2
SIP_0232,SIP_0232: TACTICAL_MA | CLENOW_HIGH_CO | 4Stk | SMART_STEPLA,TACTICAL_MACRO_90_10,CLENOW_HIGH_CONVICTION,4,SMART_STEPLADDER,-8.86,-11.57,-29.32,-9.0,3.35,5.8,7.4,-11.61,8.64,-45.6,9.82,1.74,7.1
SIP_0032,SIP_0032: PURE_STOCKS | CLENOW_HIGH_CO | 4Stk | SMART_STEPLA,PURE_STOCKS,CLENOW_HIGH_CONVICTION,4,SMART_STEPLADDER,-9.2,-13.82,-31.57,-10.8,4.63,7.08,10.3,-11.61,8.64,-45.6,9.63,1.74,11.5
SIP_0631,SIP_0631: MOMENTUM_RO | CLENOW_HIGH_CO | 4Stk | VAN_THARP_3T,MOMENTUM_ROTATE_DYNAMIC,CLENOW_HIGH_CONVICTION,4,VAN_THARP_3TIER,-9.92,-13.86,-31.61,-10.9,1.75,4.2,3.8,-11.57,8.68,-45.5,9.73,0.37,8.6
SIP_0431,SIP_0431: TACTICAL_MA | CLENOW_HIGH_CO | 4Stk | VAN_THARP_3T,TACTICAL_MACRO_80_20,CLENOW_HIGH_CONVICTION,4,VAN_THARP_3TIER,-9.92,-13.86,-31.61,-10.9,1.75,4.2,3.8,-11.57,8.68,-45.5,9.73,0.37,8.6
SIP_0831,SIP_0831: MULTI_ASSET | CLENOW_HIGH_CO | 4Stk | VAN_THARP_3T,MULTI_ASSET_BALANCED,CLENOW_HIGH_CONVICTION,4,VAN_THARP_3TIER,-9.92,-13.86,-31.61,-10.9,1.75,4.2,3.8,-11.57,8.68,-45.5,9.73,0.37,8.6
SIP_0231,SIP_0231: TACTICAL_MA | CLENOW_HIGH_CO | 4Stk | VAN_THARP_3T,TACTICAL_MACRO_90_10,CLENOW_HIGH_CONVICTION,4,VAN_THARP_3TIER,-10.18,-15.11,-32.86,-11.9,2.08,4.53,4.6,-11.57,8.68,-45.5,9.74,0.37,10.6
SIP_0031,SIP_0031: PURE_STOCKS | CLENOW_HIGH_CO | 4Stk | VAN_THARP_3T,PURE_STOCKS,CLENOW_HIGH_CONVICTION,4,VAN_THARP_3TIER,-11.04,-19.08,-36.82,-15.2,3.47,5.92,7.7,-11.57,8.68,-45.5,9.48,0.37,18.1
