id,name,entry_mode,slots,pyramid,exit_mode,composite_score,worst_bear_ret,worst_bear_xirr,worst_bear_pr,chop_ret,chop_xirr,chop_pr,bull_ret,cycle_ret,cycle_alpha,cycle_xirr,cycle_pr,cycle_pf,cycle_dd,cycle_wr
SW_0008,SW_0008: MULTI_LOOKBAC | 3Slots | CONSERVATI | ASYMMETRIC_R,MULTI_LOOKBACK,3,CONSERVATIVE_25,ASYMMETRIC_RUNNER,101.4,-32.74,14.5,0.54,37.18,301.5,0.97,44.21,53.53,60.09,53.5,0.85,1.46,19.6,62.6
SW_0010,SW_0010: MULTI_LOOKBAC | 3Slots | CONSERVATI | CHANDELIER_R,MULTI_LOOKBACK,3,CONSERVATIVE_25,CHANDELIER_RUNNER,99.45,-22.15,-39.6,0.48,39.73,335.5,0.97,61.15,68.56,75.12,68.6,0.88,1.66,22.3,64.1
SW_0110,SW_0110: MULTI_LOOKBAC | 3Slots | CONSERVATI | CHANDELIER_R,MULTI_LOOKBACK_HYPER,3,CONSERVATIVE_25,CHANDELIER_RUNNER,95.56,-14.79,-27.6,0.44,36.37,291.2,0.9,75.8,71.41,77.97,71.4,0.94,1.73,20.3,64.8
SW_0150,SW_0150: MULTI_LOOKBAC | 5Slots | CONSERVATI | CHANDELIER_R,MULTI_LOOKBACK_HYPER,5,CONSERVATIVE_25,CHANDELIER_RUNNER,95.34,-8.01,-15.5,0.55,35.53,280.8,0.8,94.91,44.23,50.79,44.2,0.87,1.49,21.9,64.3
SW_0030,SW_0030: MULTI_LOOKBAC | 4Slots | CONSERVATI | CHANDELIER_R,MULTI_LOOKBACK,4,CONSERVATIVE_25,CHANDELIER_RUNNER,91.09,-16.88,-31.1,0.42,35.29,277.8,0.85,100.24,44.41,50.97,44.4,0.84,1.37,25.1,62.8
SW_0007,SW_0007: MULTI_LOOKBAC | 3Slots | CONSERVATI | THREE_TIER_W,MULTI_LOOKBACK,3,CONSERVATIVE_25,THREE_TIER_WIDE,89.17,-32.62,14.5,0.59,33.07,251.3,0.82,47.11,46.74,53.3,46.7,0.83,1.35,21.4,61.0
SW_0117,SW_0117: MULTI_LOOKBAC | 3Slots | AGGRESSIVE | THREE_TIER_W,MULTI_LOOKBACK_HYPER,3,AGGRESSIVE_75,THREE_TIER_WIDE,87.96,-19.05,-34.7,0.42,35.21,276.8,1.1,59.19,82.12,88.68,82.1,1.06,1.81,18.7,61.6
SW_0155,SW_0155: MULTI_LOOKBAC | 5Slots | LIVERMORE_ | CHANDELIER_R,MULTI_LOOKBACK_HYPER,5,LIVERMORE_50,CHANDELIER_RUNNER,87.79,-8.97,-17.3,0.56,31.76,236.3,0.98,106.9,57.78,64.34,57.8,1.02,1.7,19.9,62.7
SW_0605,SW_0605: SECTOR_LEAD_R | 3Slots | NONE | CHANDELIER_R,SECTOR_LEAD_RS,3,NONE,CHANDELIER_RUNNER,86.66,-25.3,-44.5,0.75,36.59,294.0,1.24,69.0,55.87,62.43,55.9,0.88,1.82,19.8,67.4
SW_0037,SW_0037: MULTI_LOOKBAC | 4Slots | AGGRESSIVE | THREE_TIER_W,MULTI_LOOKBACK,4,AGGRESSIVE_75,THREE_TIER_WIDE,85.13,-12.74,-24.0,0.63,34.6,269.4,0.93,68.66,56.61,63.18,56.6,0.96,1.57,17.7,62.9
SW_0012,SW_0012: MULTI_LOOKBAC | 3Slots | LIVERMORE_ | THREE_TIER_W,MULTI_LOOKBACK,3,LIVERMORE_50,THREE_TIER_WIDE,83.82,-20.57,-37.1,0.53,36.89,297.9,0.99,34.23,58.06,64.62,58.1,0.87,1.5,17.6,62.6
SW_0035,SW_0035: MULTI_LOOKBAC | 4Slots | LIVERMORE_ | CHANDELIER_R,MULTI_LOOKBACK,4,LIVERMORE_50,CHANDELIER_RUNNER,83.11,-12.5,-23.6,0.46,32.55,245.3,0.87,89.22,44.36,50.92,44.4,0.91,1.45,17.3,61.0
SW_0038,SW_0038: MULTI_LOOKBAC | 4Slots | AGGRESSIVE | ASYMMETRIC_R,MULTI_LOOKBACK,4,AGGRESSIVE_75,ASYMMETRIC_RUNNER,83.08,-15.88,-29.4,0.54,33.34,254.4,1.05,81.76,65.57,72.13,65.6,0.92,1.79,15.1,64.7
SW_0105,SW_0105: MULTI_LOOKBAC | 3Slots | NONE | CHANDELIER_R,MULTI_LOOKBACK_HYPER,3,NONE,CHANDELIER_RUNNER,82.74,-17.12,-31.5,0.58,34.89,273.0,0.85,55.49,56.75,63.31,56.8,0.93,1.5,23.6,61.7
SW_0017,SW_0017: MULTI_LOOKBAC | 3Slots | AGGRESSIVE | THREE_TIER_W,MULTI_LOOKBACK,3,AGGRESSIVE_75,THREE_TIER_WIDE,82.26,-14.96,-27.9,0.51,34.45,267.6,1.15,51.06,59.32,65.88,59.3,0.96,1.5,20.2,61.7
SW_0130,SW_0130: MULTI_LOOKBAC | 4Slots | CONSERVATI | CHANDELIER_R,MULTI_LOOKBACK_HYPER,4,CONSERVATIVE_25,CHANDELIER_RUNNER,81.17,-9.09,-17.5,0.54,30.12,218.2,0.83,101.68,50.93,57.5,50.9,0.93,1.49,22.5,62.2
SW_0006,SW_0006: MULTI_LOOKBAC | 3Slots | CONSERVATI | THREE_TIER_T,MULTI_LOOKBACK,3,CONSERVATIVE_25,THREE_TIER_TIGHT,80.85,-31.65,14.5,0.61,31.29,231.0,0.95,33.1,46.64,53.2,46.6,0.98,1.31,22.8,55.7
SW_0036,SW_0036: MULTI_LOOKBAC | 4Slots | AGGRESSIVE | THREE_TIER_T,MULTI_LOOKBACK,4,AGGRESSIVE_75,THREE_TIER_TIGHT,80.56,-15.59,-29.0,0.56,32.64,246.3,1.17,81.04,52.38,58.94,52.4,0.95,1.46,19.2,59.9
SW_0160,SW_0160: MULTI_LOOKBAC | 5Slots | AGGRESSIVE | CHANDELIER_R,MULTI_LOOKBACK_HYPER,5,AGGRESSIVE_75,CHANDELIER_RUNNER,80.08,-5.54,-10.8,0.51,28.52,201.5,0.79,104.64,61.13,67.69,61.1,0.98,1.82,20.0,64.3
SW_0005,SW_0005: MULTI_LOOKBAC | 3Slots | NONE | CHANDELIER_R,MULTI_LOOKBACK,3,NONE,CHANDELIER_RUNNER,80.05,-25.12,-44.2,0.54,36.24,289.6,0.94,46.69,49.29,55.85,49.3,0.91,1.4,28.4,61.0
SW_0080,SW_0080: MULTI_LOOKBAC | 6Slots | AGGRESSIVE | CHANDELIER_R,MULTI_LOOKBACK,6,AGGRESSIVE_75,CHANDELIER_RUNNER,79.63,-9.45,-18.1,0.55,30.07,217.7,0.74,102.0,46.4,52.96,46.4,0.79,1.46,16.6,64.2
SW_0145,SW_0145: MULTI_LOOKBAC | 5Slots | NONE | CHANDELIER_R,MULTI_LOOKBACK_HYPER,5,NONE,CHANDELIER_RUNNER,79.58,-10.69,-20.4,0.68,32.3,242.4,0.79,66.13,58.94,65.5,58.9,0.94,1.67,17.9,64.4
SW_0001,SW_0001: MULTI_LOOKBAC | 3Slots | NONE | THREE_TIER_T,MULTI_LOOKBACK,3,NONE,THREE_TIER_TIGHT,79.54,-31.33,14.5,0.63,32.76,247.7,0.89,15.03,35.75,42.31,35.8,0.88,1.22,30.7,55.9
SW_0140,SW_0140: MULTI_LOOKBAC | 4Slots | AGGRESSIVE | CHANDELIER_R,MULTI_LOOKBACK_HYPER,4,AGGRESSIVE_75,CHANDELIER_RUNNER,79.12,-0.9,-1.8,0.66,26.84,184.5,1.04,105.11,58.5,65.06,58.5,1.02,1.65,21.3,62.5
SW_0025,SW_0025: MULTI_LOOKBAC | 4Slots | NONE | CHANDELIER_R,MULTI_LOOKBACK,4,NONE,CHANDELIER_RUNNER,78.5,-14.71,-27.4,0.57,32.67,246.7,0.88,68.63,50.21,56.77,50.2,0.9,1.45,18.1,61.7
SW_0127,SW_0127: MULTI_LOOKBAC | 4Slots | CONSERVATI | THREE_TIER_W,MULTI_LOOKBACK_HYPER,4,CONSERVATIVE_25,THREE_TIER_WIDE,78.46,-10.13,-19.4,0.57,31.13,229.3,0.94,81.23,42.56,49.12,42.6,0.9,1.36,23.1,59.7
SW_0118,SW_0118: MULTI_LOOKBAC | 3Slots | AGGRESSIVE | ASYMMETRIC_R,MULTI_LOOKBACK_HYPER,3,AGGRESSIVE_75,ASYMMETRIC_RUNNER,77.58,-11.24,-21.4,0.66,33.56,257.0,1.26,43.31,44.86,51.42,44.9,0.91,1.42,17.0,59.8
SW_0125,SW_0125: MULTI_LOOKBAC | 4Slots | NONE | CHANDELIER_R,MULTI_LOOKBACK_HYPER,4,NONE,CHANDELIER_RUNNER,77.33,-4.2,-8.3,0.66,30.4,221.4,0.87,66.23,51.1,57.66,51.1,0.94,1.51,22.5,62.0
SW_0018,SW_0018: MULTI_LOOKBAC | 3Slots | AGGRESSIVE | ASYMMETRIC_R,MULTI_LOOKBACK,3,AGGRESSIVE_75,ASYMMETRIC_RUNNER,77.2,-12.94,-24.4,0.56,32.87,249.0,1.16,44.16,61.92,68.48,61.9,1.05,1.63,19.7,62.6
SW_0175,SW_0175: MULTI_LOOKBAC | 6Slots | LIVERMORE_ | CHANDELIER_R,MULTI_LOOKBACK_HYPER,6,LIVERMORE_50,CHANDELIER_RUNNER,75.91,-0.83,-1.7,0.57,27.65,192.6,0.95,100.06,34.76,41.32,34.8,0.88,1.39,22.8,62.7
SW_0002,SW_0002: MULTI_LOOKBAC | 3Slots | NONE | THREE_TIER_W,MULTI_LOOKBACK,3,NONE,THREE_TIER_WIDE,75.87,-31.93,14.5,0.58,30.61,223.6,0.76,29.74,31.98,38.54,32.0,0.83,1.19,29.6,58.1
SW_0075,SW_0075: MULTI_LOOKBAC | 6Slots | LIVERMORE_ | CHANDELIER_R,MULTI_LOOKBACK,6,LIVERMORE_50,CHANDELIER_RUNNER,75.44,-8.57,-16.5,0.57,28.41,200.3,0.64,98.22,45.7,52.26,45.7,0.85,1.44,21.1,62.6
SW_0078,SW_0078: MULTI_LOOKBAC | 6Slots | AGGRESSIVE | ASYMMETRIC_R,MULTI_LOOKBACK,6,AGGRESSIVE_75,ASYMMETRIC_RUNNER,75.33,-14.52,-27.1,0.61,32.65,246.4,0.85,75.71,24.88,31.44,24.9,0.81,1.16,20.9,59.3
SW_0115,SW_0115: MULTI_LOOKBAC | 3Slots | LIVERMORE_ | CHANDELIER_R,MULTI_LOOKBACK_HYPER,3,LIVERMORE_50,CHANDELIER_RUNNER,74.0,-9.03,-17.4,0.43,29.91,216.0,1.12,58.24,57.8,64.36,57.8,0.93,1.61,20.3,64.6
SW_0170,SW_0170: MULTI_LOOKBAC | 6Slots | CONSERVATI | CHANDELIER_R,MULTI_LOOKBACK_HYPER,6,CONSERVATIVE_25,CHANDELIER_RUNNER,73.01,0.16,0.3,0.56,26.98,185.9,0.91,76.64,49.15,55.71,49.1,0.88,1.63,18.8,65.1
SW_0003,SW_0003: MULTI_LOOKBAC | 3Slots | NONE | ASYMMETRIC_R,MULTI_LOOKBACK,3,NONE,ASYMMETRIC_RUNNER,73.0,-32.76,14.5,0.6,29.65,213.2,0.87,25.37,38.98,45.55,39.0,0.82,1.29,23.4,60.0
SW_0050,SW_0050: MULTI_LOOKBAC | 5Slots | CONSERVATI | CHANDELIER_R,MULTI_LOOKBACK,5,CONSERVATIVE_25,CHANDELIER_RUNNER,72.89,-16.02,-29.7,0.48,28.9,205.4,0.68,96.13,50.9,57.47,50.9,0.81,1.48,16.7,65.4
SW_0009,SW_0009: MULTI_LOOKBAC | 3Slots | CONSERVATI | REGIME_ADAPT,MULTI_LOOKBACK,3,CONSERVATIVE_25,REGIME_ADAPTIVE,72.74,-24.86,-43.8,0.66,34.44,267.5,0.87,41.0,37.12,43.68,37.1,0.83,1.28,30.1,60.6
SW_0020,SW_0020: MULTI_LOOKBAC | 3Slots | AGGRESSIVE | CHANDELIER_R,MULTI_LOOKBACK,3,AGGRESSIVE_75,CHANDELIER_RUNNER,71.17,-10.88,-20.7,0.47,30.43,221.6,1.01,48.22,60.13,66.69,60.1,1.14,1.59,24.0,62.4
SW_0180,SW_0180: MULTI_LOOKBAC | 6Slots | AGGRESSIVE | CHANDELIER_R,MULTI_LOOKBACK_HYPER,6,AGGRESSIVE_75,CHANDELIER_RUNNER,70.92,2.94,6.0,0.64,24.6,163.0,0.85,94.92,40.94,47.5,40.9,0.88,1.48,19.3,63.3
SW_0031,SW_0031: MULTI_LOOKBAC | 4Slots | LIVERMORE_ | THREE_TIER_T,MULTI_LOOKBACK,4,LIVERMORE_50,THREE_TIER_TIGHT,70.63,-16.17,-29.9,0.55,30.92,227.0,1.03,69.31,34.34,40.9,34.3,0.84,1.26,23.9,60.6
SW_0129,SW_0129: MULTI_LOOKBAC | 4Slots | CONSERVATI | REGIME_ADAPT,MULTI_LOOKBACK_HYPER,4,CONSERVATIVE_25,REGIME_ADAPTIVE,70.31,-5.45,-10.7,0.61,27.98,195.9,0.82,78.64,34.41,40.97,34.4,0.88,1.28,23.0,59.8
SW_0138,SW_0138: MULTI_LOOKBAC | 4Slots | AGGRESSIVE | ASYMMETRIC_R,MULTI_LOOKBACK_HYPER,4,AGGRESSIVE_75,ASYMMETRIC_RUNNER,70.08,-10.94,-20.8,0.47,28.07,196.8,0.99,67.94,63.99,70.55,64.0,1.1,1.67,18.3,59.1
SW_0070,SW_0070: MULTI_LOOKBAC | 6Slots | CONSERVATI | CHANDELIER_R,MULTI_LOOKBACK,6,CONSERVATIVE_25,CHANDELIER_RUNNER,70.01,-9.66,-18.5,0.46,27.38,189.9,0.64,83.49,51.03,57.59,51.0,0.82,1.54,15.2,65.6
SW_0028,SW_0028: MULTI_LOOKBAC | 4Slots | CONSERVATI | ASYMMETRIC_R,MULTI_LOOKBACK,4,CONSERVATIVE_25,ASYMMETRIC_RUNNER,69.9,-19.36,-35.2,0.56,31.32,231.4,0.86,70.03,30.56,37.12,30.6,0.84,1.2,23.1,58.1
SW_0152,SW_0152: MULTI_LOOKBAC | 5Slots | LIVERMORE_ | THREE_TIER_W,MULTI_LOOKBACK_HYPER,5,LIVERMORE_50,THREE_TIER_WIDE,69.24,-13.91,-26.1,0.43,28.88,205.2,1.0,71.12,48.43,54.99,48.4,0.95,1.49,21.3,60.2
SW_0136,SW_0136: MULTI_LOOKBAC | 4Slots | AGGRESSIVE | THREE_TIER_T,MULTI_LOOKBACK_HYPER,4,AGGRESSIVE_75,THREE_TIER_TIGHT,68.2,-14.4,-26.9,0.56,28.39,200.1,1.08,72.36,53.46,60.02,53.5,0.99,1.51,16.7,58.3
SW_0019,SW_0019: MULTI_LOOKBAC | 3Slots | AGGRESSIVE | REGIME_ADAPT,MULTI_LOOKBACK,3,AGGRESSIVE_75,REGIME_ADAPTIVE,68.09,-9.4,-18.1,0.55,29.36,210.2,1.02,56.52,39.01,45.57,39.0,0.87,1.38,23.1,61.0
SW_0137,SW_0137: MULTI_LOOKBAC | 4Slots | AGGRESSIVE | THREE_TIER_W,MULTI_LOOKBACK_HYPER,4,AGGRESSIVE_75,THREE_TIER_WIDE,68.01,-14.9,-27.8,0.55,28.25,198.7,0.92,64.59,63.28,69.84,63.3,1.03,1.65,19.2,60.8
SW_0200,SW_0200: MULTI_LOOKBAC | 8Slots | AGGRESSIVE | CHANDELIER_R,MULTI_LOOKBACK_HYPER,8,AGGRESSIVE_75,CHANDELIER_RUNNER,67.81,2.26,4.6,0.64,23.99,157.4,0.98,86.29,47.13,53.69,47.1,0.94,1.61,17.1,63.0
SW_0032,SW_0032: MULTI_LOOKBAC | 4Slots | LIVERMORE_ | THREE_TIER_W,MULTI_LOOKBACK,4,LIVERMORE_50,THREE_TIER_WIDE,67.7,-16.45,-30.4,0.57,28.45,200.7,0.89,75.49,47.26,53.83,47.3,0.88,1.46,21.2,61.0
SW_0156,SW_0156: MULTI_LOOKBAC | 5Slots | AGGRESSIVE | THREE_TIER_T,MULTI_LOOKBACK_HYPER,5,AGGRESSIVE_75,THREE_TIER_TIGHT,66.56,-14.06,-26.3,0.54,29.12,207.7,1.09,58.04,49.74,56.31,49.7,0.99,1.49,18.7,59.6
SW_0122,SW_0122: MULTI_LOOKBAC | 4Slots | NONE | THREE_TIER_W,MULTI_LOOKBACK_HYPER,4,NONE,THREE_TIER_WIDE,66.52,-11.08,-21.1,0.7,30.28,220.0,1.01,40.64,34.06,40.63,34.1,0.96,1.26,24.2,57.0
SW_0013,SW_0013: MULTI_LOOKBAC | 3Slots | LIVERMORE_ | ASYMMETRIC_R,MULTI_LOOKBACK,3,LIVERMORE_50,ASYMMETRIC_RUNNER,66.32,-19.16,-34.9,0.48,30.66,224.1,0.98,41.61,50.32,56.88,50.3,0.88,1.5,19.2,63.3
SW_0029,SW_0029: MULTI_LOOKBAC | 4Slots | CONSERVATI | REGIME_ADAPT,MULTI_LOOKBACK,4,CONSERVATIVE_25,REGIME_ADAPTIVE,66.06,-15.82,-29.3,0.76,29.01,206.6,0.84,81.85,21.47,28.04,21.5,0.82,1.13,30.0,59.3
SW_0158,SW_0158: MULTI_LOOKBAC | 5Slots | AGGRESSIVE | ASYMMETRIC_R,MULTI_LOOKBACK_HYPER,5,AGGRESSIVE_75,ASYMMETRIC_RUNNER,66.01,-6.09,-11.9,0.52,25.14,168.1,0.98,81.02,50.51,57.07,50.5,0.97,1.58,17.8,60.9
SW_0004,SW_0004: MULTI_LOOKBAC | 3Slots | NONE | REGIME_ADAPT,MULTI_LOOKBACK,3,NONE,REGIME_ADAPTIVE,64.5,-27.75,-48.1,0.66,33.05,251.1,0.84,30.33,34.99,41.56,35.0,0.84,1.29,31.1,59.3
SW_0153,SW_0153: MULTI_LOOKBAC | 5Slots | LIVERMORE_ | ASYMMETRIC_R,MULTI_LOOKBACK_HYPER,5,LIVERMORE_50,ASYMMETRIC_RUNNER,64.23,-2.78,-5.5,0.54,24.14,158.8,0.91,80.59,45.88,52.45,45.9,0.99,1.53,17.1,59.1
SW_0615,SW_0615: SECTOR_LEAD_R | 3Slots | LIVERMORE_ | CHANDELIER_R,SECTOR_LEAD_RS,3,LIVERMORE_50,CHANDELIER_RUNNER,64.07,-6.61,-12.9,0.54,23.29,151.1,0.69,91.1,51.92,58.48,51.9,0.73,1.71,16.5,69.6
SW_0100,SW_0100: MULTI_LOOKBAC | 8Slots | AGGRESSIVE | CHANDELIER_R,MULTI_LOOKBACK,8,AGGRESSIVE_75,CHANDELIER_RUNNER,63.86,-8.09,-15.6,0.63,24.46,161.8,0.94,95.02,34.43,40.99,34.4,0.72,1.37,20.4,65.6
SW_0195,SW_0195: MULTI_LOOKBAC | 8Slots | LIVERMORE_ | CHANDELIER_R,MULTI_LOOKBACK_HYPER,8,LIVERMORE_50,CHANDELIER_RUNNER,63.22,1.99,4.0,0.63,23.01,148.6,0.8,80.7,39.83,46.39,39.8,0.83,1.48,20.1,63.7
SW_0177,SW_0177: MULTI_LOOKBAC | 6Slots | AGGRESSIVE | THREE_TIER_W,MULTI_LOOKBACK_HYPER,6,AGGRESSIVE_75,THREE_TIER_WIDE,63.11,-4.91,-9.7,0.7,23.99,157.4,0.85,78.93,48.76,55.33,48.8,0.96,1.5,19.1,61.8
SW_0142,SW_0142: MULTI_LOOKBAC | 5Slots | NONE | THREE_TIER_W,MULTI_LOOKBACK_HYPER,5,NONE,THREE_TIER_WIDE,63.06,-5.73,-11.2,0.76,28.11,197.2,0.97,38.22,40.22,46.79,40.2,0.93,1.39,21.4,60.3
SW_0039,SW_0039: MULTI_LOOKBAC | 4Slots | AGGRESSIVE | REGIME_ADAPT,MULTI_LOOKBACK,4,AGGRESSIVE_75,REGIME_ADAPTIVE,62.75,-11.48,-21.8,0.65,25.78,174.2,1.1,81.74,39.82,46.39,39.8,0.92,1.4,27.2,61.0
SW_0077,SW_0077: MULTI_LOOKBAC | 6Slots | AGGRESSIVE | THREE_TIER_W,MULTI_LOOKBACK,6,AGGRESSIVE_75,THREE_TIER_WIDE,62.68,-11.5,-21.8,0.65,25.16,168.3,0.67,84.87,43.54,50.1,43.5,0.88,1.39,18.6,60.3
SW_0610,SW_0610: SECTOR_LEAD_R | 3Slots | CONSERVATI | CHANDELIER_R,SECTOR_LEAD_RS,3,CONSERVATIVE_25,CHANDELIER_RUNNER,62.11,-19.44,-35.3,0.76,26.87,184.8,0.88,69.49,48.04,54.61,48.0,0.79,1.57,24.8,66.7
SW_0040,SW_0040: MULTI_LOOKBAC | 4Slots | AGGRESSIVE | CHANDELIER_R,MULTI_LOOKBACK,4,AGGRESSIVE_75,CHANDELIER_RUNNER,62.0,-15.89,-29.5,0.5,22.13,140.9,0.95,111.84,52.8,59.36,52.8,0.88,1.58,13.6,63.7
SW_0135,SW_0135: MULTI_LOOKBAC | 4Slots | LIVERMORE_ | CHANDELIER_R,MULTI_LOOKBACK_HYPER,4,LIVERMORE_50,CHANDELIER_RUNNER,61.5,-8.55,-16.5,0.57,22.66,145.5,1.01,97.85,40.28,46.84,40.3,0.94,1.45,22.7,61.0
SW_0060,SW_0060: MULTI_LOOKBAC | 5Slots | AGGRESSIVE | CHANDELIER_R,MULTI_LOOKBACK,5,AGGRESSIVE_75,CHANDELIER_RUNNER,61.32,-12.09,-22.9,0.51,22.21,141.5,0.78,109.95,48.22,54.78,48.2,0.91,1.56,15.4,62.5
SW_0045,SW_0045: MULTI_LOOKBAC | 5Slots | NONE | CHANDELIER_R,MULTI_LOOKBACK,5,NONE,CHANDELIER_RUNNER,61.06,-21.3,-38.3,0.58,27.25,188.6,0.73,70.26,53.18,59.75,53.2,0.91,1.51,15.2,62.7
SW_0033,SW_0033: MULTI_LOOKBAC | 4Slots | LIVERMORE_ | ASYMMETRIC_R,MULTI_LOOKBACK,4,LIVERMORE_50,ASYMMETRIC_RUNNER,60.21,-14.61,-27.3,0.57,26.79,184.1,0.72,64.1,40.16,46.72,40.2,0.84,1.4,15.6,60.3
SW_0147,SW_0147: MULTI_LOOKBAC | 5Slots | CONSERVATI | THREE_TIER_W,MULTI_LOOKBACK_HYPER,5,CONSERVATIVE_25,THREE_TIER_WIDE,60.04,-3.71,-7.3,0.65,23.63,154.2,0.85,68.95,39.52,46.09,39.5,0.83,1.37,20.7,62.0
SW_0107,SW_0107: MULTI_LOOKBAC | 3Slots | CONSERVATI | THREE_TIER_W,MULTI_LOOKBACK_HYPER,3,CONSERVATIVE_25,THREE_TIER_WIDE,59.93,-24.03,-42.5,0.62,28.43,200.5,0.89,53.91,37.34,43.91,37.3,0.9,1.26,26.6,58.2
SW_0178,SW_0178: MULTI_LOOKBAC | 6Slots | AGGRESSIVE | ASYMMETRIC_R,MULTI_LOOKBACK_HYPER,6,AGGRESSIVE_75,ASYMMETRIC_RUNNER,59.91,-4.72,-9.3,0.62,24.06,158.1,0.98,60.49,50.34,56.9,50.3,0.98,1.58,13.2,62.8
SW_0910,SW_0910: MULTI_FACTOR_ | 3Slots | CONSERVATI | CHANDELIER_R,MULTI_FACTOR_APEX,3,CONSERVATIVE_25,CHANDELIER_RUNNER,59.81,-36.01,14.5,0.53,22.71,146.0,1.13,40.12,47.14,53.7,47.1,0.97,1.55,20.1,61.5
SW_0116,SW_0116: MULTI_LOOKBAC | 3Slots | AGGRESSIVE | THREE_TIER_T,MULTI_LOOKBACK_HYPER,3,AGGRESSIVE_75,THREE_TIER_TIGHT,59.81,-16.92,-31.2,0.4,26.47,180.9,1.09,58.62,47.21,53.77,47.2,0.95,1.41,21.7,58.5
SW_0173,SW_0173: MULTI_LOOKBAC | 6Slots | LIVERMORE_ | ASYMMETRIC_R,MULTI_LOOKBACK_HYPER,6,LIVERMORE_50,ASYMMETRIC_RUNNER,59.81,2.18,4.5,0.71,22.91,147.7,0.93,61.26,39.41,45.98,39.4,0.89,1.43,15.9,62.3
SW_0128,SW_0128: MULTI_LOOKBAC | 4Slots | CONSERVATI | ASYMMETRIC_R,MULTI_LOOKBACK_HYPER,4,CONSERVATIVE_25,ASYMMETRIC_RUNNER,59.78,-8.48,-16.4,0.59,24.97,166.5,0.95,66.58,39.26,45.82,39.3,0.87,1.33,19.2,60.5
SW_0055,SW_0055: MULTI_LOOKBAC | 5Slots | LIVERMORE_ | CHANDELIER_R,MULTI_LOOKBACK,5,LIVERMORE_50,CHANDELIER_RUNNER,59.71,-11.41,-21.7,0.46,22.76,146.4,0.69,103.33,37.07,43.63,37.1,0.87,1.4,18.7,61.7
SW_0132,SW_0132: MULTI_LOOKBAC | 4Slots | LIVERMORE_ | THREE_TIER_W,MULTI_LOOKBACK_HYPER,4,LIVERMORE_50,THREE_TIER_WIDE,59.55,-15.72,-29.2,0.44,23.8,155.7,0.89,78.47,58.02,64.59,58.0,0.97,1.58,17.5,60.4
SW_0027,SW_0027: MULTI_LOOKBAC | 4Slots | CONSERVATI | THREE_TIER_W,MULTI_LOOKBACK,4,CONSERVATIVE_25,THREE_TIER_WIDE,59.52,-20.19,-36.5,0.6,27.05,186.6,0.81,83.78,21.81,28.37,21.8,0.76,1.1,28.9,58.5
SW_0620,SW_0620: SECTOR_LEAD_R | 3Slots | AGGRESSIVE | CHANDELIER_R,SECTOR_LEAD_RS,3,AGGRESSIVE_75,CHANDELIER_RUNNER,59.47,-5.51,-10.8,0.54,21.16,132.6,0.64,85.86,55.02,61.59,55.0,0.76,1.8,14.9,69.7
SW_0126,SW_0126: MULTI_LOOKBAC | 4Slots | CONSERVATI | THREE_TIER_T,MULTI_LOOKBACK_HYPER,4,CONSERVATIVE_25,THREE_TIER_TIGHT,59.29,-6.48,-12.7,0.62,25.13,168.0,0.95,61.19,33.35,39.91,33.4,0.9,1.23,24.3,57.9
SW_0190,SW_0190: MULTI_LOOKBAC | 8Slots | CONSERVATI | CHANDELIER_R,MULTI_LOOKBACK_HYPER,8,CONSERVATIVE_25,CHANDELIER_RUNNER,59.28,-4.04,-8.0,0.65,22.85,147.2,0.82,82.83,38.05,44.61,38.0,0.77,1.46,20.7,64.9
SW_0141,SW_0141: MULTI_LOOKBAC | 5Slots | NONE | THREE_TIER_T,MULTI_LOOKBACK_HYPER,5,NONE,THREE_TIER_TIGHT,59.12,-9.31,-17.9,0.64,28.1,197.1,1.06,28.39,41.25,47.82,41.2,0.93,1.39,21.9,60.3
SW_0157,SW_0157: MULTI_LOOKBAC | 5Slots | AGGRESSIVE | THREE_TIER_W,MULTI_LOOKBACK_HYPER,5,AGGRESSIVE_75,THREE_TIER_WIDE,59.03,-14.56,-27.2,0.55,24.8,164.9,0.88,73.87,49.93,56.49,49.9,1.0,1.52,20.6,60.1
SW_0095,SW_0095: MULTI_LOOKBAC | 8Slots | LIVERMORE_ | CHANDELIER_R,MULTI_LOOKBACK,8,LIVERMORE_50,CHANDELIER_RUNNER,58.91,-11.59,-22.0,0.52,24.42,161.4,0.77,81.66,34.38,40.94,34.4,0.76,1.36,18.8,64.0
SW_0625,SW_0625: SECTOR_LEAD_R | 4Slots | NONE | CHANDELIER_R,SECTOR_LEAD_RS,4,NONE,CHANDELIER_RUNNER,58.58,-21.56,-38.7,0.69,28.03,196.4,1.26,54.36,40.86,47.42,40.9,0.82,1.52,21.9,65.1
SW_0011,SW_0011: MULTI_LOOKBAC | 3Slots | LIVERMORE_ | THREE_TIER_T,MULTI_LOOKBACK,3,LIVERMORE_50,THREE_TIER_TIGHT,58.12,-18.66,-34.1,0.5,29.0,206.5,0.97,37.47,28.99,35.56,29.0,0.89,1.19,29.5,57.8
SW_0165,SW_0165: MULTI_LOOKBAC | 6Slots | NONE | CHANDELIER_R,MULTI_LOOKBACK_HYPER,6,NONE,CHANDELIER_RUNNER,57.07,-5.02,-9.9,0.66,24.49,162.0,0.95,53.92,38.6,45.17,38.6,0.87,1.42,20.2,61.8
SW_0120,SW_0120: MULTI_LOOKBAC | 3Slots | AGGRESSIVE | CHANDELIER_R,MULTI_LOOKBACK_HYPER,3,AGGRESSIVE_75,CHANDELIER_RUNNER,57.03,-10.04,-19.2,0.54,20.98,131.1,0.99,59.4,88.59,95.16,88.6,1.09,1.95,18.7,63.8
SW_0053,SW_0053: MULTI_LOOKBAC | 5Slots | LIVERMORE_ | ASYMMETRIC_R,MULTI_LOOKBACK,5,LIVERMORE_50,ASYMMETRIC_RUNNER,56.72,-8.71,-16.8,0.5,23.59,153.8,0.76,74.07,34.26,40.82,34.3,0.89,1.32,19.4,58.7
SW_0164,SW_0164: MULTI_LOOKBAC | 6Slots | NONE | REGIME_ADAPT,MULTI_LOOKBACK_HYPER,6,NONE,REGIME_ADAPTIVE,56.6,-7.51,-14.6,0.73,25.26,169.2,1.07,48.26,40.99,47.55,41.0,0.9,1.45,19.5,61.6
SW_0016,SW_0016: MULTI_LOOKBAC | 3Slots | AGGRESSIVE | THREE_TIER_T,MULTI_LOOKBACK,3,AGGRESSIVE_75,THREE_TIER_TIGHT,56.53,-11.76,-22.3,0.57,25.54,171.9,0.81,48.77,37.33,43.89,37.3,0.91,1.29,24.2,58.9
SW_0015,SW_0015: MULTI_LOOKBAC | 3Slots | LIVERMORE_ | CHANDELIER_R,MULTI_LOOKBACK,3,LIVERMORE_50,CHANDELIER_RUNNER,56.44,-12.29,-23.2,0.48,25.87,175.0,0.91,47.64,36.28,42.84,36.3,0.89,1.35,31.7,63.4
SW_0072,SW_0072: MULTI_LOOKBAC | 6Slots | LIVERMORE_ | THREE_TIER_W,MULTI_LOOKBACK,6,LIVERMORE_50,THREE_TIER_WIDE,56.34,-10.34,-19.8,0.64,24.44,161.6,0.83,73.14,22.69,29.26,22.7,0.88,1.15,24.9,56.3
SW_0056,SW_0056: MULTI_LOOKBAC | 5Slots | AGGRESSIVE | THREE_TIER_T,MULTI_LOOKBACK,5,AGGRESSIVE_75,THREE_TIER_TIGHT,56.27,-8.93,-17.2,0.67,24.9,165.9,0.94,59.73,31.54,38.11,31.5,0.92,1.24,20.4,58.4
SW_0144,SW_0144: MULTI_LOOKBAC | 5Slots | NONE | REGIME_ADAPT,MULTI_LOOKBACK_HYPER,5,NONE,REGIME_ADAPTIVE,56.22,-6.26,-12.2,0.69,25.41,170.6,0.88,41.54,39.6,46.17,39.6,0.94,1.41,21.3,60.8
SW_0143,SW_0143: MULTI_LOOKBAC | 5Slots | NONE | ASYMMETRIC_R,MULTI_LOOKBACK_HYPER,5,NONE,ASYMMETRIC_RUNNER,56.21,-8.14,-15.7,0.64,25.34,170.0,0.98,45.15,42.12,48.69,42.1,0.99,1.44,18.3,59.6
SW_0172,SW_0172: MULTI_LOOKBAC | 6Slots | LIVERMORE_ | THREE_TIER_W,MULTI_LOOKBACK_HYPER,6,LIVERMORE_50,THREE_TIER_WIDE,55.79,-8.5,-16.4,0.61,22.85,147.2,0.84,74.76,35.66,42.22,35.7,0.85,1.36,21.4,62.2
SW_0034,SW_0034: MULTI_LOOKBAC | 4Slots | LIVERMORE_ | REGIME_ADAPT,MULTI_LOOKBACK,4,LIVERMORE_50,REGIME_ADAPTIVE,55.6,-10.93,-20.8,0.55,23.57,153.6,0.87,75.3,33.29,39.86,33.3,0.88,1.32,23.4,61.0
SW_0058,SW_0058: MULTI_LOOKBAC | 5Slots | AGGRESSIVE | ASYMMETRIC_R,MULTI_LOOKBACK,5,AGGRESSIVE_75,ASYMMETRIC_RUNNER,55.47,-10.32,-19.7,0.57,23.05,149.0,0.86,84.19,23.86,30.42,23.9,0.81,1.21,20.3,60.2
SW_0074,SW_0074: MULTI_LOOKBAC | 6Slots | LIVERMORE_ | REGIME_ADAPT,MULTI_LOOKBACK,6,LIVERMORE_50,REGIME_ADAPTIVE,54.64,-15.39,-28.6,0.73,26.57,181.9,0.83,60.59,20.65,27.22,20.6,0.79,1.17,26.2,60.8
SW_0073,SW_0073: MULTI_LOOKBAC | 6Slots | LIVERMORE_ | ASYMMETRIC_R,MULTI_LOOKBACK,6,LIVERMORE_50,ASYMMETRIC_RUNNER,54.43,-17.97,-32.9,0.61,25.64,172.9,0.69,66.67,26.86,33.43,26.9,0.84,1.21,24.8,59.4
SW_0131,SW_0131: MULTI_LOOKBAC | 4Slots | LIVERMORE_ | THREE_TIER_T,MULTI_LOOKBACK_HYPER,4,LIVERMORE_50,THREE_TIER_TIGHT,54.2,-15.33,-28.5,0.43,24.85,165.4,1.06,68.44,24.17,30.73,24.2,0.9,1.15,23.1,56.2
SW_0069,SW_0069: MULTI_LOOKBAC | 6Slots | CONSERVATI | REGIME_ADAPT,MULTI_LOOKBACK,6,CONSERVATIVE_25,REGIME_ADAPTIVE,53.69,-14.19,-26.6,0.75,25.19,168.6,0.74,61.62,26.08,32.65,26.1,0.77,1.21,23.7,61.1
SW_0121,SW_0121: MULTI_LOOKBAC | 4Slots | NONE | THREE_TIER_T,MULTI_LOOKBACK_HYPER,4,NONE,THREE_TIER_TIGHT,53.66,-11.04,-21.0,0.64,26.49,181.1,1.06,28.48,30.65,37.21,30.6,0.92,1.22,23.4,57.6
SW_0057,SW_0057: MULTI_LOOKBAC | 5Slots | AGGRESSIVE | THREE_TIER_W,MULTI_LOOKBACK,5,AGGRESSIVE_75,THREE_TIER_WIDE,53.52,-8.64,-16.7,0.63,21.79,138.0,0.92,73.16,38.57,45.14,38.6,0.88,1.33,22.9,59.4
SW_0054,SW_0054: MULTI_LOOKBAC | 5Slots | LIVERMORE_ | REGIME_ADAPT,MULTI_LOOKBACK,5,LIVERMORE_50,REGIME_ADAPTIVE,53.48,-6.35,-12.4,0.71,22.64,145.3,0.79,63.46,35.75,42.32,35.8,0.89,1.38,20.8,60.6
SW_0026,SW_0026: MULTI_LOOKBAC | 4Slots | CONSERVATI | THREE_TIER_T,MULTI_LOOKBACK,4,CONSERVATIVE_25,THREE_TIER_TIGHT,53.45,-16.92,-31.2,0.66,26.41,180.3,0.92,58.41,15.21,21.78,15.2,0.85,1.03,29.6,54.7
SW_0090,SW_0090: MULTI_LOOKBAC | 8Slots | CONSERVATI | CHANDELIER_R,MULTI_LOOKBACK,8,CONSERVATIVE_25,CHANDELIER_RUNNER,53.42,-9.76,-18.7,0.54,20.41,126.3,0.78,80.77,55.06,61.62,55.1,0.81,1.66,15.9,67.0
SW_0024,SW_0024: MULTI_LOOKBAC | 4Slots | NONE | REGIME_ADAPT,MULTI_LOOKBACK,4,NONE,REGIME_ADAPTIVE,53.4,-24.52,-43.3,0.82,28.24,198.6,0.81,50.69,23.55,30.11,23.6,0.81,1.15,26.1,58.7
SW_0047,SW_0047: MULTI_LOOKBAC | 5Slots | CONSERVATI | THREE_TIER_W,MULTI_LOOKBACK,5,CONSERVATIVE_25,THREE_TIER_WIDE,53.38,-16.21,-30.0,0.58,25.1,167.7,0.76,66.75,25.1,31.66,25.1,0.82,1.14,24.3,58.9
SW_0179,SW_0179: MULTI_LOOKBAC | 6Slots | AGGRESSIVE | REGIME_ADAPT,MULTI_LOOKBACK_HYPER,6,AGGRESSIVE_75,REGIME_ADAPTIVE,53.36,-2.01,-4.0,0.68,21.08,131.9,0.9,66.98,35.98,42.55,36.0,0.88,1.39,18.5,62.5
SW_0640,SW_0640: SECTOR_LEAD_R | 4Slots | AGGRESSIVE | CHANDELIER_R,SECTOR_LEAD_RS,4,AGGRESSIVE_75,CHANDELIER_RUNNER,53.34,-12.29,-23.2,0.48,24.96,166.4,0.91,51.73,27.84,34.4,27.8,0.67,1.44,20.5,67.4
SW_0149,SW_0149: MULTI_LOOKBAC | 5Slots | CONSERVATI | REGIME_ADAPT,MULTI_LOOKBACK_HYPER,5,CONSERVATIVE_25,REGIME_ADAPTIVE,53.32,-1.82,-3.6,0.68,21.5,135.4,0.84,66.39,26.13,32.69,26.1,0.81,1.24,20.8,61.1
SW_0051,SW_0051: MULTI_LOOKBAC | 5Slots | LIVERMORE_ | THREE_TIER_T,MULTI_LOOKBACK,5,LIVERMORE_50,THREE_TIER_TIGHT,52.74,-10.73,-20.4,0.61,25.03,167.0,0.89,46.9,30.13,36.7,30.1,0.85,1.22,17.7,58.1
SW_0065,SW_0065: MULTI_LOOKBAC | 6Slots | NONE | CHANDELIER_R,MULTI_LOOKBACK,6,NONE,CHANDELIER_RUNNER,52.63,-13.85,-26.0,0.62,22.99,148.4,0.78,63.43,47.8,54.37,47.8,0.9,1.47,14.7,62.1
SW_0167,SW_0167: MULTI_LOOKBAC | 6Slots | CONSERVATI | THREE_TIER_W,MULTI_LOOKBACK_HYPER,6,CONSERVATIVE_25,THREE_TIER_WIDE,52.23,-1.31,-2.6,0.77,21.86,138.5,0.82,54.32,29.43,35.99,29.4,0.8,1.28,21.8,61.9
SW_0113,SW_0113: MULTI_LOOKBAC | 3Slots | LIVERMORE_ | ASYMMETRIC_R,MULTI_LOOKBACK_HYPER,3,LIVERMORE_50,ASYMMETRIC_RUNNER,51.01,-12.12,-22.9,0.55,24.31,160.4,1.16,36.64,35.65,42.22,35.6,0.87,1.34,15.5,60.4
SW_0023,SW_0023: MULTI_LOOKBAC | 4Slots | NONE | ASYMMETRIC_R,MULTI_LOOKBACK,4,NONE,ASYMMETRIC_RUNNER,50.85,-23.62,-41.9,0.63,27.47,190.8,0.84,43.44,21.8,28.36,21.8,0.81,1.11,24.5,57.7
SW_0014,SW_0014: MULTI_LOOKBAC | 3Slots | LIVERMORE_ | REGIME_ADAPT,MULTI_LOOKBACK,3,LIVERMORE_50,REGIME_ADAPTIVE,50.78,-14.58,-27.2,0.6,24.53,162.4,0.86,48.2,26.8,33.36,26.8,0.9,1.23,25.3,60.6
SW_0176,SW_0176: MULTI_LOOKBAC | 6Slots | AGGRESSIVE | THREE_TIER_T,MULTI_LOOKBACK_HYPER,6,AGGRESSIVE_75,THREE_TIER_TIGHT,50.64,-11.42,-21.7,0.7,22.63,145.2,0.96,58.37,38.96,45.52,39.0,0.91,1.38,23.2,60.2
SW_0124,SW_0124: MULTI_LOOKBAC | 4Slots | NONE | REGIME_ADAPT,MULTI_LOOKBACK_HYPER,4,NONE,REGIME_ADAPTIVE,50.23,-11.47,-21.8,0.69,23.46,152.6,0.82,52.51,28.54,35.11,28.5,0.88,1.22,22.7,58.7
SW_0169,SW_0169: MULTI_LOOKBAC | 6Slots | CONSERVATI | REGIME_ADAPT,MULTI_LOOKBACK_HYPER,6,CONSERVATIVE_25,REGIME_ADAPTIVE,50.19,-1.0,-2.0,0.76,20.5,127.1,0.84,56.87,32.32,38.88,32.3,0.86,1.34,22.7,62.3
SW_0021,SW_0021: MULTI_LOOKBAC | 4Slots | NONE | THREE_TIER_T,MULTI_LOOKBACK,4,NONE,THREE_TIER_TIGHT,49.62,-22.37,-40.0,0.7,27.56,191.7,0.84,35.86,20.86,27.43,20.9,0.83,1.09,24.2,57.1
SW_0067,SW_0067: MULTI_LOOKBAC | 6Slots | CONSERVATI | THREE_TIER_W,MULTI_LOOKBACK,6,CONSERVATIVE_25,THREE_TIER_WIDE,49.51,-13.53,-25.4,0.64,23.55,153.4,0.69,62.9,18.06,24.62,18.1,0.79,1.1,24.4,59.1
SW_0112,SW_0112: MULTI_LOOKBAC | 3Slots | LIVERMORE_ | THREE_TIER_W,MULTI_LOOKBACK_HYPER,3,LIVERMORE_50,THREE_TIER_WIDE,49.16,-22.7,-40.5,0.41,24.93,166.1,1.04,36.57,44.82,51.38,44.8,0.9,1.39,17.3,60.5
SW_0119,SW_0119: MULTI_LOOKBAC | 3Slots | AGGRESSIVE | REGIME_ADAPT,MULTI_LOOKBACK_HYPER,3,AGGRESSIVE_75,REGIME_ADAPTIVE,49.08,-12.61,-23.8,0.56,21.67,136.9,0.92,63.8,35.18,41.75,35.2,0.84,1.34,24.1,61.4
SW_0171,SW_0171: MULTI_LOOKBAC | 6Slots | LIVERMORE_ | THREE_TIER_T,MULTI_LOOKBACK_HYPER,6,LIVERMORE_50,THREE_TIER_TIGHT,48.99,-6.9,-13.4,0.71,21.05,131.6,0.85,55.42,37.23,43.79,37.2,0.89,1.33,20.4,59.8
SW_0960,SW_0960: MULTI_FACTOR_ | 5Slots | AGGRESSIVE | CHANDELIER_R,MULTI_FACTOR_APEX,5,AGGRESSIVE_75,CHANDELIER_RUNNER,48.91,-3.85,-7.6,0.7,20.33,125.7,0.98,36.51,55.59,62.16,55.6,0.91,1.75,11.0,65.2
SW_0630,SW_0630: SECTOR_LEAD_R | 4Slots | CONSERVATI | CHANDELIER_R,SECTOR_LEAD_RS,4,CONSERVATIVE_25,CHANDELIER_RUNNER,48.8,-13.68,-25.7,0.73,21.09,132.0,0.86,65.81,40.27,46.84,40.3,0.77,1.49,22.4,66.2
SW_0638,SW_0638: SECTOR_LEAD_R | 4Slots | AGGRESSIVE | ASYMMETRIC_R,SECTOR_LEAD_RS,4,AGGRESSIVE_75,ASYMMETRIC_RUNNER,48.79,-12.82,-24.2,0.83,18.14,108.2,0.98,80.14,55.34,61.9,55.3,0.91,1.74,16.8,64.5
SW_0955,SW_0955: MULTI_FACTOR_ | 5Slots | LIVERMORE_ | CHANDELIER_R,MULTI_FACTOR_APEX,5,LIVERMORE_50,CHANDELIER_RUNNER,48.72,-3.58,-7.1,0.68,18.86,113.8,0.82,49.42,57.44,64.0,57.4,1.0,1.78,10.5,63.7
SW_0168,SW_0168: MULTI_LOOKBAC | 6Slots | CONSERVATI | ASYMMETRIC_R,MULTI_LOOKBACK_HYPER,6,CONSERVATIVE_25,ASYMMETRIC_RUNNER,48.57,-5.06,-9.9,0.61,20.91,130.4,0.89,50.39,40.29,46.85,40.3,0.8,1.47,14.2,65.0
SW_0148,SW_0148: MULTI_LOOKBAC | 5Slots | CONSERVATI | ASYMMETRIC_R,MULTI_LOOKBACK_HYPER,5,CONSERVATIVE_25,ASYMMETRIC_RUNNER,48.49,-5.71,-11.2,0.53,20.12,123.9,0.87,63.7,29.87,36.43,29.9,0.83,1.26,19.2,60.5
SW_0048,SW_0048: MULTI_LOOKBAC | 5Slots | CONSERVATI | ASYMMETRIC_R,MULTI_LOOKBACK,5,CONSERVATIVE_25,ASYMMETRIC_RUNNER,48.24,-15.26,-28.4,0.54,23.16,149.9,0.74,69.01,11.75,18.31,11.8,0.78,1.0,28.9,56.7
SW_0633,SW_0633: SECTOR_LEAD_R | 4Slots | LIVERMORE_ | ASYMMETRIC_R,SECTOR_LEAD_RS,4,LIVERMORE_50,ASYMMETRIC_RUNNER,48.11,-7.1,-13.8,0.83,17.14,100.5,0.7,83.9,38.98,45.54,39.0,0.81,1.54,20.8,65.0
SW_0102,SW_0102: MULTI_LOOKBAC | 3Slots | NONE | THREE_TIER_W,MULTI_LOOKBACK_HYPER,3,NONE,THREE_TIER_WIDE,48.1,-27.12,-47.2,0.71,25.81,174.5,0.82,41.18,35.4,41.96,35.4,0.9,1.25,25.9,58.2
SW_0163,SW_0163: MULTI_LOOKBAC | 6Slots | NONE | ASYMMETRIC_R,MULTI_LOOKBACK_HYPER,6,NONE,ASYMMETRIC_RUNNER,48.09,-3.37,-6.7,0.71,21.92,139.1,1.01,32.25,40.51,47.07,40.5,0.92,1.46,15.0,61.5
SW_0935,SW_0935: MULTI_FACTOR_ | 4Slots | LIVERMORE_ | CHANDELIER_R,MULTI_FACTOR_APEX,4,LIVERMORE_50,CHANDELIER_RUNNER,47.98,-6.72,-13.1,0.68,25.22,168.9,0.91,-6.63,56.58,63.15,56.6,0.96,1.77,14.8,64.6
SW_0098,SW_0098: MULTI_LOOKBAC | 8Slots | AGGRESSIVE | ASYMMETRIC_R,MULTI_LOOKBACK,8,AGGRESSIVE_75,ASYMMETRIC_RUNNER,47.72,-14.42,-26.9,0.71,21.57,136.1,0.83,73.34,29.34,35.9,29.3,0.82,1.25,19.9,61.6
SW_0133,SW_0133: MULTI_LOOKBAC | 4Slots | LIVERMORE_ | ASYMMETRIC_R,MULTI_LOOKBACK_HYPER,4,LIVERMORE_50,ASYMMETRIC_RUNNER,47.3,-12.94,-24.4,0.48,18.86,113.8,0.79,66.7,57.26,63.83,57.3,1.04,1.6,17.7,59.3
SW_0106,SW_0106: MULTI_LOOKBAC | 3Slots | CONSERVATI | THREE_TIER_T,MULTI_LOOKBACK_HYPER,3,CONSERVATIVE_25,THREE_TIER_TIGHT,47.24,-12.71,-24.0,0.61,22.91,147.8,0.99,33.64,34.61,41.17,34.6,1.02,1.22,27.1,54.5
SW_0059,SW_0059: MULTI_LOOKBAC | 5Slots | AGGRESSIVE | REGIME_ADAPT,MULTI_LOOKBACK,5,AGGRESSIVE_75,REGIME_ADAPTIVE,47.17,-5.54,-10.8,0.69,19.39,118.0,0.86,70.89,28.85,35.42,28.9,0.87,1.27,20.8,59.8
SW_0079,SW_0079: MULTI_LOOKBAC | 6Slots | AGGRESSIVE | REGIME_ADAPT,MULTI_LOOKBACK,6,AGGRESSIVE_75,REGIME_ADAPTIVE,46.99,-17.26,-31.8,0.73,23.24,150.6,0.86,63.87,22.14,28.71,22.1,0.81,1.18,25.8,60.5
SW_0087,SW_0087: MULTI_LOOKBAC | 8Slots | CONSERVATI | THREE_TIER_W,MULTI_LOOKBACK,8,CONSERVATIVE_25,THREE_TIER_WIDE,46.97,-11.42,-21.7,0.7,21.07,131.9,0.75,65.56,25.38,31.94,25.4,0.79,1.2,20.3,60.2
SW_0022,SW_0022: MULTI_LOOKBAC | 4Slots | NONE | THREE_TIER_W,MULTI_LOOKBACK,4,NONE,THREE_TIER_WIDE,46.88,-24.88,-43.8,0.66,25.98,176.1,0.81,46.7,21.87,28.43,21.9,0.82,1.11,25.0,56.7
SW_0603,SW_0603: SECTOR_LEAD_R | 3Slots | NONE | ASYMMETRIC_R,SECTOR_LEAD_RS,3,NONE,ASYMMETRIC_RUNNER,46.8,-12.11,-22.9,0.79,19.92,122.3,0.91,64.39,40.04,46.61,40.0,0.89,1.52,21.5,63.3
SW_0915,SW_0915: MULTI_FACTOR_ | 3Slots | LIVERMORE_ | CHANDELIER_R,MULTI_FACTOR_APEX,3,LIVERMORE_50,CHANDELIER_RUNNER,46.71,-21.15,-38.1,0.59,24.91,165.9,1.21,35.68,36.97,43.54,37.0,0.97,1.39,20.4,60.4
SW_0049,SW_0049: MULTI_LOOKBAC | 5Slots | CONSERVATI | REGIME_ADAPT,MULTI_LOOKBACK,5,CONSERVATIVE_25,REGIME_ADAPTIVE,46.63,-16.89,-31.1,0.67,23.36,151.7,0.8,64.77,13.92,20.49,13.9,0.75,1.08,29.5,59.6
SW_0192,SW_0192: MULTI_LOOKBAC | 8Slots | LIVERMORE_ | THREE_TIER_W,MULTI_LOOKBACK_HYPER,8,LIVERMORE_50,THREE_TIER_WIDE,46.59,-5.13,-10.1,0.76,19.75,120.9,0.83,58.59,32.91,39.47,32.9,0.88,1.32,16.9,59.4
SW_0975,SW_0975: MULTI_FACTOR_ | 6Slots | LIVERMORE_ | CHANDELIER_R,MULTI_FACTOR_APEX,6,LIVERMORE_50,CHANDELIER_RUNNER,46.46,-20.83,-37.6,0.6,21.49,135.4,0.84,65.86,44.55,51.11,44.5,0.98,1.55,14.5,61.6
SW_0052,SW_0052: MULTI_LOOKBAC | 5Slots | LIVERMORE_ | THREE_TIER_W,MULTI_LOOKBACK,5,LIVERMORE_50,THREE_TIER_WIDE,46.41,-11.4,-21.7,0.61,21.75,137.6,0.77,59.19,23.66,30.23,23.7,0.85,1.19,25.0,59.1
SW_0980,SW_0980: MULTI_FACTOR_ | 6Slots | AGGRESSIVE | CHANDELIER_R,MULTI_FACTOR_APEX,6,AGGRESSIVE_75,CHANDELIER_RUNNER,46.3,-11.83,-22.4,0.67,20.84,129.9,1.11,51.39,43.52,50.08,43.5,0.95,1.53,14.0,61.2
SW_0068,SW_0068: MULTI_LOOKBAC | 6Slots | CONSERVATI | ASYMMETRIC_R,MULTI_LOOKBACK,6,CONSERVATIVE_25,ASYMMETRIC_RUNNER,46.3,-16.53,-30.5,0.58,23.67,154.6,0.74,48.85,20.96,27.53,21.0,0.8,1.14,24.1,59.0
SW_0639,SW_0639: SECTOR_LEAD_R | 4Slots | AGGRESSIVE | REGIME_ADAPT,SECTOR_LEAD_RS,4,AGGRESSIVE_75,REGIME_ADAPTIVE,46.13,-7.31,-14.2,0.72,15.29,87.0,0.79,86.89,44.46,51.03,44.5,0.9,1.56,16.0,61.9
SW_0159,SW_0159: MULTI_LOOKBAC | 5Slots | AGGRESSIVE | REGIME_ADAPT,MULTI_LOOKBACK_HYPER,5,AGGRESSIVE_75,REGIME_ADAPTIVE,46.08,-9.47,-18.2,0.5,20.29,125.3,0.85,56.42,44.8,51.36,44.8,1.0,1.5,20.3,59.5
SW_0123,SW_0123: MULTI_LOOKBAC | 4Slots | NONE | ASYMMETRIC_R,MULTI_LOOKBACK_HYPER,4,NONE,ASYMMETRIC_RUNNER,45.64,-14.93,-27.8,0.66,23.45,152.5,1.08,33.78,33.35,39.91,33.4,0.98,1.26,20.1,56.2
SW_0187,SW_0187: MULTI_LOOKBAC | 8Slots | CONSERVATI | THREE_TIER_W,MULTI_LOOKBACK_HYPER,8,CONSERVATIVE_25,THREE_TIER_WIDE,45.56,-4.66,-9.2,0.79,19.59,119.6,0.79,56.6,31.21,37.77,31.2,0.73,1.35,17.3,64.4
SW_0183,SW_0183: MULTI_LOOKBAC | 8Slots | NONE | ASYMMETRIC_R,MULTI_LOOKBACK_HYPER,8,NONE,ASYMMETRIC_RUNNER,45.45,-6.92,-13.5,0.74,21.59,136.2,0.85,40.94,34.21,40.78,34.2,0.84,1.4,14.7,62.4
SW_0109,SW_0109: MULTI_LOOKBAC | 3Slots | CONSERVATI | REGIME_ADAPT,MULTI_LOOKBACK_HYPER,3,CONSERVATIVE_25,REGIME_ADAPTIVE,45.32,-14.87,-27.7,0.55,22.78,146.5,0.72,45.43,16.95,23.52,16.9,0.87,1.09,32.8,57.7
SW_0146,SW_0146: MULTI_LOOKBAC | 5Slots | CONSERVATI | THREE_TIER_T,MULTI_LOOKBACK_HYPER,5,CONSERVATIVE_25,THREE_TIER_TIGHT,45.14,-10.46,-20.0,0.59,20.37,126.0,0.86,51.5,39.32,45.89,39.3,0.88,1.37,20.9,61.0
SW_0197,SW_0197: MULTI_LOOKBAC | 8Slots | AGGRESSIVE | THREE_TIER_W,MULTI_LOOKBACK_HYPER,8,AGGRESSIVE_75,THREE_TIER_WIDE,45.11,-0.02,-0.0,0.66,16.15,93.2,0.83,68.56,35.72,42.28,35.7,0.87,1.36,18.2,60.6
SW_0174,SW_0174: MULTI_LOOKBAC | 6Slots | LIVERMORE_ | REGIME_ADAPT,MULTI_LOOKBACK_HYPER,6,LIVERMORE_50,REGIME_ADAPTIVE,45.05,-0.49,-1.0,0.7,17.7,104.8,0.89,60.18,30.67,37.23,30.7,0.85,1.33,17.0,61.4
SW_0920,SW_0920: MULTI_FACTOR_ | 3Slots | AGGRESSIVE | CHANDELIER_R,MULTI_FACTOR_APEX,3,AGGRESSIVE_75,CHANDELIER_RUNNER,44.79,-18.53,-33.9,0.59,24.65,163.5,1.11,11.17,53.43,60.0,53.4,1.04,1.6,15.2,61.2
SW_0064,SW_0064: MULTI_LOOKBAC | 6Slots | NONE | REGIME_ADAPT,MULTI_LOOKBACK,6,NONE,REGIME_ADAPTIVE,44.71,-16.0,-29.6,0.76,22.65,145.4,0.84,51.03,24.11,30.68,24.1,0.82,1.2,25.1,60.0
SW_0114,SW_0114: MULTI_LOOKBAC | 3Slots | LIVERMORE_ | REGIME_ADAPT,MULTI_LOOKBACK_HYPER,3,LIVERMORE_50,REGIME_ADAPTIVE,44.69,-13.68,-25.7,0.54,20.6,127.9,0.79,65.06,21.95,28.51,21.9,0.9,1.19,25.3,60.4
SW_0062,SW_0062: MULTI_LOOKBAC | 6Slots | NONE | THREE_TIER_W,MULTI_LOOKBACK,6,NONE,THREE_TIER_WIDE,44.1,-16.12,-29.8,0.67,22.66,145.5,0.81,46.31,25.93,32.49,25.9,0.86,1.19,18.3,58.7
SW_0108,SW_0108: MULTI_LOOKBAC | 3Slots | CONSERVATI | ASYMMETRIC_R,MULTI_LOOKBACK_HYPER,3,CONSERVATIVE_25,ASYMMETRIC_RUNNER,44.08,-8.29,-16.0,0.6,21.47,135.2,0.85,24.43,30.39,36.96,30.4,0.89,1.2,21.8,57.6
SW_0154,SW_0154: MULTI_LOOKBAC | 5Slots | LIVERMORE_ | REGIME_ADAPT,MULTI_LOOKBACK_HYPER,5,LIVERMORE_50,REGIME_ADAPTIVE,44.07,-7.17,-13.9,0.51,18.08,107.7,1.0,61.39,38.15,44.71,38.1,0.95,1.41,20.1,59.7
SW_0161,SW_0161: MULTI_LOOKBAC | 6Slots | NONE | THREE_TIER_T,MULTI_LOOKBACK_HYPER,6,NONE,THREE_TIER_TIGHT,43.99,-8.77,-16.9,0.72,21.69,137.1,1.02,30.44,38.55,45.11,38.5,0.87,1.4,19.1,61.7
SW_0076,SW_0076: MULTI_LOOKBAC | 6Slots | AGGRESSIVE | THREE_TIER_T,MULTI_LOOKBACK,6,AGGRESSIVE_75,THREE_TIER_TIGHT,43.84,-14.62,-27.3,0.67,20.85,129.9,0.85,59.65,29.89,36.46,29.9,0.86,1.23,21.2,58.9
SW_0958,SW_0958: MULTI_FACTOR_ | 5Slots | AGGRESSIVE | ASYMMETRIC_R,MULTI_FACTOR_APEX,5,AGGRESSIVE_75,ASYMMETRIC_RUNNER,43.63,-0.46,-0.9,0.82,17.35,102.1,0.89,50.05,25.75,32.31,25.8,0.97,1.29,13.4,57.8
SW_0134,SW_0134: MULTI_LOOKBAC | 4Slots | LIVERMORE_ | REGIME_ADAPT,MULTI_LOOKBACK_HYPER,4,LIVERMORE_50,REGIME_ADAPTIVE,43.55,-11.35,-21.6,0.54,16.07,92.5,0.78,78.79,45.16,51.73,45.2,0.93,1.48,21.4,61.1
SW_0193,SW_0193: MULTI_LOOKBAC | 8Slots | LIVERMORE_ | ASYMMETRIC_R,MULTI_LOOKBACK_HYPER,8,LIVERMORE_50,ASYMMETRIC_RUNNER,43.54,-6.32,-12.3,0.68,19.47,118.6,0.85,52.5,31.18,37.74,31.2,0.8,1.34,15.9,62.1
SW_0973,SW_0973: MULTI_FACTOR_ | 6Slots | LIVERMORE_ | ASYMMETRIC_R,MULTI_FACTOR_APEX,6,LIVERMORE_50,ASYMMETRIC_RUNNER,43.38,-13.35,-25.1,0.6,20.84,129.9,1.04,47.31,32.16,38.72,32.2,0.9,1.34,16.3,59.6
SW_1000,SW_1000: MULTI_FACTOR_ | 8Slots | AGGRESSIVE | CHANDELIER_R,MULTI_FACTOR_APEX,8,AGGRESSIVE_75,CHANDELIER_RUNNER,43.35,-20.65,-37.3,0.56,20.14,124.1,0.85,63.93,48.56,55.13,48.6,1.01,1.62,14.8,60.8
SW_0185,SW_0185: MULTI_LOOKBAC | 8Slots | NONE | CHANDELIER_R,MULTI_LOOKBACK_HYPER,8,NONE,CHANDELIER_RUNNER,43.27,-5.66,-11.1,0.68,18.85,113.7,0.9,54.49,33.02,39.59,33.0,0.81,1.38,18.6,62.9
SW_0632,SW_0632: SECTOR_LEAD_R | 4Slots | LIVERMORE_ | THREE_TIER_W,SECTOR_LEAD_RS,4,LIVERMORE_50,THREE_TIER_WIDE,43.21,-12.72,-24.0,0.72,15.86,91.0,0.62,80.83,43.34,49.91,43.3,0.8,1.54,17.6,64.7
SW_0151,SW_0151: MULTI_LOOKBAC | 5Slots | LIVERMORE_ | THREE_TIER_T,MULTI_LOOKBACK_HYPER,5,LIVERMORE_50,THREE_TIER_TIGHT,42.91,-15.26,-28.4,0.51,20.23,124.8,0.74,55.84,37.3,43.87,37.3,0.91,1.33,19.9,58.5
SW_0046,SW_0046: MULTI_LOOKBAC | 5Slots | CONSERVATI | THREE_TIER_T,MULTI_LOOKBACK,5,CONSERVATIVE_25,THREE_TIER_TIGHT,42.81,-15.73,-29.2,0.6,21.82,138.2,0.87,48.85,27.23,33.8,27.2,0.81,1.16,24.3,58.9
SW_0995,SW_0995: MULTI_FACTOR_ | 8Slots | LIVERMORE_ | CHANDELIER_R,MULTI_FACTOR_APEX,8,LIVERMORE_50,CHANDELIER_RUNNER,42.63,-25.79,-45.2,0.49,21.83,138.3,0.99,57.75,40.77,47.33,40.8,0.96,1.46,14.5,60.0
SW_0166,SW_0166: MULTI_LOOKBAC | 6Slots | CONSERVATI | THREE_TIER_T,MULTI_LOOKBACK_HYPER,6,CONSERVATIVE_25,THREE_TIER_TIGHT,42.56,-5.86,-11.5,0.73,19.6,119.7,0.93,41.02,32.72,39.28,32.7,0.79,1.32,20.6,63.0
SW_0634,SW_0634: SECTOR_LEAD_R | 4Slots | LIVERMORE_ | REGIME_ADAPT,SECTOR_LEAD_RS,4,LIVERMORE_50,REGIME_ADAPTIVE,42.39,-6.14,-12.0,0.7,15.38,87.6,0.7,68.66,35.5,42.06,35.5,0.92,1.44,17.8,61.6
SW_0101,SW_0101: MULTI_LOOKBAC | 3Slots | NONE | THREE_TIER_T,MULTI_LOOKBACK_HYPER,3,NONE,THREE_TIER_TIGHT,41.91,-24.51,-43.3,0.66,24.45,161.6,0.96,22.74,30.9,37.47,30.9,0.91,1.2,25.7,57.0
SW_0181,SW_0181: MULTI_LOOKBAC | 8Slots | NONE | THREE_TIER_T,MULTI_LOOKBACK_HYPER,8,NONE,THREE_TIER_TIGHT,41.87,-7.06,-13.7,0.79,20.7,128.8,0.88,34.7,31.09,37.65,31.1,0.89,1.32,16.9,59.9
SW_0660,SW_0660: SECTOR_LEAD_R | 5Slots | AGGRESSIVE | CHANDELIER_R,SECTOR_LEAD_RS,5,AGGRESSIVE_75,CHANDELIER_RUNNER,41.84,-8.17,-15.8,0.53,14.91,84.3,0.86,68.23,46.67,53.23,46.7,0.83,1.71,20.4,67.7
SW_0970,SW_0970: MULTI_FACTOR_ | 6Slots | CONSERVATI | CHANDELIER_R,MULTI_FACTOR_APEX,6,CONSERVATIVE_25,CHANDELIER_RUNNER,41.77,-22.28,-39.9,0.69,21.74,137.6,1.03,44.44,47.5,54.06,47.5,0.96,1.58,14.6,61.6
SW_0044,SW_0044: MULTI_LOOKBAC | 5Slots | NONE | REGIME_ADAPT,MULTI_LOOKBACK,5,NONE,REGIME_ADAPTIVE,41.73,-23.12,-41.2,0.71,23.77,155.4,0.78,44.07,19.99,26.55,20.0,0.79,1.14,26.3,58.8
SW_0198,SW_0198: MULTI_LOOKBAC | 8Slots | AGGRESSIVE | ASYMMETRIC_R,MULTI_LOOKBACK_HYPER,8,AGGRESSIVE_75,ASYMMETRIC_RUNNER,41.67,-4.36,-8.6,0.6,16.3,94.2,0.77,59.83,40.57,47.13,40.6,0.95,1.48,15.1,60.2
SW_0162,SW_0162: MULTI_LOOKBAC | 6Slots | NONE | THREE_TIER_W,MULTI_LOOKBACK_HYPER,6,NONE,THREE_TIER_WIDE,41.62,-10.76,-20.5,0.71,20.99,131.2,0.97,36.38,31.61,38.18,31.6,0.88,1.3,19.8,59.8
SW_0925,SW_0925: MULTI_FACTOR_ | 4Slots | NONE | CHANDELIER_R,MULTI_FACTOR_APEX,4,NONE,CHANDELIER_RUNNER,41.59,-21.88,-39.2,0.74,23.39,152.0,0.96,29.75,44.27,50.84,44.3,1.06,1.53,18.5,59.7
SW_0097,SW_0097: MULTI_LOOKBAC | 8Slots | AGGRESSIVE | THREE_TIER_W,MULTI_LOOKBACK,8,AGGRESSIVE_75,THREE_TIER_WIDE,41.48,-13.38,-25.1,0.75,16.47,95.5,0.71,90.95,23.39,29.95,23.4,0.78,1.19,20.1,61.1
SW_0199,SW_0199: MULTI_LOOKBAC | 8Slots | AGGRESSIVE | REGIME_ADAPT,MULTI_LOOKBACK_HYPER,8,AGGRESSIVE_75,REGIME_ADAPTIVE,41.45,-4.17,-8.2,0.74,15.72,90.0,0.98,67.31,39.11,45.67,39.1,0.91,1.46,15.5,61.0
SW_0658,SW_0658: SECTOR_LEAD_R | 5Slots | AGGRESSIVE | ASYMMETRIC_R,SECTOR_LEAD_RS,5,AGGRESSIVE_75,ASYMMETRIC_RUNNER,41.35,-6.16,-12.0,0.87,16.27,94.1,0.85,60.55,34.96,41.53,35.0,0.81,1.41,14.6,61.5
SW_0139,SW_0139: MULTI_LOOKBAC | 4Slots | AGGRESSIVE | REGIME_ADAPT,MULTI_LOOKBACK_HYPER,4,AGGRESSIVE_75,REGIME_ADAPTIVE,41.32,-14.62,-27.3,0.56,16.92,98.9,0.68,76.78,40.86,47.43,40.9,0.9,1.45,19.5,61.8
SW_0631,SW_0631: SECTOR_LEAD_R | 4Slots | LIVERMORE_ | THREE_TIER_T,SECTOR_LEAD_RS,4,LIVERMORE_50,THREE_TIER_TIGHT,41.2,-12.17,-23.0,0.68,15.05,85.3,0.72,102.64,16.97,23.53,17.0,0.74,1.15,17.9,61.2
SW_0042,SW_0042: MULTI_LOOKBAC | 5Slots | NONE | THREE_TIER_W,MULTI_LOOKBACK,5,NONE,THREE_TIER_WIDE,41.17,-21.89,-39.2,0.64,23.31,151.3,0.78,42.62,19.37,25.93,19.4,0.84,1.08,25.2,56.7
SW_0635,SW_0635: SECTOR_LEAD_R | 4Slots | LIVERMORE_ | CHANDELIER_R,SECTOR_LEAD_RS,4,LIVERMORE_50,CHANDELIER_RUNNER,40.86,-14.32,-26.8,0.5,16.91,98.8,0.6,62.21,49.46,56.02,49.5,0.79,1.65,19.8,67.4
SW_0614,SW_0614: SECTOR_LEAD_R | 3Slots | LIVERMORE_ | REGIME_ADAPT,SECTOR_LEAD_RS,3,LIVERMORE_50,REGIME_ADAPTIVE,40.66,-12.68,-23.9,0.63,17.19,100.9,0.69,59.79,49.35,55.91,49.4,0.9,1.72,14.9,65.6
SW_0093,SW_0093: MULTI_LOOKBAC | 8Slots | LIVERMORE_ | ASYMMETRIC_R,MULTI_LOOKBACK,8,LIVERMORE_50,ASYMMETRIC_RUNNER,40.48,-9.78,-18.8,0.65,18.26,109.0,0.89,59.57,24.61,31.17,24.6,0.78,1.2,21.0,60.7
SW_0700,SW_0700: SECTOR_LEAD_R | 8Slots | AGGRESSIVE | CHANDELIER_R,SECTOR_LEAD_RS,8,AGGRESSIVE_75,CHANDELIER_RUNNER,40.46,-10.97,-20.9,0.78,15.68,89.7,0.79,78.54,31.1,37.66,31.1,0.8,1.49,16.9,64.6
SW_0196,SW_0196: MULTI_LOOKBAC | 8Slots | AGGRESSIVE | THREE_TIER_T,MULTI_LOOKBACK_HYPER,8,AGGRESSIVE_75,THREE_TIER_TIGHT,40.37,-2.51,-5.0,0.67,16.52,95.9,0.83,52.09,32.95,39.51,33.0,0.96,1.32,17.0,58.0
SW_0535,SW_0535: OVERSOLD_SPRI | 4Slots | LIVERMORE_ | CHANDELIER_R,OVERSOLD_SPRINGBOARD,4,LIVERMORE_50,CHANDELIER_RUNNER,40.35,-10.75,-20.5,0.5,17.05,99.8,1.93,72.75,31.34,37.9,31.3,1.49,1.79,9.4,56.1
SW_0186,SW_0186: MULTI_LOOKBAC | 8Slots | CONSERVATI | THREE_TIER_T,MULTI_LOOKBACK_HYPER,8,CONSERVATIVE_25,THREE_TIER_TIGHT,40.31,-4.32,-8.5,0.82,18.0,107.0,0.79,43.4,33.14,39.71,33.1,0.81,1.34,17.3,62.2
SW_0043,SW_0043: MULTI_LOOKBAC | 5Slots | NONE | ASYMMETRIC_R,MULTI_LOOKBACK,5,NONE,ASYMMETRIC_RUNNER,40.19,-18.9,-34.5,0.6,21.96,139.4,0.71,49.91,15.88,22.45,15.9,0.81,1.05,26.9,56.7
SW_0085,SW_0085: MULTI_LOOKBAC | 8Slots | NONE | CHANDELIER_R,MULTI_LOOKBACK,8,NONE,CHANDELIER_RUNNER,39.95,-15.39,-28.6,0.59,17.86,106.0,0.79,60.62,43.56,50.12,43.6,0.78,1.51,15.8,65.8
SW_0655,SW_0655: SECTOR_LEAD_R | 5Slots | LIVERMORE_ | CHANDELIER_R,SECTOR_LEAD_RS,5,LIVERMORE_50,CHANDELIER_RUNNER,39.91,-9.42,-18.1,0.5,13.73,76.1,0.77,76.71,45.52,52.09,45.5,0.83,1.6,18.7,65.2
SW_0645,SW_0645: SECTOR_LEAD_R | 5Slots | NONE | CHANDELIER_R,SECTOR_LEAD_RS,5,NONE,CHANDELIER_RUNNER,39.84,-24.68,-43.5,0.67,19.91,122.2,1.03,56.85,46.11,52.68,46.1,0.87,1.62,19.7,65.0
SW_0096,SW_0096: MULTI_LOOKBAC | 8Slots | AGGRESSIVE | THREE_TIER_T,MULTI_LOOKBACK,8,AGGRESSIVE_75,THREE_TIER_TIGHT,39.67,-11.18,-21.3,0.73,16.48,95.6,0.85,78.0,26.04,32.61,26.0,0.85,1.21,21.5,58.4
SW_0602,SW_0602: SECTOR_LEAD_R | 3Slots | NONE | THREE_TIER_W,SECTOR_LEAD_RS,3,NONE,THREE_TIER_WIDE,39.14,-29.26,14.5,0.78,9.74,50.5,0.66,77.76,12.08,18.65,12.1,0.8,1.1,27.3,58.5
SW_0182,SW_0182: MULTI_LOOKBAC | 8Slots | NONE | THREE_TIER_W,MULTI_LOOKBACK_HYPER,8,NONE,THREE_TIER_WIDE,39.1,-10.24,-19.6,0.73,19.29,117.2,0.84,47.94,25.93,32.49,25.9,0.84,1.26,16.3,59.4
SW_0082,SW_0082: MULTI_LOOKBAC | 8Slots | NONE | THREE_TIER_W,MULTI_LOOKBACK,8,NONE,THREE_TIER_WIDE,39.09,-15.41,-28.6,0.73,19.91,122.2,0.87,49.67,26.17,32.74,26.2,0.85,1.22,18.9,58.8
SW_0659,SW_0659: SECTOR_LEAD_R | 5Slots | AGGRESSIVE | REGIME_ADAPT,SECTOR_LEAD_RS,5,AGGRESSIVE_75,REGIME_ADAPTIVE,38.79,-10.18,-19.5,0.73,16.94,99.0,0.93,42.57,46.37,52.93,46.4,0.88,1.63,17.9,63.4
SW_0637,SW_0637: SECTOR_LEAD_R | 4Slots | AGGRESSIVE | THREE_TIER_W,SECTOR_LEAD_RS,4,AGGRESSIVE_75,THREE_TIER_WIDE,38.67,-8.49,-16.4,0.73,12.59,68.5,0.88,74.06,46.0,52.56,46.0,0.96,1.54,17.1,62.7
SW_0071,SW_0071: MULTI_LOOKBAC | 6Slots | LIVERMORE_ | THREE_TIER_T,MULTI_LOOKBACK,6,LIVERMORE_50,THREE_TIER_TIGHT,38.6,-17.32,-31.9,0.65,19.55,119.3,0.91,56.76,21.6,28.16,21.6,0.81,1.12,24.5,58.0
SW_0604,SW_0604: SECTOR_LEAD_R | 3Slots | NONE | REGIME_ADAPT,SECTOR_LEAD_RS,3,NONE,REGIME_ADAPTIVE,38.58,-33.29,14.5,0.77,7.48,37.3,0.78,76.28,39.03,45.59,39.0,0.96,1.48,21.8,60.7
SW_0184,SW_0184: MULTI_LOOKBAC | 8Slots | NONE | REGIME_ADAPT,MULTI_LOOKBACK_HYPER,8,NONE,REGIME_ADAPTIVE,38.48,-6.92,-13.5,0.78,17.91,106.4,0.87,46.35,30.5,37.07,30.5,0.86,1.36,17.9,61.0
SW_0515,SW_0515: OVERSOLD_SPRI | 3Slots | LIVERMORE_ | CHANDELIER_R,OVERSOLD_SPRINGBOARD,3,LIVERMORE_50,CHANDELIER_RUNNER,38.16,-8.94,-17.2,0.77,15.43,87.9,2.71,72.28,39.96,46.52,40.0,1.27,1.94,11.2,60.0
SW_0255,SW_0255: CLENOW_SMOOTH | 5Slots | LIVERMORE_ | CHANDELIER_R,CLENOW_SMOOTHNESS,5,LIVERMORE_50,CHANDELIER_RUNNER,37.88,-2.98,-5.9,0.61,17.66,104.4,0.94,35.03,16.91,23.48,16.9,0.86,1.17,18.0,58.1
SW_0092,SW_0092: MULTI_LOOKBAC | 8Slots | LIVERMORE_ | THREE_TIER_W,MULTI_LOOKBACK,8,LIVERMORE_50,THREE_TIER_WIDE,37.86,-10.41,-19.9,0.72,15.6,89.2,0.77,71.22,25.73,32.29,25.7,0.8,1.2,21.2,59.7
SW_0940,SW_0940: MULTI_FACTOR_ | 4Slots | AGGRESSIVE | CHANDELIER_R,MULTI_FACTOR_APEX,4,AGGRESSIVE_75,CHANDELIER_RUNNER,37.65,-6.18,-12.1,0.69,17.97,106.9,1.02,7.29,60.68,67.25,60.7,1.12,1.75,14.2,60.5
SW_0188,SW_0188: MULTI_LOOKBAC | 8Slots | CONSERVATI | ASYMMETRIC_R,MULTI_LOOKBACK_HYPER,8,CONSERVATIVE_25,ASYMMETRIC_RUNNER,37.51,-8.42,-16.3,0.63,16.89,98.6,0.79,51.78,33.4,39.97,33.4,0.74,1.39,13.8,64.5
SW_0623,SW_0623: SECTOR_LEAD_R | 4Slots | NONE | ASYMMETRIC_R,SECTOR_LEAD_RS,4,NONE,ASYMMETRIC_RUNNER,37.46,-21.36,-38.4,0.73,18.23,108.8,0.84,71.81,22.36,28.92,22.4,0.86,1.22,22.1,59.0
SW_0675,SW_0675: SECTOR_LEAD_R | 6Slots | LIVERMORE_ | CHANDELIER_R,SECTOR_LEAD_RS,6,LIVERMORE_50,CHANDELIER_RUNNER,37.33,-16.72,-30.9,0.57,14.47,81.2,0.77,78.68,45.41,51.97,45.4,0.83,1.7,16.3,67.2
SW_0619,SW_0619: SECTOR_LEAD_R | 3Slots | AGGRESSIVE | REGIME_ADAPT,SECTOR_LEAD_RS,3,AGGRESSIVE_75,REGIME_ADAPTIVE,37.09,-19.74,-35.8,0.71,18.54,111.2,0.77,56.24,32.14,38.71,32.1,0.94,1.46,14.5,59.8
SW_0540,SW_0540: OVERSOLD_SPRI | 4Slots | AGGRESSIVE | CHANDELIER_R,OVERSOLD_SPRINGBOARD,4,AGGRESSIVE_75,CHANDELIER_RUNNER,36.84,-0.63,-1.3,0.76,15.73,90.1,1.73,47.36,22.11,28.67,22.1,1.1,1.52,9.3,57.7
SW_0997,SW_0997: MULTI_FACTOR_ | 8Slots | AGGRESSIVE | THREE_TIER_W,MULTI_FACTOR_APEX,8,AGGRESSIVE_75,THREE_TIER_WIDE,36.65,-10.37,-19.8,0.79,17.53,103.5,1.22,47.78,22.76,29.33,22.8,0.96,1.2,16.4,55.7
SW_0957,SW_0957: MULTI_FACTOR_ | 5Slots | AGGRESSIVE | THREE_TIER_W,MULTI_FACTOR_APEX,5,AGGRESSIVE_75,THREE_TIER_WIDE,36.62,-6.12,-12.0,0.81,16.39,94.9,0.93,39.31,30.68,37.24,30.7,1.0,1.29,16.2,55.7
SW_0089,SW_0089: MULTI_LOOKBAC | 8Slots | CONSERVATI | REGIME_ADAPT,MULTI_LOOKBACK,8,CONSERVATIVE_25,REGIME_ADAPTIVE,36.32,-13.08,-24.6,0.71,16.45,95.3,0.86,58.69,30.5,37.06,30.5,0.81,1.28,20.4,60.9
SW_0041,SW_0041: MULTI_LOOKBAC | 5Slots | NONE | THREE_TIER_T,MULTI_LOOKBACK,5,NONE,THREE_TIER_TIGHT,36.31,-17.66,-32.4,0.63,21.68,137.0,0.82,26.12,19.54,26.1,19.5,0.85,1.08,22.2,56.2
SW_0680,SW_0680: SECTOR_LEAD_R | 6Slots | AGGRESSIVE | CHANDELIER_R,SECTOR_LEAD_RS,6,AGGRESSIVE_75,CHANDELIER_RUNNER,36.26,-20.84,-37.6,0.5,15.09,85.5,0.87,88.75,33.17,39.73,33.2,0.84,1.5,21.2,64.5
SW_0636,SW_0636: SECTOR_LEAD_R | 4Slots | AGGRESSIVE | THREE_TIER_T,SECTOR_LEAD_RS,4,AGGRESSIVE_75,THREE_TIER_TIGHT,35.92,-9.04,-17.4,0.67,10.15,53.0,0.69,94.55,31.56,38.13,31.6,0.8,1.37,16.7,62.5
SW_0083,SW_0083: MULTI_LOOKBAC | 8Slots | NONE | ASYMMETRIC_R,MULTI_LOOKBACK,8,NONE,ASYMMETRIC_RUNNER,35.9,-20.1,-36.4,0.64,20.26,125.1,0.89,39.48,31.4,37.96,31.4,0.88,1.3,16.9,59.4
SW_0520,SW_0520: OVERSOLD_SPRI | 3Slots | AGGRESSIVE | CHANDELIER_R,OVERSOLD_SPRINGBOARD,3,AGGRESSIVE_75,CHANDELIER_RUNNER,35.79,-8.08,-15.6,0.5,15.79,90.6,2.66,51.31,37.29,43.85,37.3,1.34,2.01,11.2,59.5
SW_0905,SW_0905: MULTI_FACTOR_ | 3Slots | NONE | CHANDELIER_R,MULTI_FACTOR_APEX,3,NONE,CHANDELIER_RUNNER,35.77,-27.44,-47.6,0.71,20.13,124.0,0.88,44.3,45.83,52.4,45.8,0.88,1.48,18.2,62.6
SW_0930,SW_0930: MULTI_FACTOR_ | 4Slots | CONSERVATI | CHANDELIER_R,MULTI_FACTOR_APEX,4,CONSERVATIVE_25,CHANDELIER_RUNNER,35.74,-27.35,-47.5,0.63,23.42,152.2,1.0,8.42,47.05,53.61,47.0,1.05,1.56,17.4,59.2
SW_0191,SW_0191: MULTI_LOOKBAC | 8Slots | LIVERMORE_ | THREE_TIER_T,MULTI_LOOKBACK_HYPER,8,LIVERMORE_50,THREE_TIER_TIGHT,35.69,-5.61,-11.0,0.75,15.96,91.8,0.79,47.35,27.32,33.88,27.3,0.83,1.24,19.6,59.9
SW_0972,SW_0972: MULTI_FACTOR_ | 6Slots | LIVERMORE_ | THREE_TIER_W,MULTI_FACTOR_APEX,6,LIVERMORE_50,THREE_TIER_WIDE,35.22,-16.87,-31.1,0.66,17.56,103.7,1.01,64.43,11.7,18.26,11.7,0.84,1.06,18.5,55.5
SW_0998,SW_0998: MULTI_FACTOR_ | 8Slots | AGGRESSIVE | ASYMMETRIC_R,MULTI_FACTOR_APEX,8,AGGRESSIVE_75,ASYMMETRIC_RUNNER,34.97,-12.88,-24.3,0.63,18.21,108.7,1.47,43.77,19.22,25.79,19.2,0.92,1.16,18.7,56.6
SW_0992,SW_0992: MULTI_FACTOR_ | 8Slots | LIVERMORE_ | THREE_TIER_W,MULTI_FACTOR_APEX,8,LIVERMORE_50,THREE_TIER_WIDE,34.9,-14.49,-27.1,0.61,18.63,111.9,1.12,47.55,15.36,21.93,15.4,0.86,1.11,17.1,56.8
SW_0088,SW_0088: MULTI_LOOKBAC | 8Slots | CONSERVATI | ASYMMETRIC_R,MULTI_LOOKBACK,8,CONSERVATIVE_25,ASYMMETRIC_RUNNER,34.87,-14.77,-27.6,0.63,16.25,93.9,0.75,57.73,32.55,39.11,32.5,0.79,1.31,17.1,62.7
SW_0194,SW_0194: MULTI_LOOKBAC | 8Slots | LIVERMORE_ | REGIME_ADAPT,MULTI_LOOKBACK_HYPER,8,LIVERMORE_50,REGIME_ADAPTIVE,34.81,-5.2,-10.2,0.69,14.06,78.4,0.85,52.12,37.31,43.88,37.3,0.84,1.45,14.5,62.4
SW_0654,SW_0654: SECTOR_LEAD_R | 5Slots | LIVERMORE_ | REGIME_ADAPT,SECTOR_LEAD_RS,5,LIVERMORE_50,REGIME_ADAPTIVE,34.74,-9.12,-17.5,0.78,14.32,80.2,0.72,55.94,33.48,40.05,33.5,0.82,1.43,18.2,61.9
SW_0653,SW_0653: SECTOR_LEAD_R | 5Slots | LIVERMORE_ | ASYMMETRIC_R,SECTOR_LEAD_RS,5,LIVERMORE_50,ASYMMETRIC_RUNNER,34.63,-5.85,-11.4,1.02,10.57,55.5,0.54,67.09,44.49,51.06,44.5,0.84,1.72,15.3,65.9
SW_0063,SW_0063: MULTI_LOOKBAC | 6Slots | NONE | ASYMMETRIC_R,MULTI_LOOKBACK,6,NONE,ASYMMETRIC_RUNNER,34.58,-16.47,-30.4,0.64,19.68,120.4,0.76,38.78,16.47,23.03,16.5,0.82,1.09,22.9,58.0
SW_0086,SW_0086: MULTI_LOOKBAC | 8Slots | CONSERVATI | THREE_TIER_T,MULTI_LOOKBACK,8,CONSERVATIVE_25,THREE_TIER_TIGHT,33.79,-13.51,-25.4,0.68,15.75,90.2,0.85,51.41,36.83,43.39,36.8,0.85,1.33,17.8,60.7
SW_0300,SW_0300: CLENOW_SMOOTH | 8Slots | AGGRESSIVE | CHANDELIER_R,CLENOW_SMOOTHNESS,8,AGGRESSIVE_75,CHANDELIER_RUNNER,33.37,-6.61,-12.9,0.73,13.09,71.8,1.1,49.08,44.7,51.27,44.7,0.9,1.66,9.8,64.9
SW_0260,SW_0260: CLENOW_SMOOTH | 5Slots | AGGRESSIVE | CHANDELIER_R,CLENOW_SMOOTHNESS,5,AGGRESSIVE_75,CHANDELIER_RUNNER,33.23,-0.09,-0.2,0.63,11.19,59.5,0.81,51.77,28.17,34.73,28.2,0.92,1.35,16.9,60.3
SW_0608,SW_0608: SECTOR_LEAD_R | 3Slots | CONSERVATI | ASYMMETRIC_R,SECTOR_LEAD_RS,3,CONSERVATIVE_25,ASYMMETRIC_RUNNER,33.09,-8.58,-16.6,0.8,13.97,77.7,0.92,42.92,37.55,44.11,37.5,0.66,1.53,20.5,69.4
SW_0099,SW_0099: MULTI_LOOKBAC | 8Slots | AGGRESSIVE | REGIME_ADAPT,MULTI_LOOKBACK,8,AGGRESSIVE_75,REGIME_ADAPTIVE,33.04,-15.22,-28.3,0.77,11.74,62.9,0.78,90.73,33.67,40.23,33.7,0.84,1.34,17.9,61.1
SW_0250,SW_0250: CLENOW_SMOOTH | 5Slots | CONSERVATI | CHANDELIER_R,CLENOW_SMOOTHNESS,5,CONSERVATIVE_25,CHANDELIER_RUNNER,32.72,-4.95,-9.7,0.61,13.53,74.7,0.82,33.77,43.67,50.24,43.7,0.87,1.54,13.5,63.5
SW_0104,SW_0104: MULTI_LOOKBAC | 3Slots | NONE | REGIME_ADAPT,MULTI_LOOKBACK_HYPER,3,NONE,REGIME_ADAPTIVE,32.6,-21.93,-39.3,0.65,18.58,111.6,0.75,40.8,22.83,29.39,22.8,0.82,1.15,25.7,59.1
SW_0103,SW_0103: MULTI_LOOKBAC | 3Slots | NONE | ASYMMETRIC_R,MULTI_LOOKBACK_HYPER,3,NONE,ASYMMETRIC_RUNNER,32.58,-20.19,-36.5,0.75,18.52,111.1,0.86,30.56,32.69,39.25,32.7,0.9,1.23,22.4,57.9
SW_0297,SW_0297: CLENOW_SMOOTH | 8Slots | AGGRESSIVE | THREE_TIER_W,CLENOW_SMOOTHNESS,8,AGGRESSIVE_75,THREE_TIER_WIDE,32.55,-5.22,-10.2,0.8,11.72,62.8,0.9,57.27,37.74,44.3,37.7,1.02,1.49,9.3,59.1
SW_0617,SW_0617: SECTOR_LEAD_R | 3Slots | AGGRESSIVE | THREE_TIER_W,SECTOR_LEAD_RS,3,AGGRESSIVE_75,THREE_TIER_WIDE,32.5,-7.27,-14.1,0.72,10.65,56.1,0.46,65.09,29.76,36.33,29.8,0.88,1.34,19.6,63.1
SW_0061,SW_0061: MULTI_LOOKBAC | 6Slots | NONE | THREE_TIER_T,MULTI_LOOKBACK,6,NONE,THREE_TIER_TIGHT,32.25,-22.05,-39.5,0.72,19.94,122.4,0.91,34.94,21.13,27.69,21.1,0.87,1.13,21.6,56.8
SW_0189,SW_0189: MULTI_LOOKBAC | 8Slots | CONSERVATI | REGIME_ADAPT,MULTI_LOOKBACK_HYPER,8,CONSERVATIVE_25,REGIME_ADAPTIVE,32.14,-4.05,-8.0,0.68,13.57,75.0,0.76,45.31,29.06,35.63,29.1,0.79,1.32,17.4,61.8
SW_0081,SW_0081: MULTI_LOOKBAC | 8Slots | NONE | THREE_TIER_T,MULTI_LOOKBACK,8,NONE,THREE_TIER_TIGHT,32.11,-17.44,-32.0,0.7,18.17,108.3,0.91,35.5,30.81,37.38,30.8,0.89,1.27,18.0,58.6
SW_0618,SW_0618: SECTOR_LEAD_R | 3Slots | AGGRESSIVE | ASYMMETRIC_R,SECTOR_LEAD_RS,3,AGGRESSIVE_75,ASYMMETRIC_RUNNER,31.8,-8.79,-16.9,0.62,11.49,61.4,0.58,56.6,33.96,40.52,34.0,0.75,1.43,18.8,64.0
SW_0956,SW_0956: MULTI_FACTOR_ | 5Slots | AGGRESSIVE | THREE_TIER_T,MULTI_FACTOR_APEX,5,AGGRESSIVE_75,THREE_TIER_TIGHT,31.68,-2.45,-4.9,0.96,11.66,62.4,1.02,46.64,26.94,33.5,26.9,0.98,1.25,19.8,54.6
SW_0993,SW_0993: MULTI_FACTOR_ | 8Slots | LIVERMORE_ | ASYMMETRIC_R,MULTI_FACTOR_APEX,8,LIVERMORE_50,ASYMMETRIC_RUNNER,31.62,-11.86,-22.5,0.63,16.58,96.3,1.08,45.15,11.67,18.24,11.7,0.87,1.06,20.0,55.8
SW_0626,SW_0626: SECTOR_LEAD_R | 4Slots | CONSERVATI | THREE_TIER_T,SECTOR_LEAD_RS,4,CONSERVATIVE_25,THREE_TIER_TIGHT,31.1,-15.0,-27.9,0.77,13.47,74.3,0.91,64.13,28.13,34.7,28.1,0.73,1.35,18.4,65.2
SW_0627,SW_0627: SECTOR_LEAD_R | 4Slots | CONSERVATI | THREE_TIER_W,SECTOR_LEAD_RS,4,CONSERVATIVE_25,THREE_TIER_WIDE,30.94,-10.93,-20.8,0.72,10.73,56.6,0.81,63.29,31.29,37.86,31.3,0.8,1.37,20.4,63.3
SW_0629,SW_0629: SECTOR_LEAD_R | 4Slots | CONSERVATI | REGIME_ADAPT,SECTOR_LEAD_RS,4,CONSERVATIVE_25,REGIME_ADAPTIVE,30.83,-18.41,-33.6,0.71,14.27,79.8,0.69,57.14,28.79,35.35,28.8,0.82,1.35,19.7,62.4
SW_0657,SW_0657: SECTOR_LEAD_R | 5Slots | AGGRESSIVE | THREE_TIER_W,SECTOR_LEAD_RS,5,AGGRESSIVE_75,THREE_TIER_WIDE,30.65,-7.7,-14.9,0.74,10.72,56.5,0.89,60.49,30.55,37.11,30.6,0.81,1.4,14.2,63.6
SW_0091,SW_0091: MULTI_LOOKBAC | 8Slots | LIVERMORE_ | THREE_TIER_T,MULTI_LOOKBACK,8,LIVERMORE_50,THREE_TIER_TIGHT,30.61,-13.44,-25.2,0.7,14.44,81.0,0.92,57.35,22.76,29.32,22.8,0.84,1.16,19.3,58.2
SW_0514,SW_0514: OVERSOLD_SPRI | 3Slots | LIVERMORE_ | REGIME_ADAPT,OVERSOLD_SPRINGBOARD,3,LIVERMORE_50,REGIME_ADAPTIVE,30.48,4.0,8.2,0.97,12.38,67.1,1.58,27.19,23.17,29.74,23.2,1.26,1.44,11.6,51.4
SW_0697,SW_0697: SECTOR_LEAD_R | 8Slots | AGGRESSIVE | THREE_TIER_W,SECTOR_LEAD_RS,8,AGGRESSIVE_75,THREE_TIER_WIDE,30.46,-16.08,-29.8,0.82,14.27,79.8,0.72,56.07,27.54,34.1,27.5,0.85,1.34,18.1,60.9
SW_0295,SW_0295: CLENOW_SMOOTH | 8Slots | LIVERMORE_ | CHANDELIER_R,CLENOW_SMOOTHNESS,8,LIVERMORE_50,CHANDELIER_RUNNER,30.39,-6.15,-12.0,0.61,10.94,57.8,0.94,56.58,34.72,41.28,34.7,0.81,1.47,10.2,64.6
SW_0685,SW_0685: SECTOR_LEAD_R | 8Slots | NONE | CHANDELIER_R,SECTOR_LEAD_RS,8,NONE,CHANDELIER_RUNNER,30.38,-22.7,-40.5,0.67,14.51,81.4,0.92,67.43,36.8,43.36,36.8,0.87,1.58,16.3,64.3
SW_0519,SW_0519: OVERSOLD_SPRI | 3Slots | AGGRESSIVE | REGIME_ADAPT,OVERSOLD_SPRINGBOARD,3,AGGRESSIVE_75,REGIME_ADAPTIVE,30.31,4.53,9.3,1.01,11.49,61.4,2.14,35.93,16.1,22.66,16.1,1.18,1.29,12.4,55.7
SW_0606,SW_0606: SECTOR_LEAD_R | 3Slots | CONSERVATI | THREE_TIER_T,SECTOR_LEAD_RS,3,CONSERVATIVE_25,THREE_TIER_TIGHT,30.08,-19.93,-36.1,0.77,13.01,71.2,0.75,74.99,25.23,31.79,25.2,0.79,1.26,23.5,62.1
SW_0111,SW_0111: MULTI_LOOKBAC | 3Slots | LIVERMORE_ | THREE_TIER_T,MULTI_LOOKBACK_HYPER,3,LIVERMORE_50,THREE_TIER_TIGHT,29.95,-17.13,-31.5,0.38,14.41,80.8,1.09,44.58,34.5,41.06,34.5,0.92,1.27,21.4,58.2
SW_0534,SW_0534: OVERSOLD_SPRI | 4Slots | LIVERMORE_ | REGIME_ADAPT,OVERSOLD_SPRINGBOARD,4,LIVERMORE_50,REGIME_ADAPTIVE,29.85,6.01,12.5,1.13,9.37,48.3,1.51,44.51,15.4,21.96,15.4,1.21,1.26,12.6,50.0
SW_0227,SW_0227: CLENOW_SMOOTH | 4Slots | CONSERVATI | THREE_TIER_W,CLENOW_SMOOTHNESS,4,CONSERVATIVE_25,THREE_TIER_WIDE,29.8,-6.07,-11.9,0.68,10.18,53.2,0.63,54.62,35.62,42.18,35.6,0.86,1.34,15.5,61.0
SW_0235,SW_0235: CLENOW_SMOOTH | 4Slots | LIVERMORE_ | CHANDELIER_R,CLENOW_SMOOTHNESS,4,LIVERMORE_50,CHANDELIER_RUNNER,29.74,-9.25,-17.8,0.51,13.02,71.3,0.65,53.6,28.03,34.6,28.0,0.86,1.29,18.3,60.2
SW_0656,SW_0656: SECTOR_LEAD_R | 5Slots | AGGRESSIVE | THREE_TIER_T,SECTOR_LEAD_RS,5,AGGRESSIVE_75,THREE_TIER_TIGHT,29.63,-10.91,-20.8,0.74,12.38,67.0,0.76,58.63,21.6,28.16,21.6,0.76,1.24,17.3,61.6
SW_0066,SW_0066: MULTI_LOOKBAC | 6Slots | CONSERVATI | THREE_TIER_T,MULTI_LOOKBACK,6,CONSERVATIVE_25,THREE_TIER_TIGHT,29.62,-17.33,-31.9,0.63,15.97,91.8,0.8,47.87,22.22,28.79,22.2,0.85,1.14,24.4,57.6
SW_0977,SW_0977: MULTI_FACTOR_ | 6Slots | AGGRESSIVE | THREE_TIER_W,MULTI_FACTOR_APEX,6,AGGRESSIVE_75,THREE_TIER_WIDE,29.52,-16.95,-31.2,0.72,17.2,100.9,1.14,51.45,4.04,10.6,4.0,0.79,0.96,18.7,55.3
SW_0913,SW_0913: MULTI_FACTOR_ | 3Slots | LIVERMORE_ | ASYMMETRIC_R,MULTI_FACTOR_APEX,3,LIVERMORE_50,ASYMMETRIC_RUNNER,29.47,-25.33,-44.5,0.73,17.35,102.1,0.83,49.87,32.5,39.07,32.5,1.13,1.28,16.3,54.3
SW_0945,SW_0945: MULTI_FACTOR_ | 5Slots | NONE | CHANDELIER_R,MULTI_FACTOR_APEX,5,NONE,CHANDELIER_RUNNER,29.36,-20.72,-37.4,0.79,16.67,97.0,0.96,37.23,41.28,47.84,41.3,0.99,1.48,18.2,60.1
SW_0290,SW_0290: CLENOW_SMOOTH | 8Slots | CONSERVATI | CHANDELIER_R,CLENOW_SMOOTHNESS,8,CONSERVATIVE_25,CHANDELIER_RUNNER,29.33,-6.15,-12.0,0.71,11.69,62.6,0.87,51.11,31.27,37.83,31.3,0.76,1.43,9.7,65.2
SW_0298,SW_0298: CLENOW_SMOOTH | 8Slots | AGGRESSIVE | ASYMMETRIC_R,CLENOW_SMOOTHNESS,8,AGGRESSIVE_75,ASYMMETRIC_RUNNER,29.32,-4.15,-8.2,0.8,9.91,51.5,0.97,54.46,38.83,45.39,38.8,0.9,1.54,9.3,62.3
SW_0978,SW_0978: MULTI_FACTOR_ | 6Slots | AGGRESSIVE | ASYMMETRIC_R,MULTI_FACTOR_APEX,6,AGGRESSIVE_75,ASYMMETRIC_RUNNER,29.11,-17.17,-31.6,0.65,14.79,83.4,0.9,55.8,12.7,19.26,12.7,0.81,1.06,17.9,57.5
SW_0648,SW_0648: SECTOR_LEAD_R | 5Slots | CONSERVATI | ASYMMETRIC_R,SECTOR_LEAD_RS,5,CONSERVATIVE_25,ASYMMETRIC_RUNNER,29.04,-15.56,-28.9,0.74,14.01,78.0,0.55,58.73,17.19,23.75,17.2,0.69,1.16,20.5,63.1
SW_0257,SW_0257: CLENOW_SMOOTH | 5Slots | AGGRESSIVE | THREE_TIER_W,CLENOW_SMOOTHNESS,5,AGGRESSIVE_75,THREE_TIER_WIDE,28.9,-5.16,-10.1,0.68,11.58,61.9,0.83,49.77,21.02,27.58,21.0,0.9,1.22,17.8,57.3
SW_0991,SW_0991: MULTI_FACTOR_ | 8Slots | LIVERMORE_ | THREE_TIER_T,MULTI_FACTOR_APEX,8,LIVERMORE_50,THREE_TIER_TIGHT,28.78,-13.52,-25.4,0.76,15.75,90.2,1.18,39.71,19.23,25.79,19.2,0.96,1.16,17.4,54.8
SW_0217,SW_0217: CLENOW_SMOOTH | 3Slots | AGGRESSIVE | THREE_TIER_W,CLENOW_SMOOTHNESS,3,AGGRESSIVE_75,THREE_TIER_WIDE,28.71,-6.72,-13.1,0.72,10.41,54.6,0.7,50.7,34.87,41.43,34.9,0.98,1.36,17.9,59.1
SW_0912,SW_0912: MULTI_FACTOR_ | 3Slots | LIVERMORE_ | THREE_TIER_W,MULTI_FACTOR_APEX,3,LIVERMORE_50,THREE_TIER_WIDE,28.7,-31.49,14.5,0.69,6.97,34.5,1.0,38.66,26.03,32.6,26.0,1.16,1.23,20.4,53.2
SW_0690,SW_0690: SECTOR_LEAD_R | 8Slots | CONSERVATI | CHANDELIER_R,SECTOR_LEAD_RS,8,CONSERVATIVE_25,CHANDELIER_RUNNER,28.64,-14.12,-26.4,0.62,10.68,56.2,0.67,71.07,35.8,42.36,35.8,0.84,1.56,17.4,65.1
SW_0248,SW_0248: CLENOW_SMOOTH | 5Slots | CONSERVATI | ASYMMETRIC_R,CLENOW_SMOOTHNESS,5,CONSERVATIVE_25,ASYMMETRIC_RUNNER,28.6,-4.71,-9.3,0.61,11.12,59.0,0.77,40.04,34.75,41.31,34.8,0.87,1.42,14.5,61.5
SW_0340,SW_0340: CLENOW_HIGH_C | 4Slots | AGGRESSIVE | CHANDELIER_R,CLENOW_HIGH_CONVICTION,4,AGGRESSIVE_75,CHANDELIER_RUNNER,28.52,2.66,5.4,0.55,7.51,37.5,0.69,57.08,27.66,34.23,27.7,0.74,1.74,5.4,71.7
SW_0990,SW_0990: MULTI_FACTOR_ | 8Slots | CONSERVATI | CHANDELIER_R,MULTI_FACTOR_APEX,8,CONSERVATIVE_25,CHANDELIER_RUNNER,28.45,-19.65,-35.7,0.65,13.47,74.3,0.98,51.44,43.75,50.31,43.8,0.98,1.51,14.9,60.0
SW_0084,SW_0084: MULTI_LOOKBAC | 8Slots | NONE | REGIME_ADAPT,MULTI_LOOKBACK,8,NONE,REGIME_ADAPTIVE,27.98,-20.64,-37.3,0.7,15.66,89.6,0.91,47.76,27.47,34.03,27.5,0.85,1.25,18.2,59.5
SW_0950,SW_0950: MULTI_FACTOR_ | 5Slots | CONSERVATI | CHANDELIER_R,MULTI_FACTOR_APEX,5,CONSERVATIVE_25,CHANDELIER_RUNNER,27.91,-18.13,-33.2,0.73,16.78,97.8,0.77,28.41,26.45,33.01,26.4,0.87,1.29,16.6,60.6
SW_0959,SW_0959: MULTI_FACTOR_ | 5Slots | AGGRESSIVE | REGIME_ADAPT,MULTI_FACTOR_APEX,5,AGGRESSIVE_75,REGIME_ADAPTIVE,27.86,-8.91,-17.1,0.79,12.2,65.9,1.06,48.79,13.07,19.63,13.1,0.95,1.15,19.5,54.6
SW_0646,SW_0646: SECTOR_LEAD_R | 5Slots | CONSERVATI | THREE_TIER_T,SECTOR_LEAD_RS,5,CONSERVATIVE_25,THREE_TIER_TIGHT,27.8,-11.56,-21.9,0.87,12.04,64.9,0.84,60.52,17.58,24.14,17.6,0.74,1.18,21.9,60.7
SW_0296,SW_0296: CLENOW_SMOOTH | 8Slots | AGGRESSIVE | THREE_TIER_T,CLENOW_SMOOTHNESS,8,AGGRESSIVE_75,THREE_TIER_TIGHT,27.62,-6.77,-13.2,0.71,10.08,52.6,0.99,58.09,29.27,35.83,29.3,0.93,1.33,10.4,59.0
SW_0652,SW_0652: SECTOR_LEAD_R | 5Slots | LIVERMORE_ | THREE_TIER_W,SECTOR_LEAD_RS,5,LIVERMORE_50,THREE_TIER_WIDE,27.5,-10.23,-19.6,0.85,8.79,44.9,0.54,68.64,31.02,37.59,31.0,0.78,1.42,16.1,64.2
SW_0649,SW_0649: SECTOR_LEAD_R | 5Slots | CONSERVATI | REGIME_ADAPT,SECTOR_LEAD_RS,5,CONSERVATIVE_25,REGIME_ADAPTIVE,27.41,-11.4,-21.7,0.86,11.7,62.7,0.66,52.41,23.46,30.03,23.5,0.81,1.26,21.8,60.1
SW_0609,SW_0609: SECTOR_LEAD_R | 3Slots | CONSERVATI | REGIME_ADAPT,SECTOR_LEAD_RS,3,CONSERVATIVE_25,REGIME_ADAPTIVE,27.29,-26.52,-46.3,0.7,14.52,81.5,0.78,46.1,33.48,40.04,33.5,0.9,1.4,19.2,60.8
SW_0665,SW_0665: SECTOR_LEAD_R | 6Slots | NONE | CHANDELIER_R,SECTOR_LEAD_RS,6,NONE,CHANDELIER_RUNNER,27.24,-22.18,-39.7,0.63,12.71,69.3,0.78,55.7,46.26,52.82,46.3,0.86,1.69,16.1,66.1
SW_0688,SW_0688: SECTOR_LEAD_R | 8Slots | CONSERVATI | ASYMMETRIC_R,SECTOR_LEAD_RS,8,CONSERVATIVE_25,ASYMMETRIC_RUNNER,26.91,-15.95,-29.6,0.78,12.54,68.1,0.68,69.28,13.9,20.46,13.9,0.78,1.13,18.5,59.7
SW_0906,SW_0906: MULTI_FACTOR_ | 3Slots | CONSERVATI | THREE_TIER_T,MULTI_FACTOR_APEX,3,CONSERVATIVE_25,THREE_TIER_TIGHT,26.7,-15.47,-28.8,0.78,15.05,85.3,1.12,22.52,23.11,29.68,23.1,0.93,1.17,19.4,56.1
SW_0988,SW_0988: MULTI_FACTOR_ | 8Slots | CONSERVATI | ASYMMETRIC_R,MULTI_FACTOR_APEX,8,CONSERVATIVE_25,ASYMMETRIC_RUNNER,26.68,-14.23,-26.6,0.66,14.52,81.5,1.01,42.13,18.42,24.98,18.4,0.91,1.15,21.2,56.0
SW_0094,SW_0094: MULTI_LOOKBAC | 8Slots | LIVERMORE_ | REGIME_ADAPT,MULTI_LOOKBACK,8,LIVERMORE_50,REGIME_ADAPTIVE,26.63,-16.85,-31.1,0.68,12.46,67.6,0.88,60.4,27.43,34.0,27.4,0.81,1.27,20.0,60.1
SW_0380,SW_0380: CLENOW_HIGH_C | 6Slots | AGGRESSIVE | CHANDELIER_R,CLENOW_HIGH_CONVICTION,6,AGGRESSIVE_75,CHANDELIER_RUNNER,26.63,7.08,14.8,0.64,5.51,26.6,0.76,51.61,24.16,30.72,24.2,0.77,1.76,4.9,68.3
SW_0537,SW_0537: OVERSOLD_SPRI | 4Slots | AGGRESSIVE | THREE_TIER_W,OVERSOLD_SPRINGBOARD,4,AGGRESSIVE_75,THREE_TIER_WIDE,26.48,-7.43,-14.4,0.83,14.24,79.6,1.71,39.0,9.08,15.64,9.1,1.21,1.08,11.4,48.2
SW_0240,SW_0240: CLENOW_SMOOTH | 4Slots | AGGRESSIVE | CHANDELIER_R,CLENOW_SMOOTHNESS,4,AGGRESSIVE_75,CHANDELIER_RUNNER,26.34,-4.84,-9.5,0.58,9.93,51.7,0.66,49.65,22.31,28.88,22.3,0.9,1.22,24.2,57.7
SW_0612,SW_0612: SECTOR_LEAD_R | 3Slots | LIVERMORE_ | THREE_TIER_W,SECTOR_LEAD_RS,3,LIVERMORE_50,THREE_TIER_WIDE,26.32,-11.74,-22.2,0.78,10.69,56.3,0.45,57.68,25.81,32.37,25.8,0.76,1.26,19.6,62.5
SW_0965,SW_0965: MULTI_FACTOR_ | 6Slots | NONE | CHANDELIER_R,MULTI_FACTOR_APEX,6,NONE,CHANDELIER_RUNNER,26.25,-22.86,-40.7,0.77,15.67,89.7,0.87,37.55,34.21,40.77,34.2,0.95,1.4,15.9,59.7
SW_0277,SW_0277: CLENOW_SMOOTH | 6Slots | AGGRESSIVE | THREE_TIER_W,CLENOW_SMOOTHNESS,6,AGGRESSIVE_75,THREE_TIER_WIDE,26.22,-2.59,-5.2,0.68,5.05,24.2,0.89,67.41,36.16,42.72,36.2,0.97,1.43,12.0,59.2
SW_0518,SW_0518: OVERSOLD_SPRI | 3Slots | AGGRESSIVE | ASYMMETRIC_R,OVERSOLD_SPRINGBOARD,3,AGGRESSIVE_75,ASYMMETRIC_RUNNER,26.1,-2.59,-5.2,0.66,10.96,58.0,2.28,39.66,29.16,35.73,29.2,1.28,1.62,10.6,54.9
SW_0292,SW_0292: CLENOW_SMOOTH | 8Slots | LIVERMORE_ | THREE_TIER_W,CLENOW_SMOOTHNESS,8,LIVERMORE_50,THREE_TIER_WIDE,26.04,-6.08,-11.9,0.71,8.2,41.4,0.86,59.28,27.98,34.54,28.0,0.91,1.33,10.5,58.8
SW_0287,SW_0287: CLENOW_SMOOTH | 8Slots | CONSERVATI | THREE_TIER_W,CLENOW_SMOOTHNESS,8,CONSERVATIVE_25,THREE_TIER_WIDE,26.03,-5.28,-10.4,0.79,8.6,43.7,0.79,55.66,26.9,33.47,26.9,0.9,1.33,9.8,59.6
SW_0668,SW_0668: SECTOR_LEAD_R | 6Slots | CONSERVATI | ASYMMETRIC_R,SECTOR_LEAD_RS,6,CONSERVATIVE_25,ASYMMETRIC_RUNNER,25.95,-19.91,-36.1,0.72,13.36,73.6,0.66,57.23,24.68,31.25,24.7,0.73,1.3,19.6,63.5
SW_0987,SW_0987: MULTI_FACTOR_ | 8Slots | CONSERVATI | THREE_TIER_W,MULTI_FACTOR_APEX,8,CONSERVATIVE_25,THREE_TIER_WIDE,25.94,-12.8,-24.1,0.73,12.68,69.1,0.95,42.64,28.85,35.42,28.9,0.95,1.29,17.0,57.8
SW_0695,SW_0695: SECTOR_LEAD_R | 8Slots | LIVERMORE_ | CHANDELIER_R,SECTOR_LEAD_RS,8,LIVERMORE_50,CHANDELIER_RUNNER,25.89,-16.76,-30.9,0.49,10.98,58.1,0.72,64.76,29.45,36.02,29.4,0.84,1.4,18.9,62.7
SW_0601,SW_0601: SECTOR_LEAD_R | 3Slots | NONE | THREE_TIER_T,SECTOR_LEAD_RS,3,NONE,THREE_TIER_TIGHT,25.89,-24.71,-43.6,0.82,9.43,48.6,0.95,86.31,32.09,38.66,32.1,0.94,1.35,23.2,59.3
SW_0238,SW_0238: CLENOW_SMOOTH | 4Slots | AGGRESSIVE | ASYMMETRIC_R,CLENOW_SMOOTHNESS,4,AGGRESSIVE_75,ASYMMETRIC_RUNNER,25.87,-6.64,-12.9,0.64,8.02,40.4,0.84,46.65,43.03,49.59,43.0,1.05,1.47,17.4,57.9
SW_0628,SW_0628: SECTOR_LEAD_R | 4Slots | CONSERVATI | ASYMMETRIC_R,SECTOR_LEAD_RS,4,CONSERVATIVE_25,ASYMMETRIC_RUNNER,25.81,-16.34,-30.2,0.74,11.68,62.5,0.8,58.58,24.62,31.18,24.6,0.73,1.29,19.6,63.8
SW_0553,SW_0553: OVERSOLD_SPRI | 5Slots | LIVERMORE_ | ASYMMETRIC_R,OVERSOLD_SPRINGBOARD,5,LIVERMORE_50,ASYMMETRIC_RUNNER,25.71,-5.93,-11.6,0.88,11.24,59.8,1.32,47.52,23.68,30.24,23.7,1.22,1.6,9.9,57.6
SW_0967,SW_0967: MULTI_FACTOR_ | 6Slots | CONSERVATI | THREE_TIER_W,MULTI_FACTOR_APEX,6,CONSERVATIVE_25,THREE_TIER_WIDE,25.65,-21.36,-38.4,0.7,15.18,86.1,0.99,52.17,14.74,21.3,14.7,0.85,1.1,19.3,57.7
SW_0360,SW_0360: CLENOW_HIGH_C | 5Slots | AGGRESSIVE | CHANDELIER_R,CLENOW_HIGH_CONVICTION,5,AGGRESSIVE_75,CHANDELIER_RUNNER,25.51,4.88,10.1,0.64,7.74,38.8,0.75,41.98,18.59,25.15,18.6,0.67,1.47,7.2,67.9
SW_0335,SW_0335: CLENOW_HIGH_C | 4Slots | LIVERMORE_ | CHANDELIER_R,CLENOW_HIGH_CONVICTION,4,LIVERMORE_50,CHANDELIER_RUNNER,25.38,0.46,0.9,0.52,8.32,42.1,0.62,48.94,21.99,28.55,22.0,0.7,1.5,7.5,67.9
SW_0532,SW_0532: OVERSOLD_SPRI | 4Slots | LIVERMORE_ | THREE_TIER_W,OVERSOLD_SPRINGBOARD,4,LIVERMORE_50,THREE_TIER_WIDE,25.27,-6.95,-13.5,0.71,13.37,73.7,1.51,35.83,17.49,24.06,17.5,1.1,1.31,10.6,52.2
SW_0337,SW_0337: CLENOW_HIGH_C | 4Slots | AGGRESSIVE | THREE_TIER_W,CLENOW_HIGH_CONVICTION,4,AGGRESSIVE_75,THREE_TIER_WIDE,25.05,3.44,7.0,0.65,5.83,28.3,0.58,49.66,28.49,35.06,28.5,0.92,1.75,5.9,63.6
SW_0674,SW_0674: SECTOR_LEAD_R | 6Slots | LIVERMORE_ | REGIME_ADAPT,SECTOR_LEAD_RS,6,LIVERMORE_50,REGIME_ADAPTIVE,25.03,-14.01,-26.2,0.88,11.79,63.3,0.86,46.43,25.76,32.32,25.8,0.88,1.3,21.6,59.3
SW_0699,SW_0699: SECTOR_LEAD_R | 8Slots | AGGRESSIVE | REGIME_ADAPT,SECTOR_LEAD_RS,8,AGGRESSIVE_75,REGIME_ADAPTIVE,25.01,-17.4,-32.0,0.9,11.98,64.5,0.83,61.11,19.02,25.58,19.0,0.84,1.25,19.1,60.1
SW_0670,SW_0670: SECTOR_LEAD_R | 6Slots | CONSERVATI | CHANDELIER_R,SECTOR_LEAD_RS,6,CONSERVATIVE_25,CHANDELIER_RUNNER,24.94,-20.14,-36.5,0.5,9.59,49.6,0.68,70.62,43.94,50.51,43.9,0.78,1.65,16.2,68.4
SW_0285,SW_0285: CLENOW_SMOOTH | 8Slots | NONE | CHANDELIER_R,CLENOW_SMOOTHNESS,8,NONE,CHANDELIER_RUNNER,24.91,-8.83,-17.0,0.68,9.93,51.6,0.88,54.51,28.46,35.02,28.5,0.87,1.39,9.0,61.4
SW_0622,SW_0622: SECTOR_LEAD_R | 4Slots | NONE | THREE_TIER_W,SECTOR_LEAD_RS,4,NONE,THREE_TIER_WIDE,24.88,-21.85,-39.2,0.76,11.62,62.1,0.81,65.45,24.76,31.32,24.8,0.86,1.3,20.9,60.7
SW_0693,SW_0693: SECTOR_LEAD_R | 8Slots | LIVERMORE_ | ASYMMETRIC_R,SECTOR_LEAD_RS,8,LIVERMORE_50,ASYMMETRIC_RUNNER,24.88,-16.29,-30.1,0.71,12.0,64.6,0.68,60.07,15.92,22.49,15.9,0.83,1.15,17.9,58.7
SW_0308,SW_0308: CLENOW_HIGH_C | 3Slots | CONSERVATI | ASYMMETRIC_R,CLENOW_HIGH_CONVICTION,3,CONSERVATIVE_25,ASYMMETRIC_RUNNER,24.71,1.33,2.7,0.58,7.82,39.3,0.45,39.48,30.81,37.37,30.8,0.73,1.7,6.8,69.4
SW_0651,SW_0651: SECTOR_LEAD_R | 5Slots | LIVERMORE_ | THREE_TIER_T,SECTOR_LEAD_RS,5,LIVERMORE_50,THREE_TIER_TIGHT,24.64,-16.78,-30.9,0.79,12.05,65.0,0.83,58.11,17.08,23.64,17.1,0.72,1.16,17.3,60.9
SW_0578,SW_0578: OVERSOLD_SPRI | 6Slots | AGGRESSIVE | ASYMMETRIC_R,OVERSOLD_SPRINGBOARD,6,AGGRESSIVE_75,ASYMMETRIC_RUNNER,24.61,-5.48,-10.8,0.92,9.17,47.1,1.74,53.96,21.58,28.14,21.6,1.18,1.4,12.1,54.9
SW_0293,SW_0293: CLENOW_SMOOTH | 8Slots | LIVERMORE_ | ASYMMETRIC_R,CLENOW_SMOOTHNESS,8,LIVERMORE_50,ASYMMETRIC_RUNNER,24.59,-8.66,-16.7,0.69,8.24,41.6,0.81,59.83,30.72,37.29,30.7,0.85,1.38,9.8,61.8
SW_0247,SW_0247: CLENOW_SMOOTH | 5Slots | CONSERVATI | THREE_TIER_W,CLENOW_SMOOTHNESS,5,CONSERVATIVE_25,THREE_TIER_WIDE,24.54,-3.09,-6.1,0.68,8.01,40.3,0.77,39.34,32.5,39.07,32.5,0.88,1.36,14.7,60.6
SW_0985,SW_0985: MULTI_FACTOR_ | 8Slots | NONE | CHANDELIER_R,MULTI_FACTOR_APEX,8,NONE,CHANDELIER_RUNNER,24.54,-20.29,-36.7,0.77,15.57,88.9,0.96,30.11,29.08,35.64,29.1,0.98,1.31,15.1,57.4
SW_0307,SW_0307: CLENOW_HIGH_C | 3Slots | CONSERVATI | THREE_TIER_W,CLENOW_HIGH_CONVICTION,3,CONSERVATIVE_25,THREE_TIER_WIDE,24.51,4.93,10.2,0.66,7.7,38.5,0.43,30.78,27.97,34.54,28.0,0.78,1.58,6.7,67.3
SW_0350,SW_0350: CLENOW_HIGH_C | 5Slots | CONSERVATI | CHANDELIER_R,CLENOW_HIGH_CONVICTION,5,CONSERVATIVE_25,CHANDELIER_RUNNER,24.45,6.38,13.3,0.66,6.74,33.2,0.49,37.19,21.35,27.92,21.4,0.67,1.56,5.6,69.5
SW_0907,SW_0907: MULTI_FACTOR_ | 3Slots | CONSERVATI | THREE_TIER_W,MULTI_FACTOR_APEX,3,CONSERVATIVE_25,THREE_TIER_WIDE,24.37,-5.08,-10.0,0.84,11.78,63.2,1.29,16.14,23.21,29.78,23.2,0.91,1.17,21.3,56.8
SW_0538,SW_0538: OVERSOLD_SPRI | 4Slots | AGGRESSIVE | ASYMMETRIC_R,OVERSOLD_SPRINGBOARD,4,AGGRESSIVE_75,ASYMMETRIC_RUNNER,24.36,-3.68,-7.3,0.79,12.84,70.1,1.77,33.36,7.19,13.75,7.2,1.2,1.1,10.6,49.5
SW_0358,SW_0358: CLENOW_HIGH_C | 5Slots | AGGRESSIVE | ASYMMETRIC_R,CLENOW_HIGH_CONVICTION,5,AGGRESSIVE_75,ASYMMETRIC_RUNNER,24.28,3.92,8.1,0.63,5.54,26.7,0.64,48.85,23.77,30.33,23.8,0.82,1.65,6.0,66.1
SW_0205,SW_0205: CLENOW_SMOOTH | 3Slots | NONE | CHANDELIER_R,CLENOW_SMOOTHNESS,3,NONE,CHANDELIER_RUNNER,24.09,-6.74,-13.1,0.6,8.07,40.7,0.74,47.59,32.27,38.84,32.3,0.93,1.31,20.4,58.5
SW_0330,SW_0330: CLENOW_HIGH_C | 4Slots | CONSERVATI | CHANDELIER_R,CLENOW_HIGH_CONVICTION,4,CONSERVATIVE_25,CHANDELIER_RUNNER,24.02,5.68,11.8,0.63,6.58,32.3,0.45,39.5,19.4,25.96,19.4,0.68,1.39,8.2,67.3
SW_0678,SW_0678: SECTOR_LEAD_R | 6Slots | AGGRESSIVE | ASYMMETRIC_R,SECTOR_LEAD_RS,6,AGGRESSIVE_75,ASYMMETRIC_RUNNER,23.99,-17.95,-32.9,0.7,11.31,60.2,0.73,61.05,18.18,24.74,18.2,0.84,1.2,21.0,58.3
SW_0253,SW_0253: CLENOW_SMOOTH | 5Slots | LIVERMORE_ | ASYMMETRIC_R,CLENOW_SMOOTHNESS,5,LIVERMORE_50,ASYMMETRIC_RUNNER,23.98,-6.26,-12.2,0.58,9.38,48.3,0.75,44.43,22.4,28.97,22.4,0.84,1.27,15.7,59.8
SW_0517,SW_0517: OVERSOLD_SPRI | 3Slots | AGGRESSIVE | THREE_TIER_W,OVERSOLD_SPRINGBOARD,3,AGGRESSIVE_75,THREE_TIER_WIDE,23.97,-6.78,-13.2,0.58,9.74,50.5,1.46,49.72,25.88,32.44,25.9,1.22,1.55,10.1,55.6
SW_0550,SW_0550: OVERSOLD_SPRI | 5Slots | CONSERVATI | CHANDELIER_R,OVERSOLD_SPRINGBOARD,5,CONSERVATIVE_25,CHANDELIER_RUNNER,23.88,-13.29,-25.0,0.79,11.77,63.1,1.63,49.19,31.2,37.76,31.2,1.15,1.74,10.1,60.7
SW_0355,SW_0355: CLENOW_HIGH_C | 5Slots | LIVERMORE_ | CHANDELIER_R,CLENOW_HIGH_CONVICTION,5,LIVERMORE_50,CHANDELIER_RUNNER,23.75,4.32,8.9,0.55,6.63,32.6,0.7,41.3,21.02,27.58,21.0,0.74,1.56,5.8,67.3
SW_0692,SW_0692: SECTOR_LEAD_R | 8Slots | LIVERMORE_ | THREE_TIER_W,SECTOR_LEAD_RS,8,LIVERMORE_50,THREE_TIER_WIDE,23.66,-15.51,-28.8,0.81,11.77,63.1,0.72,53.58,16.72,23.28,16.7,0.86,1.16,19.0,57.9
SW_0686,SW_0686: SECTOR_LEAD_R | 8Slots | CONSERVATI | THREE_TIER_T,SECTOR_LEAD_RS,8,CONSERVATIVE_25,THREE_TIER_TIGHT,23.63,-12.92,-24.4,0.92,10.97,58.1,0.89,60.77,9.99,16.55,10.0,0.82,1.07,18.3,56.8
SW_0252,SW_0252: CLENOW_SMOOTH | 5Slots | LIVERMORE_ | THREE_TIER_W,CLENOW_SMOOTHNESS,5,LIVERMORE_50,THREE_TIER_WIDE,23.57,-2.63,-5.2,0.61,6.57,32.3,0.61,48.17,24.5,31.06,24.5,0.87,1.26,15.8,59.9
SW_0647,SW_0647: SECTOR_LEAD_R | 5Slots | CONSERVATI | THREE_TIER_W,SECTOR_LEAD_RS,5,CONSERVATIVE_25,THREE_TIER_WIDE,23.53,-14.05,-26.3,0.76,10.82,57.1,0.71,52.09,15.93,22.5,15.9,0.73,1.15,24.4,60.2
SW_0282,SW_0282: CLENOW_SMOOTH | 8Slots | NONE | THREE_TIER_W,CLENOW_SMOOTHNESS,8,NONE,THREE_TIER_WIDE,23.52,-8.67,-16.7,0.76,9.3,47.9,0.94,55.47,20.76,27.32,20.8,0.93,1.23,9.1,56.8
SW_0679,SW_0679: SECTOR_LEAD_R | 6Slots | AGGRESSIVE | REGIME_ADAPT,SECTOR_LEAD_RS,6,AGGRESSIVE_75,REGIME_ADAPTIVE,23.51,-17.21,-31.7,0.85,10.47,54.9,0.71,55.11,26.99,33.55,27.0,0.82,1.35,20.4,62.0
SW_0216,SW_0216: CLENOW_SMOOTH | 3Slots | AGGRESSIVE | THREE_TIER_T,CLENOW_SMOOTHNESS,3,AGGRESSIVE_75,THREE_TIER_TIGHT,23.42,-9.51,-18.3,0.67,9.6,49.7,0.71,42.83,31.55,38.12,31.6,0.96,1.26,18.9,57.7
SW_0996,SW_0996: MULTI_FACTOR_ | 8Slots | AGGRESSIVE | THREE_TIER_T,MULTI_FACTOR_APEX,8,AGGRESSIVE_75,THREE_TIER_TIGHT,23.24,-19.21,-35.0,0.61,13.98,77.8,1.39,39.41,17.36,23.93,17.4,0.95,1.16,16.0,55.2
SW_0533,SW_0533: OVERSOLD_SPRI | 4Slots | LIVERMORE_ | ASYMMETRIC_R,OVERSOLD_SPRINGBOARD,4,LIVERMORE_50,ASYMMETRIC_RUNNER,23.24,-4.92,-9.7,0.85,10.76,56.7,2.01,45.34,11.47,18.04,11.5,1.09,1.26,11.8,54.7
SW_0971,SW_0971: MULTI_FACTOR_ | 6Slots | LIVERMORE_ | THREE_TIER_T,MULTI_FACTOR_APEX,6,LIVERMORE_50,THREE_TIER_TIGHT,23.24,-17.86,-32.8,0.75,12.73,69.4,1.07,47.42,17.12,23.68,17.1,0.96,1.11,17.1,54.8
SW_0245,SW_0245: CLENOW_SMOOTH | 5Slots | NONE | CHANDELIER_R,CLENOW_SMOOTHNESS,5,NONE,CHANDELIER_RUNNER,23.22,-11.97,-22.7,0.58,10.26,53.7,0.89,47.74,23.61,30.17,23.6,0.97,1.24,13.4,56.1
SW_0357,SW_0357: CLENOW_HIGH_C | 5Slots | AGGRESSIVE | THREE_TIER_W,CLENOW_HIGH_CONVICTION,5,AGGRESSIVE_75,THREE_TIER_WIDE,23.17,2.07,4.2,0.67,5.65,27.3,0.65,46.92,24.53,31.09,24.5,0.88,1.74,4.7,64.5
SW_0616,SW_0616: SECTOR_LEAD_R | 3Slots | AGGRESSIVE | THREE_TIER_T,SECTOR_LEAD_RS,3,AGGRESSIVE_75,THREE_TIER_TIGHT,23.03,-11.46,-21.8,0.6,5.35,25.8,0.71,78.87,20.53,27.1,20.5,0.73,1.25,17.8,62.8
SW_0379,SW_0379: CLENOW_HIGH_C | 6Slots | AGGRESSIVE | REGIME_ADAPT,CLENOW_HIGH_CONVICTION,6,AGGRESSIVE_75,REGIME_ADAPTIVE,23.0,5.91,12.3,0.81,2.24,10.2,0.62,58.02,23.22,29.78,23.2,1.08,1.72,4.8,61.1
SW_0696,SW_0696: SECTOR_LEAD_R | 8Slots | AGGRESSIVE | THREE_TIER_T,SECTOR_LEAD_RS,8,AGGRESSIVE_75,THREE_TIER_TIGHT,22.93,-17.87,-32.8,0.81,10.03,52.2,0.75,68.0,17.34,23.9,17.3,0.83,1.18,19.6,59.5
SW_0666,SW_0666: SECTOR_LEAD_R | 6Slots | CONSERVATI | THREE_TIER_T,SECTOR_LEAD_RS,6,CONSERVATIVE_25,THREE_TIER_TIGHT,22.91,-15.98,-29.6,0.94,11.56,61.8,0.9,58.11,10.24,16.8,10.2,0.79,1.06,22.1,57.8
SW_0432,SW_0432: MINERVINI_VCP | 4Slots | LIVERMORE_ | THREE_TIER_W,MINERVINI_VCP,4,LIVERMORE_50,THREE_TIER_WIDE,22.9,-0.58,-1.2,0.9,8.46,42.9,0.86,52.02,-0.13,6.44,-0.1,1.02,0.95,16.4,49.1
SW_0694,SW_0694: SECTOR_LEAD_R | 8Slots | LIVERMORE_ | REGIME_ADAPT,SECTOR_LEAD_RS,8,LIVERMORE_50,REGIME_ADAPTIVE,22.87,-11.98,-22.7,0.91,10.18,53.1,0.81,52.37,19.91,26.48,19.9,0.87,1.24,19.8,58.8
SW_0288,SW_0288: CLENOW_SMOOTH | 8Slots | CONSERVATI | ASYMMETRIC_R,CLENOW_SMOOTHNESS,8,CONSERVATIVE_25,ASYMMETRIC_RUNNER,22.82,-7.03,-13.7,0.74,7.45,37.2,0.79,51.78,28.67,35.24,28.7,0.84,1.38,9.7,62.0
SW_0953,SW_0953: MULTI_FACTOR_ | 5Slots | LIVERMORE_ | ASYMMETRIC_R,MULTI_FACTOR_APEX,5,LIVERMORE_50,ASYMMETRIC_RUNNER,22.77,-6.37,-12.4,0.71,6.96,34.4,0.86,40.11,36.21,42.77,36.2,0.92,1.42,12.6,58.8
SW_0286,SW_0286: CLENOW_SMOOTH | 8Slots | CONSERVATI | THREE_TIER_T,CLENOW_SMOOTHNESS,8,CONSERVATIVE_25,THREE_TIER_TIGHT,22.63,-7.13,-13.9,0.78,8.25,41.7,0.92,52.8,22.91,29.47,22.9,0.92,1.25,10.7,57.8
SW_0939,SW_0939: MULTI_FACTOR_ | 4Slots | AGGRESSIVE | REGIME_ADAPT,MULTI_FACTOR_APEX,4,AGGRESSIVE_75,REGIME_ADAPTIVE,22.63,-3.99,-7.9,0.98,8.41,42.6,0.77,27.4,34.56,41.13,34.6,1.11,1.41,15.2,56.6
SW_0552,SW_0552: OVERSOLD_SPRI | 5Slots | LIVERMORE_ | THREE_TIER_W,OVERSOLD_SPRINGBOARD,5,LIVERMORE_50,THREE_TIER_WIDE,22.57,-9.14,-17.6,0.77,11.12,59.0,1.26,41.31,22.05,28.61,22.1,1.3,1.41,10.1,51.8
SW_0911,SW_0911: MULTI_FACTOR_ | 3Slots | LIVERMORE_ | THREE_TIER_T,MULTI_FACTOR_APEX,3,LIVERMORE_50,THREE_TIER_TIGHT,22.53,-21.34,-38.4,0.63,12.99,71.1,0.76,25.11,33.39,39.96,33.4,1.04,1.34,14.2,55.8
SW_0207,SW_0207: CLENOW_SMOOTH | 3Slots | CONSERVATI | THREE_TIER_W,CLENOW_SMOOTHNESS,3,CONSERVATIVE_25,THREE_TIER_WIDE,22.53,-9.0,-17.3,0.75,7.81,39.2,0.65,40.7,34.2,40.77,34.2,0.84,1.31,17.9,61.0
SW_0291,SW_0291: CLENOW_SMOOTH | 8Slots | LIVERMORE_ | THREE_TIER_T,CLENOW_SMOOTHNESS,8,LIVERMORE_50,THREE_TIER_TIGHT,22.53,-6.77,-13.2,0.7,7.22,35.9,0.95,57.89,20.81,27.38,20.8,0.9,1.21,11.3,57.0
SW_0560,SW_0560: OVERSOLD_SPRI | 5Slots | AGGRESSIVE | CHANDELIER_R,OVERSOLD_SPRINGBOARD,5,AGGRESSIVE_75,CHANDELIER_RUNNER,22.52,-3.3,-6.5,0.74,7.14,35.4,1.46,55.35,16.71,23.28,16.7,1.1,1.43,12.1,53.8
SW_0417,SW_0417: MINERVINI_VCP | 3Slots | AGGRESSIVE | THREE_TIER_W,MINERVINI_VCP,3,AGGRESSIVE_75,THREE_TIER_WIDE,22.51,2.82,5.8,1.08,7.11,35.2,1.03,39.68,13.13,19.69,13.1,1.11,1.25,12.2,52.4
SW_0306,SW_0306: CLENOW_HIGH_C | 3Slots | CONSERVATI | THREE_TIER_T,CLENOW_HIGH_CONVICTION,3,CONSERVATIVE_25,THREE_TIER_TIGHT,22.49,4.57,9.4,0.67,6.95,34.4,0.4,25.93,29.72,36.28,29.7,0.77,1.64,6.1,68.0
SW_0237,SW_0237: CLENOW_SMOOTH | 4Slots | AGGRESSIVE | THREE_TIER_W,CLENOW_SMOOTHNESS,4,AGGRESSIVE_75,THREE_TIER_WIDE,22.44,-11.2,-21.3,0.69,6.41,31.4,0.72,72.74,11.85,18.42,11.8,0.95,1.09,22.5,52.4
SW_0270,SW_0270: CLENOW_SMOOTH | 6Slots | CONSERVATI | CHANDELIER_R,CLENOW_SMOOTHNESS,6,CONSERVATIVE_25,CHANDELIER_RUNNER,22.32,-3.38,-6.7,0.65,5.98,29.1,0.81,42.16,35.77,42.34,35.8,0.8,1.45,12.7,64.3
SW_0539,SW_0539: OVERSOLD_SPRI | 4Slots | AGGRESSIVE | REGIME_ADAPT,OVERSOLD_SPRINGBOARD,4,AGGRESSIVE_75,REGIME_ADAPTIVE,22.27,0.23,0.5,1.11,5.47,26.4,1.37,50.07,18.92,25.49,18.9,1.33,1.34,12.5,51.2
SW_0325,SW_0325: CLENOW_HIGH_C | 4Slots | NONE | CHANDELIER_R,CLENOW_HIGH_CONVICTION,4,NONE,CHANDELIER_RUNNER,22.24,6.08,12.6,0.71,5.54,26.7,0.5,41.45,19.7,26.27,19.7,0.73,1.41,6.5,66.0
SW_0317,SW_0317: CLENOW_HIGH_C | 3Slots | AGGRESSIVE | THREE_TIER_W,CLENOW_HIGH_CONVICTION,3,AGGRESSIVE_75,THREE_TIER_WIDE,22.18,3.57,7.3,0.62,3.7,17.4,0.44,42.68,31.08,37.64,31.1,0.85,1.7,6.8,67.3
SW_0548,SW_0548: OVERSOLD_SPRI | 5Slots | CONSERVATI | ASYMMETRIC_R,OVERSOLD_SPRINGBOARD,5,CONSERVATIVE_25,ASYMMETRIC_RUNNER,22.11,-6.55,-12.8,0.92,9.23,47.4,1.63,45.3,22.99,29.55,23.0,1.34,1.42,10.2,51.4
SW_0559,SW_0559: OVERSOLD_SPRI | 5Slots | AGGRESSIVE | REGIME_ADAPT,OVERSOLD_SPRINGBOARD,5,AGGRESSIVE_75,REGIME_ADAPTIVE,22.1,-0.32,-0.7,1.22,6.67,32.8,1.57,46.75,9.0,15.56,9.0,1.12,1.15,9.7,50.3
SW_0377,SW_0377: CLENOW_HIGH_C | 6Slots | AGGRESSIVE | THREE_TIER_W,CLENOW_HIGH_CONVICTION,6,AGGRESSIVE_75,THREE_TIER_WIDE,21.97,4.58,9.4,0.72,3.2,14.9,0.57,51.41,21.27,27.83,21.3,0.91,1.59,5.5,63.2
SW_0284,SW_0284: CLENOW_SMOOTH | 8Slots | NONE | REGIME_ADAPT,CLENOW_SMOOTHNESS,8,NONE,REGIME_ADAPTIVE,21.91,-6.9,-13.4,0.77,7.52,37.5,0.89,57.04,18.1,24.67,18.1,0.89,1.2,9.8,57.2
SW_0327,SW_0327: CLENOW_HIGH_C | 4Slots | CONSERVATI | THREE_TIER_W,CLENOW_HIGH_CONVICTION,4,CONSERVATIVE_25,THREE_TIER_WIDE,21.83,4.41,9.1,0.68,4.95,23.6,0.45,42.85,20.36,26.92,20.4,0.76,1.42,7.2,64.9
SW_0676,SW_0676: SECTOR_LEAD_R | 6Slots | AGGRESSIVE | THREE_TIER_T,SECTOR_LEAD_RS,6,AGGRESSIVE_75,THREE_TIER_TIGHT,21.79,-15.95,-29.6,0.82,9.52,49.1,0.7,62.36,15.32,21.89,15.3,0.8,1.11,20.7,57.6
SW_0339,SW_0339: CLENOW_HIGH_C | 4Slots | AGGRESSIVE | REGIME_ADAPT,CLENOW_HIGH_CONVICTION,4,AGGRESSIVE_75,REGIME_ADAPTIVE,21.74,6.3,13.1,0.74,3.81,17.9,0.62,37.8,30.86,37.42,30.9,1.03,1.81,6.3,61.9
SW_0294,SW_0294: CLENOW_SMOOTH | 8Slots | LIVERMORE_ | REGIME_ADAPT,CLENOW_SMOOTHNESS,8,LIVERMORE_50,REGIME_ADAPTIVE,21.74,-3.99,-7.9,0.76,7.25,36.0,0.83,46.52,19.52,26.08,19.5,0.8,1.22,9.6,60.2
SW_0624,SW_0624: SECTOR_LEAD_R | 4Slots | NONE | REGIME_ADAPT,SECTOR_LEAD_RS,4,NONE,REGIME_ADAPTIVE,21.71,-18.51,-33.8,0.89,8.58,43.6,0.72,63.02,33.09,39.66,33.1,0.88,1.41,19.1,61.9
SW_0698,SW_0698: SECTOR_LEAD_R | 8Slots | AGGRESSIVE | ASYMMETRIC_R,SECTOR_LEAD_RS,8,AGGRESSIVE_75,ASYMMETRIC_RUNNER,21.63,-19.36,-35.2,0.82,10.39,54.4,0.58,54.33,27.76,34.33,27.8,0.86,1.33,17.1,60.1
SW_0313,SW_0313: CLENOW_HIGH_C | 3Slots | LIVERMORE_ | ASYMMETRIC_R,CLENOW_HIGH_CONVICTION,3,LIVERMORE_50,ASYMMETRIC_RUNNER,21.59,-4.68,-9.2,0.47,6.85,33.8,0.46,51.27,29.61,36.18,29.6,0.73,1.6,9.8,68.5
SW_0348,SW_0348: CLENOW_HIGH_C | 5Slots | CONSERVATI | ASYMMETRIC_R,CLENOW_HIGH_CONVICTION,5,CONSERVATIVE_25,ASYMMETRIC_RUNNER,21.5,4.94,10.2,0.69,4.87,23.3,0.48,39.46,20.2,26.76,20.2,0.79,1.52,5.6,65.6
SW_0984,SW_0984: MULTI_FACTOR_ | 8Slots | NONE | REGIME_ADAPT,MULTI_FACTOR_APEX,8,NONE,REGIME_ADAPTIVE,21.46,-18.92,-34.5,0.92,13.05,71.5,1.15,38.65,21.34,27.9,21.3,0.97,1.24,16.0,56.2
SW_0302,SW_0302: CLENOW_HIGH_C | 3Slots | NONE | THREE_TIER_W,CLENOW_HIGH_CONVICTION,3,NONE,THREE_TIER_WIDE,21.42,3.5,7.2,0.71,5.83,28.3,0.47,38.84,23.86,30.43,23.9,0.82,1.44,7.5,63.8
SW_0322,SW_0322: CLENOW_HIGH_C | 4Slots | NONE | THREE_TIER_W,CLENOW_HIGH_CONVICTION,4,NONE,THREE_TIER_WIDE,21.41,5.0,10.3,0.78,3.74,17.5,0.46,53.03,16.66,23.22,16.7,0.8,1.29,6.8,61.8
SW_0376,SW_0376: CLENOW_HIGH_C | 6Slots | AGGRESSIVE | THREE_TIER_T,CLENOW_HIGH_CONVICTION,6,AGGRESSIVE_75,THREE_TIER_TIGHT,21.4,3.96,8.2,0.7,3.5,16.4,0.57,49.07,21.38,27.95,21.4,0.98,1.6,5.4,61.4
SW_0650,SW_0650: SECTOR_LEAD_R | 5Slots | CONSERVATI | CHANDELIER_R,SECTOR_LEAD_RS,5,CONSERVATIVE_25,CHANDELIER_RUNNER,21.39,-20.36,-36.8,0.48,9.33,48.0,0.66,60.25,32.71,39.28,32.7,0.7,1.47,22.2,68.3
SW_0976,SW_0976: MULTI_FACTOR_ | 6Slots | AGGRESSIVE | THREE_TIER_T,MULTI_FACTOR_APEX,6,AGGRESSIVE_75,THREE_TIER_TIGHT,21.38,-18.87,-34.4,0.74,11.28,60.0,1.04,45.17,20.08,26.64,20.1,0.96,1.14,16.6,55.0
SW_0347,SW_0347: CLENOW_HIGH_C | 5Slots | CONSERVATI | THREE_TIER_W,CLENOW_HIGH_CONVICTION,5,CONSERVATIVE_25,THREE_TIER_WIDE,21.38,5.47,11.3,0.76,4.81,23.0,0.48,38.66,17.7,24.27,17.7,0.8,1.39,5.3,63.5
SW_0204,SW_0204: CLENOW_SMOOTH | 3Slots | NONE | REGIME_ADAPT,CLENOW_SMOOTHNESS,3,NONE,REGIME_ADAPTIVE,21.37,-6.7,-13.0,0.65,7.97,40.1,0.79,42.79,17.09,23.65,17.1,0.87,1.14,30.9,56.9
SW_0575,SW_0575: OVERSOLD_SPRI | 6Slots | LIVERMORE_ | CHANDELIER_R,OVERSOLD_SPRINGBOARD,6,LIVERMORE_50,CHANDELIER_RUNNER,21.34,-13.87,-26.0,0.99,11.16,59.2,1.62,45.27,19.46,26.03,19.5,0.96,1.41,12.0,60.8
SW_0431,SW_0431: MINERVINI_VCP | 4Slots | LIVERMORE_ | THREE_TIER_T,MINERVINI_VCP,4,LIVERMORE_50,THREE_TIER_TIGHT,21.31,2.31,4.7,0.96,8.14,41.1,0.83,41.2,-5.33,1.24,-5.3,1.03,0.87,19.9,47.1
SW_0334,SW_0334: CLENOW_HIGH_C | 4Slots | LIVERMORE_ | REGIME_ADAPT,CLENOW_HIGH_CONVICTION,4,LIVERMORE_50,REGIME_ADAPTIVE,21.28,4.2,8.6,0.68,3.36,15.7,0.61,48.65,26.79,33.36,26.8,0.96,1.64,8.2,62.9
SW_0275,SW_0275: CLENOW_SMOOTH | 6Slots | LIVERMORE_ | CHANDELIER_R,CLENOW_SMOOTHNESS,6,LIVERMORE_50,CHANDELIER_RUNNER,21.24,-4.05,-8.0,0.59,5.41,26.1,0.9,39.6,38.99,45.56,39.0,0.93,1.45,12.9,60.7
SW_0345,SW_0345: CLENOW_HIGH_C | 5Slots | NONE | CHANDELIER_R,CLENOW_HIGH_CONVICTION,5,NONE,CHANDELIER_RUNNER,21.13,4.62,9.5,0.73,5.96,29.0,0.53,42.45,12.53,19.09,12.5,0.71,1.21,7.4,63.0
SW_0309,SW_0309: CLENOW_HIGH_C | 3Slots | CONSERVATI | REGIME_ADAPT,CLENOW_HIGH_CONVICTION,3,CONSERVATIVE_25,REGIME_ADAPTIVE,21.06,7.14,14.9,0.69,4.89,23.4,0.45,31.12,21.41,27.98,21.4,0.75,1.4,8.3,64.9
SW_0230,SW_0230: CLENOW_SMOOTH | 4Slots | CONSERVATI | CHANDELIER_R,CLENOW_SMOOTHNESS,4,CONSERVATIVE_25,CHANDELIER_RUNNER,20.92,-6.54,-12.8,0.59,3.79,17.8,0.86,49.22,43.24,49.81,43.2,0.87,1.49,14.0,63.0
SW_0378,SW_0378: CLENOW_HIGH_C | 6Slots | AGGRESSIVE | ASYMMETRIC_R,CLENOW_HIGH_CONVICTION,6,AGGRESSIVE_75,ASYMMETRIC_RUNNER,20.87,6.64,13.8,0.71,2.87,13.2,0.55,43.32,20.41,26.97,20.4,0.82,1.59,4.7,65.2
SW_0554,SW_0554: OVERSOLD_SPRI | 5Slots | LIVERMORE_ | REGIME_ADAPT,OVERSOLD_SPRINGBOARD,5,LIVERMORE_50,REGIME_ADAPTIVE,20.82,-4.07,-8.0,1.04,8.48,43.0,1.54,35.82,13.96,20.52,14.0,1.26,1.23,11.8,49.4
SW_0974,SW_0974: MULTI_FACTOR_ | 6Slots | LIVERMORE_ | REGIME_ADAPT,MULTI_FACTOR_APEX,6,LIVERMORE_50,REGIME_ADAPTIVE,20.82,-19.3,-35.1,0.83,12.44,67.5,0.93,49.63,7.08,13.64,7.1,0.88,1.03,19.7,54.8
SW_0280,SW_0280: CLENOW_SMOOTH | 6Slots | AGGRESSIVE | CHANDELIER_R,CLENOW_SMOOTHNESS,6,AGGRESSIVE_75,CHANDELIER_RUNNER,20.81,-2.67,-5.3,0.68,2.75,12.7,1.1,55.69,40.46,47.02,40.5,0.89,1.47,12.1,61.4
SW_0968,SW_0968: MULTI_FACTOR_ | 6Slots | CONSERVATI | ASYMMETRIC_R,MULTI_FACTOR_APEX,6,CONSERVATIVE_25,ASYMMETRIC_RUNNER,20.81,-17.87,-32.8,0.64,12.45,67.5,0.94,45.57,8.6,15.16,8.6,0.8,1.02,17.2,56.4
SW_0359,SW_0359: CLENOW_HIGH_C | 5Slots | AGGRESSIVE | REGIME_ADAPT,CLENOW_HIGH_CONVICTION,5,AGGRESSIVE_75,REGIME_ADAPTIVE,20.78,2.3,4.7,0.71,4.21,19.9,0.69,46.69,22.45,29.02,22.4,0.96,1.61,5.2,62.0
SW_0289,SW_0289: CLENOW_SMOOTH | 8Slots | CONSERVATI | REGIME_ADAPT,CLENOW_SMOOTHNESS,8,CONSERVATIVE_25,REGIME_ADAPTIVE,20.76,-4.86,-9.6,0.76,6.04,29.4,0.86,51.84,20.64,27.21,20.6,0.84,1.24,9.2,59.6
SW_0209,SW_0209: CLENOW_SMOOTH | 3Slots | CONSERVATI | REGIME_ADAPT,CLENOW_SMOOTHNESS,3,CONSERVATIVE_25,REGIME_ADAPTIVE,20.69,-6.23,-12.2,0.7,4.97,23.8,0.69,49.17,27.41,33.98,27.4,0.79,1.26,24.6,61.2
SW_0218,SW_0218: CLENOW_SMOOTH | 3Slots | AGGRESSIVE | ASYMMETRIC_R,CLENOW_SMOOTHNESS,3,AGGRESSIVE_75,ASYMMETRIC_RUNNER,20.68,-17.78,-32.6,0.62,8.61,43.8,0.63,49.51,32.86,39.42,32.9,0.91,1.33,19.5,59.1
SW_0964,SW_0964: MULTI_FACTOR_ | 6Slots | NONE | REGIME_ADAPT,MULTI_FACTOR_APEX,6,NONE,REGIME_ADAPTIVE,20.67,-22.81,-40.7,0.88,13.85,76.9,1.04,37.04,21.41,27.97,21.4,0.93,1.23,17.9,57.3
SW_0332,SW_0332: CLENOW_HIGH_C | 4Slots | LIVERMORE_ | THREE_TIER_W,CLENOW_HIGH_CONVICTION,4,LIVERMORE_50,THREE_TIER_WIDE,20.64,0.66,1.3,0.59,5.65,27.3,0.58,39.19,23.83,30.39,23.8,0.73,1.54,6.0,68.3
SW_0375,SW_0375: CLENOW_HIGH_C | 6Slots | LIVERMORE_ | CHANDELIER_R,CLENOW_HIGH_CONVICTION,6,LIVERMORE_50,CHANDELIER_RUNNER,20.61,3.83,7.9,0.55,4.6,21.9,0.71,40.18,21.79,28.36,21.8,0.81,1.59,5.9,65.6
SW_0328,SW_0328: CLENOW_HIGH_C | 4Slots | CONSERVATI | ASYMMETRIC_R,CLENOW_HIGH_CONVICTION,4,CONSERVATIVE_25,ASYMMETRIC_RUNNER,20.6,3.97,8.2,0.61,4.93,23.6,0.44,36.45,23.01,29.58,23.0,0.77,1.53,7.3,66.1
SW_0326,SW_0326: CLENOW_HIGH_C | 4Slots | CONSERVATI | THREE_TIER_T,CLENOW_HIGH_CONVICTION,4,CONSERVATIVE_25,THREE_TIER_TIGHT,20.5,4.64,9.6,0.76,4.69,22.3,0.44,38.35,20.14,26.71,20.1,0.73,1.43,6.7,66.1
SW_0374,SW_0374: CLENOW_HIGH_C | 6Slots | LIVERMORE_ | REGIME_ADAPT,CLENOW_HIGH_CONVICTION,6,LIVERMORE_50,REGIME_ADAPTIVE,20.49,7.05,14.7,0.81,2.19,10.0,0.58,44.4,20.7,27.26,20.7,1.1,1.57,4.9,57.5
SW_0395,SW_0395: CLENOW_HIGH_C | 8Slots | LIVERMORE_ | CHANDELIER_R,CLENOW_HIGH_CONVICTION,8,LIVERMORE_50,CHANDELIER_RUNNER,20.45,3.37,6.9,0.55,3.35,15.6,0.69,53.11,17.77,24.33,17.8,0.84,1.54,4.5,64.3
SW_0303,SW_0303: CLENOW_HIGH_C | 3Slots | NONE | ASYMMETRIC_R,CLENOW_HIGH_CONVICTION,3,NONE,ASYMMETRIC_RUNNER,20.39,0.1,0.2,0.62,5.12,24.5,0.44,47.64,25.45,32.01,25.4,0.78,1.5,7.9,66.0
SW_0299,SW_0299: CLENOW_SMOOTH | 8Slots | AGGRESSIVE | REGIME_ADAPT,CLENOW_SMOOTHNESS,8,AGGRESSIVE_75,REGIME_ADAPTIVE,20.36,-5.6,-11.0,0.78,6.91,34.1,0.79,47.13,23.37,29.94,23.4,0.84,1.29,8.8,60.4
SW_0689,SW_0689: SECTOR_LEAD_R | 8Slots | CONSERVATI | REGIME_ADAPT,SECTOR_LEAD_RS,8,CONSERVATIVE_25,REGIME_ADAPTIVE,20.36,-17.61,-32.3,0.88,10.14,52.9,0.85,59.03,17.82,24.38,17.8,0.83,1.22,19.2,59.9
SW_0687,SW_0687: SECTOR_LEAD_R | 8Slots | CONSERVATI | THREE_TIER_W,SECTOR_LEAD_RS,8,CONSERVATIVE_25,THREE_TIER_WIDE,20.28,-13.94,-26.1,0.75,8.33,42.2,0.76,58.36,20.07,26.63,20.1,0.88,1.23,18.0,59.3
SW_0989,SW_0989: MULTI_FACTOR_ | 8Slots | CONSERVATI | REGIME_ADAPT,MULTI_FACTOR_APEX,8,CONSERVATIVE_25,REGIME_ADAPTIVE,20.25,-16.94,-31.2,0.7,11.6,62.0,1.01,41.76,21.02,27.59,21.0,0.88,1.25,16.5,58.5
SW_0226,SW_0226: CLENOW_SMOOTH | 4Slots | CONSERVATI | THREE_TIER_T,CLENOW_SMOOTHNESS,4,CONSERVATIVE_25,THREE_TIER_TIGHT,20.15,-8.64,-16.7,0.73,6.52,32.0,0.73,44.51,30.21,36.78,30.2,0.88,1.27,16.8,58.9
SW_0916,SW_0916: MULTI_FACTOR_ | 3Slots | AGGRESSIVE | THREE_TIER_T,MULTI_FACTOR_APEX,3,AGGRESSIVE_75,THREE_TIER_TIGHT,20.14,-18.9,-34.5,0.7,10.46,54.9,1.09,21.17,40.54,47.1,40.5,0.97,1.4,14.8,57.3
SW_0400,SW_0400: CLENOW_HIGH_C | 8Slots | AGGRESSIVE | CHANDELIER_R,CLENOW_HIGH_CONVICTION,8,AGGRESSIVE_75,CHANDELIER_RUNNER,20.11,5.47,11.3,0.64,3.89,18.3,0.73,41.03,18.6,25.16,18.6,0.88,1.59,3.7,64.7
SW_0312,SW_0312: CLENOW_HIGH_C | 3Slots | LIVERMORE_ | THREE_TIER_W,CLENOW_HIGH_CONVICTION,3,LIVERMORE_50,THREE_TIER_WIDE,20.04,-0.71,-1.4,0.54,5.97,29.1,0.43,39.93,25.88,32.44,25.9,0.8,1.52,7.3,66.7
SW_0305,SW_0305: CLENOW_HIGH_C | 3Slots | NONE | CHANDELIER_R,CLENOW_HIGH_CONVICTION,3,NONE,CHANDELIER_RUNNER,20.01,4.01,8.2,0.65,3.37,15.7,0.41,43.44,28.51,35.08,28.5,0.76,1.56,7.4,67.4
SW_0349,SW_0349: CLENOW_HIGH_C | 5Slots | CONSERVATI | REGIME_ADAPT,CLENOW_HIGH_CONVICTION,5,CONSERVATIVE_25,REGIME_ADAPTIVE,19.97,7.69,16.1,0.79,3.46,16.1,0.49,36.35,14.7,21.26,14.7,0.82,1.33,5.7,61.4
SW_0354,SW_0354: CLENOW_HIGH_C | 5Slots | LIVERMORE_ | REGIME_ADAPT,CLENOW_HIGH_CONVICTION,5,LIVERMORE_50,REGIME_ADAPTIVE,19.95,7.05,14.7,0.81,3.25,15.1,0.55,35.32,20.06,26.63,20.1,0.97,1.51,6.8,60.6
SW_0555,SW_0555: OVERSOLD_SPRI | 5Slots | LIVERMORE_ | CHANDELIER_R,OVERSOLD_SPRINGBOARD,5,LIVERMORE_50,CHANDELIER_RUNNER,19.94,-12.07,-22.9,0.65,9.08,46.6,1.62,45.69,26.09,32.66,26.1,1.25,1.64,8.1,55.6
SW_0338,SW_0338: CLENOW_HIGH_C | 4Slots | AGGRESSIVE | ASYMMETRIC_R,CLENOW_HIGH_CONVICTION,4,AGGRESSIVE_75,ASYMMETRIC_RUNNER,19.92,-0.31,-0.6,0.55,5.1,24.4,0.54,41.47,27.83,34.39,27.8,0.75,1.69,6.3,70.2
SW_0329,SW_0329: CLENOW_HIGH_C | 4Slots | CONSERVATI | REGIME_ADAPT,CLENOW_HIGH_CONVICTION,4,CONSERVATIVE_25,REGIME_ADAPTIVE,19.9,6.68,13.9,0.71,3.45,16.1,0.47,38.97,17.33,23.89,17.3,0.81,1.36,8.5,62.5
SW_0669,SW_0669: SECTOR_LEAD_R | 6Slots | CONSERVATI | REGIME_ADAPT,SECTOR_LEAD_RS,6,CONSERVATIVE_25,REGIME_ADAPTIVE,19.79,-16.34,-30.2,0.82,9.91,51.5,0.82,47.07,22.93,29.5,22.9,0.89,1.26,22.2,57.7
SW_0202,SW_0202: CLENOW_SMOOTH | 3Slots | NONE | THREE_TIER_W,CLENOW_SMOOTHNESS,3,NONE,THREE_TIER_WIDE,19.76,-13.0,-24.5,0.73,7.56,37.8,0.75,47.46,21.39,27.95,21.4,0.9,1.17,25.9,57.0
SW_0370,SW_0370: CLENOW_HIGH_C | 6Slots | CONSERVATI | CHANDELIER_R,CLENOW_HIGH_CONVICTION,6,CONSERVATIVE_25,CHANDELIER_RUNNER,19.73,5.16,10.7,0.66,4.7,22.4,0.5,34.7,17.03,23.59,17.0,0.7,1.45,5.4,67.2
SW_0210,SW_0210: CLENOW_SMOOTH | 3Slots | CONSERVATI | CHANDELIER_R,CLENOW_SMOOTHNESS,3,CONSERVATIVE_25,CHANDELIER_RUNNER,19.73,-4.26,-8.4,0.55,3.02,14.0,0.6,43.1,37.8,44.37,37.8,0.9,1.36,19.1,60.4
SW_0351,SW_0351: CLENOW_HIGH_C | 5Slots | LIVERMORE_ | THREE_TIER_T,CLENOW_HIGH_CONVICTION,5,LIVERMORE_50,THREE_TIER_TIGHT,19.71,4.61,9.5,0.67,4.5,21.3,0.57,33.96,19.64,26.2,19.6,0.82,1.47,5.6,63.8
SW_0962,SW_0962: MULTI_FACTOR_ | 6Slots | NONE | THREE_TIER_W,MULTI_FACTOR_APEX,6,NONE,THREE_TIER_WIDE,19.65,-19.82,-36.0,0.85,14.0,78.0,1.03,30.79,13.93,20.49,13.9,0.89,1.08,18.6,55.1
SW_0356,SW_0356: CLENOW_HIGH_C | 5Slots | AGGRESSIVE | THREE_TIER_T,CLENOW_HIGH_CONVICTION,5,AGGRESSIVE_75,THREE_TIER_TIGHT,19.63,2.07,4.2,0.69,5.58,26.9,0.62,33.32,20.93,27.49,20.9,0.87,1.53,5.0,63.6
SW_0372,SW_0372: CLENOW_HIGH_C | 6Slots | LIVERMORE_ | THREE_TIER_W,CLENOW_HIGH_CONVICTION,6,LIVERMORE_50,THREE_TIER_WIDE,19.56,3.83,7.9,0.66,3.03,14.1,0.51,44.76,19.83,26.39,19.8,0.96,1.5,5.3,60.9
SW_0320,SW_0320: CLENOW_HIGH_C | 3Slots | AGGRESSIVE | CHANDELIER_R,CLENOW_HIGH_CONVICTION,3,AGGRESSIVE_75,CHANDELIER_RUNNER,19.55,4.34,8.9,0.53,6.13,29.9,0.53,17.31,25.43,31.99,25.4,0.62,1.53,7.1,71.7
SW_0952,SW_0952: MULTI_FACTOR_ | 5Slots | LIVERMORE_ | THREE_TIER_W,MULTI_FACTOR_APEX,5,LIVERMORE_50,THREE_TIER_WIDE,19.55,-8.9,-17.1,0.81,6.93,34.3,0.96,43.23,25.06,31.62,25.1,0.92,1.25,16.6,57.1
SW_0301,SW_0301: CLENOW_HIGH_C | 3Slots | NONE | THREE_TIER_T,CLENOW_HIGH_CONVICTION,3,NONE,THREE_TIER_TIGHT,19.53,2.68,5.5,0.7,5.52,26.7,0.5,33.12,25.93,32.49,25.9,0.86,1.51,7.6,63.8
SW_0528,SW_0528: OVERSOLD_SPRI | 4Slots | CONSERVATI | ASYMMETRIC_R,OVERSOLD_SPRINGBOARD,4,CONSERVATIVE_25,ASYMMETRIC_RUNNER,19.49,-7.5,-14.6,0.84,10.46,54.9,1.85,31.45,12.46,19.02,12.5,1.05,1.17,9.9,52.7
SW_0966,SW_0966: MULTI_FACTOR_ | 6Slots | CONSERVATI | THREE_TIER_T,MULTI_FACTOR_APEX,6,CONSERVATIVE_25,THREE_TIER_TIGHT,19.48,-21.79,-39.1,0.69,12.32,66.7,0.96,47.16,12.43,18.99,12.4,0.89,1.06,16.8,55.2
SW_0281,SW_0281: CLENOW_SMOOTH | 8Slots | NONE | THREE_TIER_T,CLENOW_SMOOTHNESS,8,NONE,THREE_TIER_TIGHT,19.44,-10.19,-19.5,0.74,8.55,43.4,1.0,45.32,19.68,26.24,19.7,0.94,1.2,10.0,56.0
SW_0310,SW_0310: CLENOW_HIGH_C | 3Slots | CONSERVATI | CHANDELIER_R,CLENOW_HIGH_CONVICTION,3,CONSERVATIVE_25,CHANDELIER_RUNNER,19.43,5.87,12.2,0.6,3.44,16.0,0.33,36.62,21.75,28.32,21.8,0.6,1.35,9.9,69.4
SW_0318,SW_0318: CLENOW_HIGH_C | 3Slots | AGGRESSIVE | ASYMMETRIC_R,CLENOW_HIGH_CONVICTION,3,AGGRESSIVE_75,ASYMMETRIC_RUNNER,19.42,0.95,1.9,0.56,3.29,15.3,0.55,44.0,27.76,34.33,27.8,0.67,1.61,6.0,70.0
SW_0304,SW_0304: CLENOW_HIGH_C | 3Slots | NONE | REGIME_ADAPT,CLENOW_HIGH_CONVICTION,3,NONE,REGIME_ADAPTIVE,19.42,5.31,11.0,0.74,4.97,23.8,0.58,33.77,18.56,25.12,18.6,0.9,1.32,7.7,59.6
SW_0593,SW_0593: OVERSOLD_SPRI | 8Slots | LIVERMORE_ | ASYMMETRIC_R,OVERSOLD_SPRINGBOARD,8,LIVERMORE_50,ASYMMETRIC_RUNNER,19.41,-2.31,-4.6,1.08,6.93,34.2,1.73,33.7,20.38,26.94,20.4,1.17,1.37,13.8,53.8
SW_0954,SW_0954: MULTI_FACTOR_ | 5Slots | LIVERMORE_ | REGIME_ADAPT,MULTI_FACTOR_APEX,5,LIVERMORE_50,REGIME_ADAPTIVE,19.33,-11.61,-22.0,0.83,7.61,38.0,0.89,49.17,15.94,22.51,15.9,0.91,1.16,22.0,52.9
SW_0969,SW_0969: MULTI_FACTOR_ | 6Slots | CONSERVATI | REGIME_ADAPT,MULTI_FACTOR_APEX,6,CONSERVATIVE_25,REGIME_ADAPTIVE,19.33,-21.31,-38.3,0.63,11.98,64.5,0.98,49.38,15.08,21.65,15.1,0.92,1.13,17.0,56.0
SW_0353,SW_0353: CLENOW_HIGH_C | 5Slots | LIVERMORE_ | ASYMMETRIC_R,CLENOW_HIGH_CONVICTION,5,LIVERMORE_50,ASYMMETRIC_RUNNER,19.32,3.57,7.3,0.61,3.82,17.9,0.47,40.0,19.85,26.41,19.9,0.7,1.5,6.0,67.7
SW_0672,SW_0672: SECTOR_LEAD_R | 6Slots | LIVERMORE_ | THREE_TIER_W,SECTOR_LEAD_RS,6,LIVERMORE_50,THREE_TIER_WIDE,19.28,-16.68,-30.8,0.68,9.99,52.0,0.74,53.38,5.85,12.41,5.8,0.83,1.02,24.1,55.9
SW_0228,SW_0228: CLENOW_SMOOTH | 4Slots | CONSERVATI | ASYMMETRIC_R,CLENOW_SMOOTHNESS,4,CONSERVATIVE_25,ASYMMETRIC_RUNNER,19.25,-12.18,-23.1,0.6,7.4,36.9,0.68,42.14,27.76,34.32,27.8,0.89,1.28,16.8,58.9
SW_0611,SW_0611: SECTOR_LEAD_R | 3Slots | LIVERMORE_ | THREE_TIER_T,SECTOR_LEAD_RS,3,LIVERMORE_50,THREE_TIER_TIGHT,19.21,-10.91,-20.8,0.65,-1.25,-5.4,0.64,91.13,28.09,34.65,28.1,0.69,1.31,16.7,64.7
SW_0367,SW_0367: CLENOW_HIGH_C | 6Slots | CONSERVATI | THREE_TIER_W,CLENOW_HIGH_CONVICTION,6,CONSERVATIVE_25,THREE_TIER_WIDE,19.19,4.71,9.7,0.76,3.25,15.1,0.48,40.17,19.14,25.7,19.1,0.88,1.49,5.3,62.9
SW_0352,SW_0352: CLENOW_HIGH_C | 5Slots | LIVERMORE_ | THREE_TIER_W,CLENOW_HIGH_CONVICTION,5,LIVERMORE_50,THREE_TIER_WIDE,19.13,3.24,6.6,0.66,4.51,21.4,0.51,35.59,18.57,25.13,18.6,0.76,1.45,5.4,65.1
SW_0314,SW_0314: CLENOW_HIGH_C | 3Slots | LIVERMORE_ | REGIME_ADAPT,CLENOW_HIGH_CONVICTION,3,LIVERMORE_50,REGIME_ADAPTIVE,19.13,6.65,13.9,0.66,2.31,10.6,0.43,33.8,31.24,37.8,31.2,0.9,1.7,7.1,64.3
SW_0212,SW_0212: CLENOW_SMOOTH | 3Slots | LIVERMORE_ | THREE_TIER_W,CLENOW_SMOOTHNESS,3,LIVERMORE_50,THREE_TIER_WIDE,19.1,-19.16,-34.9,0.62,9.32,48.0,0.53,52.61,17.1,23.66,17.1,0.81,1.14,24.4,59.2
SW_0607,SW_0607: SECTOR_LEAD_R | 3Slots | CONSERVATI | THREE_TIER_W,SECTOR_LEAD_RS,3,CONSERVATIVE_25,THREE_TIER_WIDE,19.08,-24.39,-43.1,0.71,11.45,61.1,0.94,53.79,-0.47,6.09,-0.5,0.68,0.93,26.9,58.5
SW_0258,SW_0258: CLENOW_SMOOTH | 5Slots | AGGRESSIVE | ASYMMETRIC_R,CLENOW_SMOOTHNESS,5,AGGRESSIVE_75,ASYMMETRIC_RUNNER,19.08,-9.69,-18.6,0.59,4.83,23.1,0.8,55.7,25.32,31.88,25.3,0.87,1.29,15.7,58.9
SW_0491,SW_0491: MINERVINI_VCP | 8Slots | LIVERMORE_ | THREE_TIER_T,MINERVINI_VCP,8,LIVERMORE_50,THREE_TIER_TIGHT,19.06,-7.46,-14.5,0.7,8.97,45.9,1.2,47.93,2.93,9.49,2.9,1.15,1.0,12.5,46.7
SW_0225,SW_0225: CLENOW_SMOOTH | 4Slots | NONE | CHANDELIER_R,CLENOW_SMOOTHNESS,4,NONE,CHANDELIER_RUNNER,19.02,-7.79,-15.1,0.61,5.3,25.5,0.81,48.23,26.16,32.72,26.2,0.94,1.26,15.1,57.4
SW_0333,SW_0333: CLENOW_HIGH_C | 4Slots | LIVERMORE_ | ASYMMETRIC_R,CLENOW_HIGH_CONVICTION,4,LIVERMORE_50,ASYMMETRIC_RUNNER,19.0,-1.21,-2.4,0.51,4.91,23.5,0.54,41.63,24.58,31.15,24.6,0.76,1.54,8.9,67.2
SW_0642,SW_0642: SECTOR_LEAD_R | 5Slots | NONE | THREE_TIER_W,SECTOR_LEAD_RS,5,NONE,THREE_TIER_WIDE,18.99,-17.42,-32.0,0.79,8.08,40.8,0.65,53.39,23.84,30.41,23.8,0.87,1.27,19.9,59.0
SW_0390,SW_0390: CLENOW_HIGH_C | 8Slots | CONSERVATI | CHANDELIER_R,CLENOW_HIGH_CONVICTION,8,CONSERVATIVE_25,CHANDELIER_RUNNER,18.87,4.43,9.1,0.66,2.36,10.8,0.53,49.84,16.98,23.55,17.0,0.68,1.59,4.3,70.0
SW_0396,SW_0396: CLENOW_HIGH_C | 8Slots | AGGRESSIVE | THREE_TIER_T,CLENOW_HIGH_CONVICTION,8,AGGRESSIVE_75,THREE_TIER_TIGHT,18.87,4.19,8.6,0.73,2.69,12.4,0.62,44.29,19.31,25.87,19.3,0.99,1.63,4.3,62.5
SW_0951,SW_0951: MULTI_FACTOR_ | 5Slots | LIVERMORE_ | THREE_TIER_T,MULTI_FACTOR_APEX,5,LIVERMORE_50,THREE_TIER_TIGHT,18.85,-4.68,-9.2,0.91,5.26,25.3,1.05,40.66,22.78,29.34,22.8,0.96,1.2,19.2,54.8
SW_0369,SW_0369: CLENOW_HIGH_C | 6Slots | CONSERVATI | REGIME_ADAPT,CLENOW_HIGH_CONVICTION,6,CONSERVATIVE_25,REGIME_ADAPTIVE,18.84,6.26,13.0,0.79,2.17,9.9,0.49,42.99,16.26,22.82,16.3,0.91,1.41,5.2,61.0
SW_0512,SW_0512: OVERSOLD_SPRI | 3Slots | LIVERMORE_ | THREE_TIER_W,OVERSOLD_SPRINGBOARD,3,LIVERMORE_50,THREE_TIER_WIDE,18.81,-0.73,-1.5,0.78,8.63,43.9,1.37,21.37,18.95,25.52,18.9,1.08,1.44,11.1,59.5
SW_0346,SW_0346: CLENOW_HIGH_C | 5Slots | CONSERVATI | THREE_TIER_T,CLENOW_HIGH_CONVICTION,5,CONSERVATIVE_25,THREE_TIER_TIGHT,18.69,5.53,11.5,0.76,3.61,16.9,0.43,33.02,18.05,24.61,18.1,0.76,1.42,4.4,65.2
SW_0336,SW_0336: CLENOW_HIGH_C | 4Slots | AGGRESSIVE | THREE_TIER_T,CLENOW_HIGH_CONVICTION,4,AGGRESSIVE_75,THREE_TIER_TIGHT,18.64,2.93,6.0,0.72,5.46,26.4,0.56,23.32,27.1,33.66,27.1,0.83,1.68,5.9,67.2
SW_0321,SW_0321: CLENOW_HIGH_C | 4Slots | NONE | THREE_TIER_T,CLENOW_HIGH_CONVICTION,4,NONE,THREE_TIER_TIGHT,18.61,3.92,8.1,0.78,3.85,18.1,0.51,41.54,17.04,23.61,17.0,0.87,1.32,6.0,60.4
SW_0342,SW_0342: CLENOW_HIGH_C | 5Slots | NONE | THREE_TIER_W,CLENOW_HIGH_CONVICTION,5,NONE,THREE_TIER_WIDE,18.59,4.14,8.5,0.8,3.65,17.1,0.54,42.85,13.37,19.94,13.4,0.83,1.23,5.2,59.7
SW_0398,SW_0398: CLENOW_HIGH_C | 8Slots | AGGRESSIVE | ASYMMETRIC_R,CLENOW_HIGH_CONVICTION,8,AGGRESSIVE_75,ASYMMETRIC_RUNNER,18.57,5.47,11.3,0.71,1.8,8.2,0.56,43.92,20.54,27.1,20.5,0.92,1.8,3.6,66.2
SW_0621,SW_0621: SECTOR_LEAD_R | 4Slots | NONE | THREE_TIER_T,SECTOR_LEAD_RS,4,NONE,THREE_TIER_TIGHT,18.57,-24.69,-43.5,0.83,8.03,40.4,1.02,65.33,26.92,33.48,26.9,0.87,1.31,19.5,60.1
SW_0643,SW_0643: SECTOR_LEAD_R | 5Slots | NONE | ASYMMETRIC_R,SECTOR_LEAD_RS,5,NONE,ASYMMETRIC_RUNNER,18.55,-24.4,-43.1,0.76,10.08,52.5,0.66,56.94,16.89,23.45,16.9,0.79,1.14,21.4,58.4
SW_0371,SW_0371: CLENOW_HIGH_C | 6Slots | LIVERMORE_ | THREE_TIER_T,CLENOW_HIGH_CONVICTION,6,LIVERMORE_50,THREE_TIER_TIGHT,18.51,4.15,8.6,0.67,2.52,11.6,0.51,43.59,17.43,23.99,17.4,0.85,1.42,5.0,62.2
SW_0413,SW_0413: MINERVINI_VCP | 3Slots | LIVERMORE_ | ASYMMETRIC_R,MINERVINI_VCP,3,LIVERMORE_50,ASYMMETRIC_RUNNER,18.5,-2.34,-4.7,0.63,10.06,52.4,1.28,24.7,0.76,7.32,0.8,0.96,0.97,13.1,50.0
SW_0671,SW_0671: SECTOR_LEAD_R | 6Slots | LIVERMORE_ | THREE_TIER_T,SECTOR_LEAD_RS,6,LIVERMORE_50,THREE_TIER_TIGHT,18.5,-10.04,-19.2,0.98,6.64,32.6,0.69,55.16,8.26,14.83,8.3,0.72,1.04,22.7,59.1
SW_0948,SW_0948: MULTI_FACTOR_ | 5Slots | CONSERVATI | ASYMMETRIC_R,MULTI_FACTOR_APEX,5,CONSERVATIVE_25,ASYMMETRIC_RUNNER,18.45,-22.11,-39.6,0.69,12.19,65.9,1.01,41.02,10.52,17.09,10.5,0.91,1.07,16.5,54.6
SW_0324,SW_0324: CLENOW_HIGH_C | 4Slots | NONE | REGIME_ADAPT,CLENOW_HIGH_CONVICTION,4,NONE,REGIME_ADAPTIVE,18.3,6.7,14.0,0.8,3.13,14.5,0.56,38.53,14.13,20.69,14.1,0.93,1.26,7.3,57.6
SW_0599,SW_0599: OVERSOLD_SPRI | 8Slots | AGGRESSIVE | REGIME_ADAPT,OVERSOLD_SPRINGBOARD,8,AGGRESSIVE_75,REGIME_ADAPTIVE,18.29,-0.69,-1.4,1.12,3.02,14.0,1.49,49.52,14.41,20.98,14.4,1.28,1.21,13.7,48.2
SW_0941,SW_0941: MULTI_FACTOR_ | 5Slots | NONE | THREE_TIER_T,MULTI_FACTOR_APEX,5,NONE,THREE_TIER_TIGHT,18.24,-20.89,-37.7,0.83,13.65,75.5,0.99,25.97,13.02,19.59,13.0,0.91,1.06,17.8,54.3
SW_0435,SW_0435: MINERVINI_VCP | 4Slots | LIVERMORE_ | CHANDELIER_R,MINERVINI_VCP,4,LIVERMORE_50,CHANDELIER_RUNNER,18.2,-4.08,-8.1,0.55,6.31,30.9,1.05,50.96,4.09,10.65,4.1,1.02,1.06,14.9,48.0
SW_0673,SW_0673: SECTOR_LEAD_R | 6Slots | LIVERMORE_ | ASYMMETRIC_R,SECTOR_LEAD_RS,6,LIVERMORE_50,ASYMMETRIC_RUNNER,18.19,-19.72,-35.8,0.67,7.56,37.8,0.55,68.42,14.98,21.54,15.0,0.82,1.15,20.7,58.1
SW_0232,SW_0232: CLENOW_SMOOTH | 4Slots | LIVERMORE_ | THREE_TIER_W,CLENOW_SMOOTHNESS,4,LIVERMORE_50,THREE_TIER_WIDE,18.1,-11.49,-21.8,0.57,6.16,30.0,0.64,53.61,16.66,23.22,16.7,0.87,1.15,22.9,56.5
SW_0331,SW_0331: CLENOW_HIGH_C | 4Slots | LIVERMORE_ | THREE_TIER_T,CLENOW_HIGH_CONVICTION,4,LIVERMORE_50,THREE_TIER_TIGHT,18.07,1.86,3.8,0.69,5.22,25.1,0.56,25.14,24.76,31.32,24.8,0.77,1.61,7.5,67.2
SW_0999,SW_0999: MULTI_FACTOR_ | 8Slots | AGGRESSIVE | REGIME_ADAPT,MULTI_FACTOR_APEX,8,AGGRESSIVE_75,REGIME_ADAPTIVE,18.06,-18.35,-33.5,0.75,9.23,47.4,1.13,51.45,15.38,21.95,15.4,0.93,1.18,17.5,55.4
SW_0509,SW_0509: OVERSOLD_SPRI | 3Slots | CONSERVATI | REGIME_ADAPT,OVERSOLD_SPRINGBOARD,3,CONSERVATIVE_25,REGIME_ADAPTIVE,18.02,-11.11,-21.1,0.94,9.66,50.0,1.6,29.06,25.49,32.06,25.5,1.23,1.44,12.9,54.3
SW_0720,SW_0720: DONCHIAN_TURT | 3Slots | AGGRESSIVE | CHANDELIER_R,DONCHIAN_TURTLE,3,AGGRESSIVE_75,CHANDELIER_RUNNER,17.97,-11.92,-22.6,1.17,5.66,27.4,1.14,69.58,19.11,25.68,19.1,1.01,1.3,12.3,57.3
SW_0224,SW_0224: CLENOW_SMOOTH | 4Slots | NONE | REGIME_ADAPT,CLENOW_SMOOTHNESS,4,NONE,REGIME_ADAPTIVE,17.92,-10.61,-20.2,0.67,5.52,26.6,0.65,49.51,18.89,25.45,18.9,0.88,1.16,20.3,57.1
SW_0513,SW_0513: OVERSOLD_SPRI | 3Slots | LIVERMORE_ | ASYMMETRIC_R,OVERSOLD_SPRINGBOARD,3,LIVERMORE_50,ASYMMETRIC_RUNNER,17.87,-3.98,-7.9,0.93,6.5,31.9,1.83,47.06,14.48,21.04,14.5,1.1,1.4,10.6,57.5
SW_0222,SW_0222: CLENOW_SMOOTH | 4Slots | NONE | THREE_TIER_W,CLENOW_SMOOTHNESS,4,NONE,THREE_TIER_WIDE,17.86,-15.08,-28.1,0.73,6.69,33.0,0.71,55.15,18.64,25.21,18.6,0.89,1.15,20.8,56.6
SW_0397,SW_0397: CLENOW_HIGH_C | 8Slots | AGGRESSIVE | THREE_TIER_W,CLENOW_HIGH_CONVICTION,8,AGGRESSIVE_75,THREE_TIER_WIDE,17.86,4.66,9.6,0.75,2.35,10.8,0.6,39.23,20.02,26.58,20.0,0.96,1.68,4.4,64.6
SW_0283,SW_0283: CLENOW_SMOOTH | 8Slots | NONE | ASYMMETRIC_R,CLENOW_SMOOTHNESS,8,NONE,ASYMMETRIC_RUNNER,17.72,-9.79,-18.8,0.69,6.73,33.2,0.87,42.85,25.33,31.9,25.3,0.9,1.31,8.9,59.2
SW_0278,SW_0278: CLENOW_SMOOTH | 6Slots | AGGRESSIVE | ASYMMETRIC_R,CLENOW_SMOOTHNESS,6,AGGRESSIVE_75,ASYMMETRIC_RUNNER,17.68,-1.04,-2.1,0.73,0.14,0.6,0.76,52.67,32.84,39.41,32.8,0.9,1.37,12.2,60.3
SW_0545,SW_0545: OVERSOLD_SPRI | 5Slots | NONE | CHANDELIER_R,OVERSOLD_SPRINGBOARD,5,NONE,CHANDELIER_RUNNER,17.68,-12.74,-24.0,0.91,9.35,48.2,1.82,41.98,15.95,22.51,15.9,1.2,1.32,14.5,52.5
SW_0366,SW_0366: CLENOW_HIGH_C | 6Slots | CONSERVATI | THREE_TIER_T,CLENOW_HIGH_CONVICTION,6,CONSERVATIVE_25,THREE_TIER_TIGHT,17.67,4.76,9.8,0.76,2.89,13.4,0.47,35.86,18.6,25.16,18.6,0.83,1.49,4.3,64.4
SW_0437,SW_0437: MINERVINI_VCP | 4Slots | AGGRESSIVE | THREE_TIER_W,MINERVINI_VCP,4,AGGRESSIVE_75,THREE_TIER_WIDE,17.66,4.66,9.6,1.12,4.58,21.8,0.93,34.29,-0.63,5.94,-0.6,1.06,0.95,16.1,47.8
SW_0373,SW_0373: CLENOW_HIGH_C | 6Slots | LIVERMORE_ | ASYMMETRIC_R,CLENOW_HIGH_CONVICTION,6,LIVERMORE_50,ASYMMETRIC_RUNNER,17.59,3.88,8.0,0.61,2.38,10.9,0.48,40.42,18.96,25.52,19.0,0.83,1.5,4.8,63.8
SW_0265,SW_0265: CLENOW_SMOOTH | 6Slots | NONE | CHANDELIER_R,CLENOW_SMOOTHNESS,6,NONE,CHANDELIER_RUNNER,17.57,-6.61,-12.9,0.62,4.89,23.4,0.9,43.27,23.43,30.0,23.4,0.89,1.24,11.8,58.4
SW_0365,SW_0365: CLENOW_HIGH_C | 6Slots | NONE | CHANDELIER_R,CLENOW_HIGH_CONVICTION,6,NONE,CHANDELIER_RUNNER,17.55,4.16,8.6,0.73,4.05,19.1,0.54,38.06,13.4,19.96,13.4,0.73,1.29,5.5,63.8
SW_0677,SW_0677: SECTOR_LEAD_R | 6Slots | AGGRESSIVE | THREE_TIER_W,SECTOR_LEAD_RS,6,AGGRESSIVE_75,THREE_TIER_WIDE,17.51,-20.04,-36.3,0.63,10.63,55.9,0.87,36.67,21.73,28.29,21.7,0.82,1.24,19.5,59.5
SW_0368,SW_0368: CLENOW_HIGH_C | 6Slots | CONSERVATI | ASYMMETRIC_R,CLENOW_HIGH_CONVICTION,6,CONSERVATIVE_25,ASYMMETRIC_RUNNER,17.5,4.44,9.2,0.69,3.21,14.9,0.48,34.88,18.03,24.59,18.0,0.82,1.5,4.8,64.6
SW_0399,SW_0399: CLENOW_HIGH_C | 8Slots | AGGRESSIVE | REGIME_ADAPT,CLENOW_HIGH_CONVICTION,8,AGGRESSIVE_75,REGIME_ADAPTIVE,17.47,5.65,11.7,0.85,1.42,6.4,0.63,40.87,19.6,26.17,19.6,1.09,1.67,4.3,60.5
SW_0994,SW_0994: MULTI_FACTOR_ | 8Slots | LIVERMORE_ | REGIME_ADAPT,MULTI_FACTOR_APEX,8,LIVERMORE_50,REGIME_ADAPTIVE,17.46,-13.37,-25.1,0.84,9.37,48.3,0.93,38.49,13.46,20.03,13.5,1.01,1.15,17.3,54.2
SW_0279,SW_0279: CLENOW_SMOOTH | 6Slots | AGGRESSIVE | REGIME_ADAPT,CLENOW_SMOOTHNESS,6,AGGRESSIVE_75,REGIME_ADAPTIVE,17.45,-3.39,-6.7,0.72,-0.13,-0.6,0.77,72.77,18.22,24.78,18.2,0.82,1.18,13.0,59.5
SW_0691,SW_0691: SECTOR_LEAD_R | 8Slots | LIVERMORE_ | THREE_TIER_T,SECTOR_LEAD_RS,8,LIVERMORE_50,THREE_TIER_TIGHT,17.29,-17.56,-32.2,0.92,7.79,39.1,0.75,62.02,8.57,15.13,8.6,0.75,1.05,18.7,58.3
SW_0311,SW_0311: CLENOW_HIGH_C | 3Slots | LIVERMORE_ | THREE_TIER_T,CLENOW_HIGH_CONVICTION,3,LIVERMORE_50,THREE_TIER_TIGHT,17.29,-1.56,-3.1,0.52,5.23,25.1,0.4,32.0,26.85,33.41,26.9,0.78,1.56,7.5,67.3
SW_0526,SW_0526: OVERSOLD_SPRI | 4Slots | CONSERVATI | THREE_TIER_T,OVERSOLD_SPRINGBOARD,4,CONSERVATIVE_25,THREE_TIER_TIGHT,17.2,-11.83,-22.4,0.71,7.76,38.9,1.67,45.54,18.85,25.41,18.9,1.21,1.27,12.6,51.1
SW_0986,SW_0986: MULTI_FACTOR_ | 8Slots | CONSERVATI | THREE_TIER_T,MULTI_FACTOR_APEX,8,CONSERVATIVE_25,THREE_TIER_TIGHT,17.19,-12.65,-23.9,0.79,9.99,52.0,1.07,32.83,13.76,20.32,13.8,0.95,1.1,16.8,54.3
SW_0558,SW_0558: OVERSOLD_SPRI | 5Slots | AGGRESSIVE | ASYMMETRIC_R,OVERSOLD_SPRINGBOARD,5,AGGRESSIVE_75,ASYMMETRIC_RUNNER,17.18,-8.74,-16.8,0.88,9.26,47.6,1.46,40.47,8.17,14.74,8.2,1.1,1.09,10.7,51.9
SW_0456,SW_0456: MINERVINI_VCP | 5Slots | AGGRESSIVE | THREE_TIER_T,MINERVINI_VCP,5,AGGRESSIVE_75,THREE_TIER_TIGHT,17.1,-1.52,-3.0,0.66,7.86,39.5,1.09,32.8,-2.72,3.84,-2.7,1.2,0.92,18.3,46.2
SW_0393,SW_0393: CLENOW_HIGH_C | 8Slots | LIVERMORE_ | ASYMMETRIC_R,CLENOW_HIGH_CONVICTION,8,LIVERMORE_50,ASYMMETRIC_RUNNER,17.1,3.48,7.1,0.61,1.4,6.3,0.54,48.37,15.87,22.44,15.9,0.84,1.48,3.9,63.6
SW_0530,SW_0530: OVERSOLD_SPRI | 4Slots | CONSERVATI | CHANDELIER_R,OVERSOLD_SPRINGBOARD,4,CONSERVATIVE_25,CHANDELIER_RUNNER,17.08,-13.11,-24.7,0.84,8.41,42.6,2.42,54.74,11.54,18.1,11.5,0.86,1.13,12.6,57.8
SW_0213,SW_0213: CLENOW_SMOOTH | 3Slots | LIVERMORE_ | ASYMMETRIC_R,CLENOW_SMOOTHNESS,3,LIVERMORE_50,ASYMMETRIC_RUNNER,17.03,-21.03,-37.9,0.55,8.04,40.5,0.54,52.15,22.37,28.94,22.4,0.92,1.19,22.4,56.9
SW_0316,SW_0316: CLENOW_HIGH_C | 3Slots | AGGRESSIVE | THREE_TIER_T,CLENOW_HIGH_CONVICTION,3,AGGRESSIVE_75,THREE_TIER_TIGHT,16.99,3.57,7.3,0.63,3.17,14.7,0.42,22.25,29.76,36.33,29.8,0.8,1.64,7.9,66.7
SW_0387,SW_0387: CLENOW_HIGH_C | 8Slots | CONSERVATI | THREE_TIER_W,CLENOW_HIGH_CONVICTION,8,CONSERVATIVE_25,THREE_TIER_WIDE,16.99,4.11,8.5,0.76,1.18,5.3,0.46,47.36,16.07,22.63,16.1,0.8,1.51,4.9,65.4
SW_0392,SW_0392: CLENOW_HIGH_C | 8Slots | LIVERMORE_ | THREE_TIER_W,CLENOW_HIGH_CONVICTION,8,LIVERMORE_50,THREE_TIER_WIDE,16.98,3.46,7.1,0.66,1.45,6.6,0.53,44.99,18.22,24.78,18.2,0.89,1.57,4.8,63.7
SW_0523,SW_0523: OVERSOLD_SPRI | 4Slots | NONE | ASYMMETRIC_R,OVERSOLD_SPRINGBOARD,4,NONE,ASYMMETRIC_RUNNER,16.95,-8.36,-16.1,0.89,8.58,43.6,1.67,32.04,12.05,18.61,12.1,1.01,1.19,10.7,54.2
SW_0323,SW_0323: CLENOW_HIGH_C | 4Slots | NONE | ASYMMETRIC_R,CLENOW_HIGH_CONVICTION,4,NONE,ASYMMETRIC_RUNNER,16.89,3.1,6.3,0.7,3.13,14.5,0.43,39.09,18.01,24.57,18.0,0.79,1.35,7.0,63.0
SW_0428,SW_0428: MINERVINI_VCP | 4Slots | CONSERVATI | ASYMMETRIC_R,MINERVINI_VCP,4,CONSERVATIVE_25,ASYMMETRIC_RUNNER,16.88,-7.19,-14.0,0.62,9.77,50.7,1.14,38.08,-6.34,0.23,-6.3,1.07,0.82,18.1,44.4
SW_0947,SW_0947: MULTI_FACTOR_ | 5Slots | CONSERVATI | THREE_TIER_W,MULTI_FACTOR_APEX,5,CONSERVATIVE_25,THREE_TIER_WIDE,16.86,-26.29,-45.9,0.69,12.7,69.2,1.04,42.49,9.21,15.78,9.2,0.89,1.02,20.2,54.7
SW_0249,SW_0249: CLENOW_SMOOTH | 5Slots | CONSERVATI | REGIME_ADAPT,CLENOW_SMOOTHNESS,5,CONSERVATIVE_25,REGIME_ADAPTIVE,16.82,-3.01,-6.0,0.61,3.11,14.4,0.71,45.38,19.82,26.38,19.8,0.83,1.22,16.0,58.8
SW_0641,SW_0641: SECTOR_LEAD_R | 5Slots | NONE | THREE_TIER_T,SECTOR_LEAD_RS,5,NONE,THREE_TIER_TIGHT,16.75,-20.97,-37.8,0.86,6.02,29.3,0.76,66.2,25.71,32.27,25.7,0.92,1.28,20.2,57.9
SW_0926,SW_0926: MULTI_FACTOR_ | 4Slots | CONSERVATI | THREE_TIER_T,MULTI_FACTOR_APEX,4,CONSERVATIVE_25,THREE_TIER_TIGHT,16.7,-17.15,-31.6,0.75,10.22,53.4,0.97,31.4,13.13,19.69,13.1,0.92,1.07,18.2,53.8
SW_0343,SW_0343: CLENOW_HIGH_C | 5Slots | NONE | ASYMMETRIC_R,CLENOW_HIGH_CONVICTION,5,NONE,ASYMMETRIC_RUNNER,16.69,2.38,4.9,0.72,3.15,14.6,0.51,39.59,17.32,23.88,17.3,0.83,1.4,5.1,62.7
SW_0386,SW_0386: CLENOW_HIGH_C | 8Slots | CONSERVATI | THREE_TIER_T,CLENOW_HIGH_CONVICTION,8,CONSERVATIVE_25,THREE_TIER_TIGHT,16.68,4.16,8.6,0.76,1.48,6.7,0.49,45.88,13.36,19.92,13.4,0.77,1.38,4.8,64.2
SW_0272,SW_0272: CLENOW_SMOOTH | 6Slots | LIVERMORE_ | THREE_TIER_W,CLENOW_SMOOTHNESS,6,LIVERMORE_50,THREE_TIER_WIDE,16.66,-5.03,-9.9,0.67,0.6,2.6,0.77,63.4,22.48,29.04,22.5,0.89,1.22,13.6,57.6
SW_0344,SW_0344: CLENOW_HIGH_C | 5Slots | NONE | REGIME_ADAPT,CLENOW_HIGH_CONVICTION,5,NONE,REGIME_ADAPTIVE,16.52,5.64,11.7,0.82,3.11,14.4,0.62,33.05,11.69,18.25,11.7,0.92,1.22,5.3,56.9
SW_0983,SW_0983: MULTI_FACTOR_ | 8Slots | NONE | ASYMMETRIC_R,MULTI_FACTOR_APEX,8,NONE,ASYMMETRIC_RUNNER,16.52,-18.33,-33.5,0.83,11.89,63.9,0.97,24.8,17.63,24.2,17.6,0.91,1.15,16.7,55.7
SW_0979,SW_0979: MULTI_FACTOR_ | 6Slots | AGGRESSIVE | REGIME_ADAPT,MULTI_FACTOR_APEX,6,AGGRESSIVE_75,REGIME_ADAPTIVE,16.48,-19.16,-34.9,0.89,8.17,41.3,0.93,58.93,6.07,12.63,6.1,0.86,1.04,20.2,56.0
SW_0388,SW_0388: CLENOW_HIGH_C | 8Slots | CONSERVATI | ASYMMETRIC_R,CLENOW_HIGH_CONVICTION,8,CONSERVATIVE_25,ASYMMETRIC_RUNNER,16.41,3.89,8.0,0.69,1.11,5.0,0.46,46.09,16.24,22.81,16.2,0.78,1.57,4.0,66.7
SW_0276,SW_0276: CLENOW_SMOOTH | 6Slots | AGGRESSIVE | THREE_TIER_T,CLENOW_SMOOTHNESS,6,AGGRESSIVE_75,THREE_TIER_TIGHT,16.32,-5.56,-10.9,0.65,0.07,0.3,0.71,64.14,25.89,32.45,25.9,0.89,1.27,13.7,58.6
SW_0394,SW_0394: CLENOW_HIGH_C | 8Slots | LIVERMORE_ | REGIME_ADAPT,CLENOW_HIGH_CONVICTION,8,LIVERMORE_50,REGIME_ADAPTIVE,16.31,5.76,12.0,0.81,0.65,2.9,0.57,40.51,16.97,23.54,17.0,1.0,1.55,4.5,61.0
SW_0273,SW_0273: CLENOW_SMOOTH | 6Slots | LIVERMORE_ | ASYMMETRIC_R,CLENOW_SMOOTHNESS,6,LIVERMORE_50,ASYMMETRIC_RUNNER,16.27,-6.23,-12.2,0.64,-0.4,-1.8,0.78,60.92,35.57,42.13,35.6,0.93,1.4,12.6,60.2
SW_0508,SW_0508: OVERSOLD_SPRI | 3Slots | CONSERVATI | ASYMMETRIC_R,OVERSOLD_SPRINGBOARD,3,CONSERVATIVE_25,ASYMMETRIC_RUNNER,16.17,-5.29,-10.4,0.86,6.08,29.6,1.87,34.04,20.65,27.21,20.6,1.29,1.4,11.1,52.3
SW_0315,SW_0315: CLENOW_HIGH_C | 3Slots | LIVERMORE_ | CHANDELIER_R,CLENOW_HIGH_CONVICTION,3,LIVERMORE_50,CHANDELIER_RUNNER,16.09,-1.34,-2.7,0.47,2.47,11.3,0.33,42.88,26.75,33.31,26.8,0.7,1.55,7.4,68.2
SW_0427,SW_0427: MINERVINI_VCP | 4Slots | CONSERVATI | THREE_TIER_W,MINERVINI_VCP,4,CONSERVATIVE_25,THREE_TIER_WIDE,15.99,-6.93,-13.5,0.77,8.43,42.8,1.01,37.59,-4.64,1.92,-4.6,1.1,0.89,17.1,45.2
SW_0433,SW_0433: MINERVINI_VCP | 4Slots | LIVERMORE_ | ASYMMETRIC_R,MINERVINI_VCP,4,LIVERMORE_50,ASYMMETRIC_RUNNER,15.98,-4.41,-8.7,0.79,6.08,29.6,1.04,39.99,7.24,13.81,7.2,1.23,1.11,14.4,46.2
SW_0588,SW_0588: OVERSOLD_SPRI | 8Slots | CONSERVATI | ASYMMETRIC_R,OVERSOLD_SPRINGBOARD,8,CONSERVATIVE_25,ASYMMETRIC_RUNNER,15.98,-4.73,-9.3,1.07,4.36,20.6,1.55,40.95,21.68,28.24,21.7,1.16,1.39,11.4,54.6
SW_0341,SW_0341: CLENOW_HIGH_C | 5Slots | NONE | THREE_TIER_T,CLENOW_HIGH_CONVICTION,5,NONE,THREE_TIER_TIGHT,15.88,3.59,7.4,0.78,3.37,15.7,0.56,32.78,14.65,21.22,14.7,0.89,1.29,4.5,59.0
SW_0389,SW_0389: CLENOW_HIGH_C | 8Slots | CONSERVATI | REGIME_ADAPT,CLENOW_HIGH_CONVICTION,8,CONSERVATIVE_25,REGIME_ADAPTIVE,15.87,5.26,10.9,0.79,0.36,1.6,0.47,44.27,14.81,21.38,14.8,0.86,1.48,4.8,63.4
SW_0208,SW_0208: CLENOW_SMOOTH | 3Slots | CONSERVATI | ASYMMETRIC_R,CLENOW_SMOOTHNESS,3,CONSERVATIVE_25,ASYMMETRIC_RUNNER,15.8,-21.06,-37.9,0.63,6.58,32.3,0.72,43.98,38.5,45.06,38.5,0.93,1.36,19.9,59.3
SW_0362,SW_0362: CLENOW_HIGH_C | 6Slots | NONE | THREE_TIER_W,CLENOW_HIGH_CONVICTION,6,NONE,THREE_TIER_WIDE,15.79,3.81,7.8,0.8,2.35,10.8,0.54,39.91,11.56,18.12,11.6,0.81,1.21,5.5,59.7
SW_0266,SW_0266: CLENOW_SMOOTH | 6Slots | CONSERVATI | THREE_TIER_T,CLENOW_SMOOTHNESS,6,CONSERVATIVE_25,THREE_TIER_TIGHT,15.76,-4.41,-8.7,0.73,2.85,13.2,0.75,45.63,17.34,23.9,17.3,0.88,1.15,14.1,56.7
SW_0203,SW_0203: CLENOW_SMOOTH | 3Slots | NONE | ASYMMETRIC_R,CLENOW_SMOOTHNESS,3,NONE,ASYMMETRIC_RUNNER,15.58,-20.08,-36.4,0.64,6.63,32.6,0.76,50.82,27.74,34.3,27.7,0.95,1.24,22.8,56.9
SW_0319,SW_0319: CLENOW_HIGH_C | 3Slots | AGGRESSIVE | REGIME_ADAPT,CLENOW_HIGH_CONVICTION,3,AGGRESSIVE_75,REGIME_ADAPTIVE,15.52,4.71,9.7,0.7,-0.88,-3.8,0.48,30.62,34.24,40.81,34.2,0.93,1.74,7.1,64.9
SW_0434,SW_0434: MINERVINI_VCP | 4Slots | LIVERMORE_ | REGIME_ADAPT,MINERVINI_VCP,4,LIVERMORE_50,REGIME_ADAPTIVE,15.47,0.29,0.6,0.86,4.48,21.2,1.06,48.2,-12.78,-6.22,-12.8,1.01,0.74,18.5,43.3
SW_0251,SW_0251: CLENOW_SMOOTH | 5Slots | LIVERMORE_ | THREE_TIER_T,CLENOW_SMOOTHNESS,5,LIVERMORE_50,THREE_TIER_TIGHT,15.45,-9.45,-18.1,0.58,6.22,30.4,0.75,40.14,10.51,17.08,10.5,0.81,1.08,19.8,57.9
SW_0271,SW_0271: CLENOW_SMOOTH | 6Slots | LIVERMORE_ | THREE_TIER_T,CLENOW_SMOOTHNESS,6,LIVERMORE_50,THREE_TIER_TIGHT,15.45,-4.96,-9.8,0.69,1.09,4.9,0.85,58.03,16.44,23.0,16.4,0.86,1.14,14.8,57.0
SW_0949,SW_0949: MULTI_FACTOR_ | 5Slots | CONSERVATI | REGIME_ADAPT,MULTI_FACTOR_APEX,5,CONSERVATIVE_25,REGIME_ADAPTIVE,15.38,-20.53,-37.1,0.7,9.2,47.2,0.89,42.0,14.01,20.58,14.0,0.9,1.1,18.2,55.0
SW_0223,SW_0223: CLENOW_SMOOTH | 4Slots | NONE | ASYMMETRIC_R,CLENOW_SMOOTHNESS,4,NONE,ASYMMETRIC_RUNNER,15.36,-17.99,-33.0,0.65,6.02,29.3,0.72,45.61,27.16,33.72,27.2,0.98,1.27,15.6,56.4
SW_0382,SW_0382: CLENOW_HIGH_C | 8Slots | NONE | THREE_TIER_W,CLENOW_HIGH_CONVICTION,8,NONE,THREE_TIER_WIDE,15.27,3.44,7.1,0.8,1.82,8.2,0.58,42.11,11.71,18.28,11.7,0.83,1.29,5.0,60.8
SW_0468,SW_0468: MINERVINI_VCP | 6Slots | CONSERVATI | ASYMMETRIC_R,MINERVINI_VCP,6,CONSERVATIVE_25,ASYMMETRIC_RUNNER,15.25,-3.5,-6.9,0.82,5.48,26.5,1.18,41.76,4.81,11.37,4.8,1.16,1.04,16.4,47.5
SW_0236,SW_0236: CLENOW_SMOOTH | 4Slots | AGGRESSIVE | THREE_TIER_T,CLENOW_SMOOTHNESS,4,AGGRESSIVE_75,THREE_TIER_TIGHT,15.2,-10.9,-20.8,0.59,4.89,23.4,0.74,39.51,29.48,36.04,29.5,0.88,1.27,16.4,59.0
SW_0946,SW_0946: MULTI_FACTOR_ | 5Slots | CONSERVATI | THREE_TIER_T,MULTI_FACTOR_APEX,5,CONSERVATIVE_25,THREE_TIER_TIGHT,15.17,-18.34,-33.5,0.74,10.47,54.9,0.85,39.27,-1.84,4.73,-1.8,0.92,0.91,19.1,50.9
SW_0644,SW_0644: SECTOR_LEAD_R | 5Slots | NONE | REGIME_ADAPT,SECTOR_LEAD_RS,5,NONE,REGIME_ADAPTIVE,15.15,-21.56,-38.7,0.8,6.67,32.9,0.64,56.44,20.42,26.99,20.4,0.86,1.21,19.8,58.3
SW_0269,SW_0269: CLENOW_SMOOTH | 6Slots | CONSERVATI | REGIME_ADAPT,CLENOW_SMOOTHNESS,6,CONSERVATIVE_25,REGIME_ADAPTIVE,15.03,-6.46,-12.6,0.68,2.17,9.9,0.72,55.75,15.74,22.31,15.7,0.79,1.14,12.3,59.0
SW_0944,SW_0944: MULTI_FACTOR_ | 5Slots | NONE | REGIME_ADAPT,MULTI_FACTOR_APEX,5,NONE,REGIME_ADAPTIVE,15.02,-20.5,-37.0,0.85,9.56,49.4,0.98,32.53,22.41,28.97,22.4,0.96,1.21,18.4,56.0
SW_0385,SW_0385: CLENOW_HIGH_C | 8Slots | NONE | CHANDELIER_R,CLENOW_HIGH_CONVICTION,8,NONE,CHANDELIER_RUNNER,15.01,3.71,7.6,0.73,1.87,8.5,0.57,41.91,11.37,17.93,11.4,0.71,1.28,4.4,64.1
SW_0490,SW_0490: MINERVINI_VCP | 8Slots | CONSERVATI | CHANDELIER_R,MINERVINI_VCP,8,CONSERVATIVE_25,CHANDELIER_RUNNER,14.95,-4.08,-8.1,0.71,6.91,34.1,1.01,33.03,1.08,7.64,1.1,1.18,0.98,16.5,45.5
SW_0364,SW_0364: CLENOW_HIGH_C | 6Slots | NONE | REGIME_ADAPT,CLENOW_HIGH_CONVICTION,6,NONE,REGIME_ADAPTIVE,14.89,4.95,10.2,0.82,1.88,8.6,0.62,35.66,10.92,17.49,10.9,0.92,1.23,5.7,57.1
SW_0215,SW_0215: CLENOW_SMOOTH | 3Slots | LIVERMORE_ | CHANDELIER_R,CLENOW_SMOOTHNESS,3,LIVERMORE_50,CHANDELIER_RUNNER,14.88,-13.67,-25.6,0.51,4.81,22.9,0.4,46.62,24.7,31.26,24.7,0.77,1.24,19.6,60.6
SW_0903,SW_0903: MULTI_FACTOR_ | 3Slots | NONE | ASYMMETRIC_R,MULTI_FACTOR_APEX,3,NONE,ASYMMETRIC_RUNNER,14.88,-30.06,14.5,0.84,2.12,9.7,1.08,8.43,26.1,32.67,26.1,0.96,1.21,16.8,55.6
SW_0443,SW_0443: MINERVINI_VCP | 5Slots | NONE | ASYMMETRIC_R,MINERVINI_VCP,5,NONE,ASYMMETRIC_RUNNER,14.79,2.59,5.3,0.96,3.44,16.0,1.09,42.49,-5.97,0.59,-6.0,1.06,0.82,16.1,44.2
SW_0274,SW_0274: CLENOW_SMOOTH | 6Slots | LIVERMORE_ | REGIME_ADAPT,CLENOW_SMOOTHNESS,6,LIVERMORE_50,REGIME_ADAPTIVE,14.75,-5.79,-11.3,0.66,-0.69,-3.0,0.61,61.99,24.24,30.8,24.2,0.83,1.25,13.4,60.3
SW_0254,SW_0254: CLENOW_SMOOTH | 5Slots | LIVERMORE_ | REGIME_ADAPT,CLENOW_SMOOTHNESS,5,LIVERMORE_50,REGIME_ADAPTIVE,14.72,-4.09,-8.1,0.6,0.08,0.3,0.58,49.31,24.67,31.24,24.7,0.88,1.31,17.7,59.1
SW_0598,SW_0598: OVERSOLD_SPRI | 8Slots | AGGRESSIVE | ASYMMETRIC_R,OVERSOLD_SPRINGBOARD,8,AGGRESSIVE_75,ASYMMETRIC_RUNNER,14.71,-3.31,-6.6,0.99,1.91,8.7,1.39,41.34,26.65,33.22,26.6,1.3,1.5,13.3,53.8
SW_0206,SW_0206: CLENOW_SMOOTH | 3Slots | CONSERVATI | THREE_TIER_T,CLENOW_SMOOTHNESS,3,CONSERVATIVE_25,THREE_TIER_TIGHT,14.59,-12.92,-24.3,0.76,5.69,27.5,0.85,39.33,16.61,23.18,16.6,0.89,1.11,25.3,55.8
SW_0233,SW_0233: CLENOW_SMOOTH | 4Slots | LIVERMORE_ | ASYMMETRIC_R,CLENOW_SMOOTHNESS,4,LIVERMORE_50,ASYMMETRIC_RUNNER,14.59,-13.67,-25.6,0.56,4.28,20.2,0.62,45.29,26.33,32.89,26.3,0.95,1.24,17.1,56.4
SW_0423,SW_0423: MINERVINI_VCP | 4Slots | NONE | ASYMMETRIC_R,MINERVINI_VCP,4,NONE,ASYMMETRIC_RUNNER,14.54,-2.01,-4.0,0.73,5.07,24.3,1.03,41.2,-4.27,2.3,-4.3,1.01,0.84,14.4,45.7
SW_0231,SW_0231: CLENOW_SMOOTH | 4Slots | LIVERMORE_ | THREE_TIER_T,CLENOW_SMOOTHNESS,4,LIVERMORE_50,THREE_TIER_TIGHT,14.45,-12.35,-23.4,0.59,4.79,22.9,0.67,41.34,25.13,31.69,25.1,0.82,1.22,16.6,60.0
SW_0436,SW_0436: MINERVINI_VCP | 4Slots | AGGRESSIVE | THREE_TIER_T,MINERVINI_VCP,4,AGGRESSIVE_75,THREE_TIER_TIGHT,14.43,4.28,8.8,0.98,1.64,7.4,0.74,35.88,4.69,11.25,4.7,1.13,1.06,17.2,50.0
SW_0563,SW_0563: OVERSOLD_SPRI | 6Slots | NONE | ASYMMETRIC_R,OVERSOLD_SPRINGBOARD,6,NONE,ASYMMETRIC_RUNNER,14.35,-5.05,-9.9,1.09,4.42,21.0,1.63,32.35,20.77,27.33,20.8,1.25,1.4,9.7,52.7
SW_0908,SW_0908: MULTI_FACTOR_ | 3Slots | CONSERVATI | ASYMMETRIC_R,MULTI_FACTOR_APEX,3,CONSERVATIVE_25,ASYMMETRIC_RUNNER,14.33,-10.33,-19.7,0.77,7.84,39.4,1.04,30.18,11.17,17.73,11.2,0.95,1.03,24.5,52.9
SW_0214,SW_0214: CLENOW_SMOOTH | 3Slots | LIVERMORE_ | REGIME_ADAPT,CLENOW_SMOOTHNESS,3,LIVERMORE_50,REGIME_ADAPTIVE,14.17,-13.85,-26.0,0.71,3.83,18.0,0.54,50.25,20.16,26.72,20.2,0.84,1.22,25.8,60.8
SW_0384,SW_0384: CLENOW_HIGH_C | 8Slots | NONE | REGIME_ADAPT,CLENOW_HIGH_CONVICTION,8,NONE,REGIME_ADAPTIVE,14.16,4.29,8.8,0.82,1.44,6.5,0.65,37.35,10.8,17.37,10.8,0.93,1.28,4.9,57.9
SW_0681,SW_0681: SECTOR_LEAD_R | 8Slots | NONE | THREE_TIER_T,SECTOR_LEAD_RS,8,NONE,THREE_TIER_TIGHT,14.13,-20.04,-36.3,0.95,7.64,38.2,0.86,54.0,12.01,18.57,12.0,0.88,1.09,17.9,55.4
SW_0242,SW_0242: CLENOW_SMOOTH | 5Slots | NONE | THREE_TIER_W,CLENOW_SMOOTHNESS,5,NONE,THREE_TIER_WIDE,14.07,-10.54,-20.1,0.73,5.01,24.0,0.77,37.98,17.82,24.38,17.8,0.94,1.17,14.1,55.6
SW_0391,SW_0391: CLENOW_HIGH_C | 8Slots | LIVERMORE_ | THREE_TIER_T,CLENOW_HIGH_CONVICTION,8,LIVERMORE_50,THREE_TIER_TIGHT,14.06,3.71,7.6,0.67,-0.12,-0.5,0.47,39.44,17.07,23.63,17.1,0.94,1.51,5.0,61.4
SW_0412,SW_0412: MINERVINI_VCP | 3Slots | LIVERMORE_ | THREE_TIER_W,MINERVINI_VCP,3,LIVERMORE_50,THREE_TIER_WIDE,14.03,-0.1,-0.2,0.72,3.64,17.0,0.83,35.34,-5.12,1.45,-5.1,0.92,0.85,22.4,45.1
SW_0361,SW_0361: CLENOW_HIGH_C | 6Slots | NONE | THREE_TIER_T,CLENOW_HIGH_CONVICTION,6,NONE,THREE_TIER_TIGHT,13.97,3.4,7.0,0.78,2.12,9.7,0.56,33.3,12.9,19.46,12.9,0.88,1.27,4.4,59.1
SW_0221,SW_0221: CLENOW_SMOOTH | 4Slots | NONE | THREE_TIER_T,CLENOW_SMOOTHNESS,4,NONE,THREE_TIER_TIGHT,13.93,-17.58,-32.3,0.74,4.42,20.9,0.76,49.69,27.35,33.91,27.4,0.91,1.25,16.3,57.8
SW_0613,SW_0613: SECTOR_LEAD_R | 3Slots | LIVERMORE_ | ASYMMETRIC_R,SECTOR_LEAD_RS,3,LIVERMORE_50,ASYMMETRIC_RUNNER,13.9,-9.4,-18.1,0.56,-1.0,-4.3,0.56,56.98,30.95,37.52,30.9,0.78,1.32,18.6,61.7
SW_0267,SW_0267: CLENOW_SMOOTH | 6Slots | CONSERVATI | THREE_TIER_W,CLENOW_SMOOTHNESS,6,CONSERVATIVE_25,THREE_TIER_WIDE,13.88,-4.23,-8.3,0.7,0.52,2.3,0.74,45.38,21.53,28.09,21.5,0.87,1.21,12.9,58.2
SW_0568,SW_0568: OVERSOLD_SPRI | 6Slots | CONSERVATI | ASYMMETRIC_R,OVERSOLD_SPRINGBOARD,6,CONSERVATIVE_25,ASYMMETRIC_RUNNER,13.86,-4.08,-8.1,1.05,3.75,17.6,1.4,36.24,19.14,25.71,19.1,1.23,1.31,11.1,51.8
SW_0229,SW_0229: CLENOW_SMOOTH | 4Slots | CONSERVATI | REGIME_ADAPT,CLENOW_SMOOTHNESS,4,CONSERVATIVE_25,REGIME_ADAPTIVE,13.86,-4.71,-9.3,0.67,1.22,5.5,0.67,41.86,20.56,27.13,20.6,0.78,1.21,16.0,60.6
SW_0246,SW_0246: CLENOW_SMOOTH | 5Slots | CONSERVATI | THREE_TIER_T,CLENOW_SMOOTHNESS,5,CONSERVATIVE_25,THREE_TIER_TIGHT,13.86,-4.94,-9.7,0.66,1.83,8.3,0.72,36.96,24.65,31.22,24.6,0.87,1.24,16.0,58.6
SW_0932,SW_0932: MULTI_FACTOR_ | 4Slots | LIVERMORE_ | THREE_TIER_W,MULTI_FACTOR_APEX,4,LIVERMORE_50,THREE_TIER_WIDE,13.75,-4.86,-9.6,0.77,2.56,11.8,0.88,13.79,43.84,50.4,43.8,1.05,1.46,12.8,57.1
SW_0262,SW_0262: CLENOW_SMOOTH | 6Slots | NONE | THREE_TIER_W,CLENOW_SMOOTHNESS,6,NONE,THREE_TIER_WIDE,13.59,-7.86,-15.2,0.69,1.67,7.6,0.75,46.69,23.38,29.95,23.4,0.93,1.24,11.9,57.2
SW_0453,SW_0453: MINERVINI_VCP | 5Slots | LIVERMORE_ | ASYMMETRIC_R,MINERVINI_VCP,5,LIVERMORE_50,ASYMMETRIC_RUNNER,13.55,-5.82,-11.4,0.74,4.69,22.3,1.21,49.67,0.2,6.76,0.2,1.11,0.96,17.9,46.1
SW_0451,SW_0451: MINERVINI_VCP | 5Slots | LIVERMORE_ | THREE_TIER_T,MINERVINI_VCP,5,LIVERMORE_50,THREE_TIER_TIGHT,13.53,-3.84,-7.6,0.69,4.61,21.9,0.95,43.23,-1.19,5.37,-1.2,1.09,0.95,17.4,47.3
SW_0211,SW_0211: CLENOW_SMOOTH | 3Slots | LIVERMORE_ | THREE_TIER_T,CLENOW_SMOOTHNESS,3,LIVERMORE_50,THREE_TIER_TIGHT,13.51,-20.02,-36.3,0.68,6.76,33.4,0.69,44.31,17.8,24.37,17.8,0.9,1.14,21.2,56.1
SW_0683,SW_0683: SECTOR_LEAD_R | 8Slots | NONE | ASYMMETRIC_R,SECTOR_LEAD_RS,8,NONE,ASYMMETRIC_RUNNER,13.46,-19.34,-35.2,0.91,7.17,35.6,0.69,50.76,11.8,18.36,11.8,0.81,1.11,18.6,57.9
SW_0580,SW_0580: OVERSOLD_SPRI | 6Slots | AGGRESSIVE | CHANDELIER_R,OVERSOLD_SPRINGBOARD,6,AGGRESSIVE_75,CHANDELIER_RUNNER,13.44,-12.84,-24.2,0.76,5.06,24.2,1.62,50.39,17.85,24.41,17.9,1.05,1.37,12.7,57.1
SW_0503,SW_0503: OVERSOLD_SPRI | 3Slots | NONE | ASYMMETRIC_R,OVERSOLD_SPRINGBOARD,3,NONE,ASYMMETRIC_RUNNER,13.34,-8.4,-16.2,0.79,5.61,27.1,1.79,32.92,17.62,24.19,17.6,1.07,1.26,11.5,54.2
SW_0493,SW_0493: MINERVINI_VCP | 8Slots | LIVERMORE_ | ASYMMETRIC_R,MINERVINI_VCP,8,LIVERMORE_50,ASYMMETRIC_RUNNER,13.28,-3.49,-6.9,0.75,3.79,17.8,1.14,44.2,4.06,10.63,4.1,1.19,1.02,13.3,45.9
SW_0667,SW_0667: SECTOR_LEAD_R | 6Slots | CONSERVATI | THREE_TIER_W,SECTOR_LEAD_RS,6,CONSERVATIVE_25,THREE_TIER_WIDE,13.24,-21.17,-38.1,0.73,6.31,30.9,0.63,53.47,17.29,23.85,17.3,0.82,1.19,22.8,58.7
SW_0982,SW_0982: MULTI_FACTOR_ | 8Slots | NONE | THREE_TIER_W,MULTI_FACTOR_APEX,8,NONE,THREE_TIER_WIDE,13.2,-17.26,-31.8,0.84,9.36,48.2,1.05,26.74,17.96,24.52,18.0,0.92,1.15,17.2,55.4
SW_0663,SW_0663: SECTOR_LEAD_R | 6Slots | NONE | ASYMMETRIC_R,SECTOR_LEAD_RS,6,NONE,ASYMMETRIC_RUNNER,13.15,-25.68,-45.0,0.78,8.4,42.6,0.65,52.05,11.97,18.53,12.0,0.79,1.1,21.1,58.2
SW_0244,SW_0244: CLENOW_SMOOTH | 5Slots | NONE | REGIME_ADAPT,CLENOW_SMOOTHNESS,5,NONE,REGIME_ADAPTIVE,13.15,-9.53,-18.3,0.7,3.98,18.7,0.74,41.23,14.71,21.27,14.7,0.9,1.15,16.2,55.8
SW_0557,SW_0557: OVERSOLD_SPRI | 5Slots | AGGRESSIVE | THREE_TIER_W,OVERSOLD_SPRINGBOARD,5,AGGRESSIVE_75,THREE_TIER_WIDE,13.09,-8.16,-15.8,0.68,5.08,24.3,1.03,43.38,11.1,17.66,11.1,1.07,1.17,10.4,52.2
SW_0381,SW_0381: CLENOW_HIGH_C | 8Slots | NONE | THREE_TIER_T,CLENOW_HIGH_CONVICTION,8,NONE,THREE_TIER_TIGHT,13.07,3.13,6.4,0.78,1.48,6.7,0.59,34.13,11.58,18.14,11.6,0.9,1.28,4.9,58.7
SW_0938,SW_0938: MULTI_FACTOR_ | 4Slots | AGGRESSIVE | ASYMMETRIC_R,MULTI_FACTOR_APEX,4,AGGRESSIVE_75,ASYMMETRIC_RUNNER,13.04,-13.5,-25.4,0.87,3.72,17.4,0.82,30.29,37.64,44.2,37.6,1.07,1.39,14.0,56.8
SW_0961,SW_0961: MULTI_FACTOR_ | 6Slots | NONE | THREE_TIER_T,MULTI_FACTOR_APEX,6,NONE,THREE_TIER_TIGHT,12.99,-22.32,-39.9,0.87,10.88,57.5,1.0,29.82,10.79,17.36,10.8,0.92,1.04,19.3,53.5
SW_0488,SW_0488: MINERVINI_VCP | 8Slots | CONSERVATI | ASYMMETRIC_R,MINERVINI_VCP,8,CONSERVATIVE_25,ASYMMETRIC_RUNNER,12.96,-4.84,-9.5,0.72,3.86,18.1,1.15,45.19,5.95,12.51,6.0,1.29,1.06,12.8,45.4
SW_0600,SW_0600: OVERSOLD_SPRI | 8Slots | AGGRESSIVE | CHANDELIER_R,OVERSOLD_SPRINGBOARD,8,AGGRESSIVE_75,CHANDELIER_RUNNER,12.94,-9.67,-18.5,0.91,4.12,19.4,1.16,51.57,11.26,17.82,11.3,1.1,1.2,14.0,52.1
SW_0403,SW_0403: MINERVINI_VCP | 3Slots | NONE | ASYMMETRIC_R,MINERVINI_VCP,3,NONE,ASYMMETRIC_RUNNER,12.93,-2.94,-5.8,0.79,4.29,20.3,1.21,37.74,-4.04,2.53,-4.0,1.11,0.85,19.3,43.5
SW_0268,SW_0268: CLENOW_SMOOTH | 6Slots | CONSERVATI | ASYMMETRIC_R,CLENOW_SMOOTHNESS,6,CONSERVATIVE_25,ASYMMETRIC_RUNNER,12.93,-5.26,-10.3,0.65,-0.67,-2.9,0.71,43.51,32.93,39.49,32.9,0.89,1.38,12.8,60.7
SW_0583,SW_0583: OVERSOLD_SPRI | 8Slots | NONE | ASYMMETRIC_R,OVERSOLD_SPRINGBOARD,8,NONE,ASYMMETRIC_RUNNER,12.91,1.94,4.0,1.04,0.69,3.1,1.48,31.41,18.61,25.17,18.6,1.26,1.33,10.0,51.2
SW_0510,SW_0510: OVERSOLD_SPRI | 3Slots | CONSERVATI | CHANDELIER_R,OVERSOLD_SPRINGBOARD,3,CONSERVATIVE_25,CHANDELIER_RUNNER,12.91,-9.57,-18.4,0.77,5.01,24.0,2.32,41.12,24.73,31.29,24.7,1.04,1.37,14.3,57.7
SW_0452,SW_0452: MINERVINI_VCP | 5Slots | LIVERMORE_ | THREE_TIER_W,MINERVINI_VCP,5,LIVERMORE_50,THREE_TIER_WIDE,12.8,-1.63,-3.3,0.86,2.72,12.5,0.79,46.5,-3.75,2.81,-3.8,1.04,0.89,12.6,47.6
SW_0546,SW_0546: OVERSOLD_SPRI | 5Slots | CONSERVATI | THREE_TIER_T,OVERSOLD_SPRINGBOARD,5,CONSERVATIVE_25,THREE_TIER_TIGHT,12.77,-10.74,-20.5,0.86,5.25,25.2,1.39,37.2,22.09,28.66,22.1,1.3,1.31,12.3,50.3
SW_0383,SW_0383: CLENOW_HIGH_C | 8Slots | NONE | ASYMMETRIC_R,CLENOW_HIGH_CONVICTION,8,NONE,ASYMMETRIC_RUNNER,12.73,2.37,4.8,0.72,1.48,6.7,0.56,34.29,13.04,19.6,13.0,0.81,1.38,4.1,62.9
SW_0585,SW_0585: OVERSOLD_SPRI | 8Slots | NONE | CHANDELIER_R,OVERSOLD_SPRINGBOARD,8,NONE,CHANDELIER_RUNNER,12.71,-8.23,-15.9,0.83,5.51,26.6,1.39,39.12,9.41,15.97,9.4,1.17,1.16,14.6,49.7
SW_0579,SW_0579: OVERSOLD_SPRI | 6Slots | AGGRESSIVE | REGIME_ADAPT,OVERSOLD_SPRINGBOARD,6,AGGRESSIVE_75,REGIME_ADAPTIVE,12.63,-1.99,-4.0,1.21,-0.18,-0.8,1.47,47.45,9.63,16.19,9.6,1.22,1.15,13.1,49.3
SW_0504,SW_0504: OVERSOLD_SPRI | 3Slots | NONE | REGIME_ADAPT,OVERSOLD_SPRINGBOARD,3,NONE,REGIME_ADAPTIVE,12.61,-7.82,-15.1,1.02,4.22,20.0,1.48,29.55,23.4,29.96,23.4,1.25,1.35,14.0,52.0
SW_0439,SW_0439: MINERVINI_VCP | 4Slots | AGGRESSIVE | REGIME_ADAPT,MINERVINI_VCP,4,AGGRESSIVE_75,REGIME_ADAPTIVE,12.5,-2.55,-5.1,0.87,2.88,13.3,0.99,40.48,-0.91,5.65,-0.9,0.97,0.94,14.9,48.8
SW_0861,SW_0861: RANGE_EXPANSI | 6Slots | NONE | THREE_TIER_T,RANGE_EXPANSION_BURST,6,NONE,THREE_TIER_TIGHT,12.45,-31.43,14.5,0.79,0.99,4.4,1.22,36.61,-12.94,-6.37,-12.9,1.05,0.83,21.0,44.5
SW_0442,SW_0442: MINERVINI_VCP | 5Slots | NONE | THREE_TIER_W,MINERVINI_VCP,5,NONE,THREE_TIER_WIDE,12.44,-0.08,-0.2,0.93,3.65,17.1,1.02,38.74,-10.15,-3.59,-10.2,1.12,0.79,17.5,42.9
SW_0590,SW_0590: OVERSOLD_SPRI | 8Slots | CONSERVATI | CHANDELIER_R,OVERSOLD_SPRINGBOARD,8,CONSERVATIVE_25,CHANDELIER_RUNNER,12.42,-10.91,-20.8,0.77,5.18,24.9,1.58,46.15,8.5,15.07,8.5,1.06,1.11,12.4,51.8
SW_0234,SW_0234: CLENOW_SMOOTH | 4Slots | LIVERMORE_ | REGIME_ADAPT,CLENOW_SMOOTHNESS,4,LIVERMORE_50,REGIME_ADAPTIVE,12.39,-8.63,-16.6,0.61,1.18,5.3,0.79,54.31,13.71,20.28,13.7,0.88,1.14,23.1,55.9
SW_0256,SW_0256: CLENOW_SMOOTH | 5Slots | AGGRESSIVE | THREE_TIER_T,CLENOW_SMOOTHNESS,5,AGGRESSIVE_75,THREE_TIER_TIGHT,12.37,-12.69,-23.9,0.53,6.03,29.4,0.79,41.49,8.42,14.99,8.4,0.83,1.05,19.7,56.9
SW_0684,SW_0684: SECTOR_LEAD_R | 8Slots | NONE | REGIME_ADAPT,SECTOR_LEAD_RS,8,NONE,REGIME_ADAPTIVE,12.37,-17.19,-31.6,0.98,4.33,20.5,0.69,53.35,21.58,28.14,21.6,0.87,1.27,17.3,59.3
SW_0415,SW_0415: MINERVINI_VCP | 3Slots | LIVERMORE_ | CHANDELIER_R,MINERVINI_VCP,3,LIVERMORE_50,CHANDELIER_RUNNER,12.36,-1.24,-2.5,0.58,5.87,28.5,0.82,18.12,7.95,14.51,8.0,1.08,1.17,16.8,51.5
SW_0219,SW_0219: CLENOW_SMOOTH | 3Slots | AGGRESSIVE | REGIME_ADAPT,CLENOW_SMOOTHNESS,3,AGGRESSIVE_75,REGIME_ADAPTIVE,12.3,-11.49,-21.8,0.8,2.14,9.8,0.57,44.7,24.45,31.01,24.4,0.8,1.28,21.3,60.6
SW_0589,SW_0589: OVERSOLD_SPRI | 8Slots | CONSERVATI | REGIME_ADAPT,OVERSOLD_SPRINGBOARD,8,CONSERVATIVE_25,REGIME_ADAPTIVE,12.29,-1.89,-3.8,1.13,0.35,1.6,1.4,42.49,9.18,15.74,9.2,1.23,1.13,14.3,48.0
SW_0264,SW_0264: CLENOW_SMOOTH | 6Slots | NONE | REGIME_ADAPT,CLENOW_SMOOTHNESS,6,NONE,REGIME_ADAPTIVE,12.25,-8.22,-15.9,0.71,2.41,11.0,0.75,41.97,17.87,24.43,17.9,0.9,1.16,13.2,56.5
SW_0963,SW_0963: MULTI_FACTOR_ | 6Slots | NONE | ASYMMETRIC_R,MULTI_FACTOR_APEX,6,NONE,ASYMMETRIC_RUNNER,12.24,-22.66,-40.4,0.82,9.77,50.6,1.03,29.21,14.92,21.48,14.9,0.93,1.1,17.9,54.1
SW_0201,SW_0201: CLENOW_SMOOTH | 3Slots | NONE | THREE_TIER_T,CLENOW_SMOOTHNESS,3,NONE,THREE_TIER_TIGHT,12.23,-16.43,-30.4,0.72,5.16,24.8,0.91,44.59,13.5,20.06,13.5,0.93,1.08,27.8,54.6
SW_0458,SW_0458: MINERVINI_VCP | 5Slots | AGGRESSIVE | ASYMMETRIC_R,MINERVINI_VCP,5,AGGRESSIVE_75,ASYMMETRIC_RUNNER,12.13,-1.29,-2.6,0.7,3.55,16.6,1.17,34.99,0.85,7.41,0.8,1.05,0.98,17.0,48.5
SW_0243,SW_0243: CLENOW_SMOOTH | 5Slots | NONE | ASYMMETRIC_R,CLENOW_SMOOTHNESS,5,NONE,ASYMMETRIC_RUNNER,12.03,-11.89,-22.5,0.64,3.75,17.6,0.8,36.8,21.17,27.73,21.2,0.99,1.21,13.4,55.0
SW_0661,SW_0661: SECTOR_LEAD_R | 6Slots | NONE | THREE_TIER_T,SECTOR_LEAD_RS,6,NONE,THREE_TIER_TIGHT,12.01,-20.69,-37.3,1.01,4.13,19.5,0.71,57.76,21.26,27.82,21.3,0.86,1.22,19.4,58.3
SW_0942,SW_0942: MULTI_FACTOR_ | 5Slots | NONE | THREE_TIER_W,MULTI_FACTOR_APEX,5,NONE,THREE_TIER_WIDE,11.97,-19.07,-34.7,0.81,9.49,49.0,1.04,27.44,8.63,15.19,8.6,0.88,1.01,16.2,53.9
SW_0463,SW_0463: MINERVINI_VCP | 6Slots | NONE | ASYMMETRIC_R,MINERVINI_VCP,6,NONE,ASYMMETRIC_RUNNER,11.92,3.93,8.1,0.92,1.44,6.5,0.97,34.51,-4.39,2.17,-4.4,1.17,0.85,15.4,43.3
SW_0565,SW_0565: OVERSOLD_SPRI | 6Slots | NONE | CHANDELIER_R,OVERSOLD_SPRINGBOARD,6,NONE,CHANDELIER_RUNNER,11.92,-15.3,-28.5,0.87,6.71,33.0,1.37,40.57,15.74,22.31,15.7,1.19,1.29,15.6,52.3
SW_0473,SW_0473: MINERVINI_VCP | 6Slots | LIVERMORE_ | ASYMMETRIC_R,MINERVINI_VCP,6,LIVERMORE_50,ASYMMETRIC_RUNNER,11.88,-3.52,-7.0,0.71,3.23,15.0,0.99,46.57,-3.94,2.62,-3.9,1.05,0.86,15.3,46.3
SW_0917,SW_0917: MULTI_FACTOR_ | 3Slots | AGGRESSIVE | THREE_TIER_W,MULTI_FACTOR_APEX,3,AGGRESSIVE_75,THREE_TIER_WIDE,11.86,-28.91,-49.7,0.78,7.74,38.8,1.16,34.64,39.94,46.51,39.9,1.02,1.43,15.5,57.1
SW_0919,SW_0919: MULTI_FACTOR_ | 3Slots | AGGRESSIVE | REGIME_ADAPT,MULTI_FACTOR_APEX,3,AGGRESSIVE_75,REGIME_ADAPTIVE,11.84,-15.62,-29.0,0.68,5.94,28.9,0.89,15.06,25.43,31.99,25.4,0.93,1.31,13.0,57.5
SW_0478,SW_0478: MINERVINI_VCP | 6Slots | AGGRESSIVE | ASYMMETRIC_R,MINERVINI_VCP,6,AGGRESSIVE_75,ASYMMETRIC_RUNNER,11.74,-2.31,-4.6,0.71,3.38,15.7,0.93,40.67,-4.51,2.05,-4.5,1.02,0.87,16.5,46.2
SW_0595,SW_0595: OVERSOLD_SPRI | 8Slots | LIVERMORE_ | CHANDELIER_R,OVERSOLD_SPRINGBOARD,8,LIVERMORE_50,CHANDELIER_RUNNER,11.65,-6.2,-12.1,0.78,-0.09,-0.4,1.28,53.22,17.92,24.49,17.9,1.06,1.42,11.9,57.8
SW_0407,SW_0407: MINERVINI_VCP | 3Slots | CONSERVATI | THREE_TIER_W,MINERVINI_VCP,3,CONSERVATIVE_25,THREE_TIER_WIDE,11.64,-6.65,-12.9,0.74,7.24,36.0,1.21,29.2,-13.01,-6.44,-13.0,0.94,0.75,23.5,44.4
SW_0363,SW_0363: CLENOW_HIGH_C | 6Slots | NONE | ASYMMETRIC_R,CLENOW_HIGH_CONVICTION,6,NONE,ASYMMETRIC_RUNNER,11.62,2.38,4.9,0.72,1.86,8.5,0.51,24.45,14.78,21.34,14.8,0.81,1.36,4.4,62.5
SW_0487,SW_0487: MINERVINI_VCP | 8Slots | CONSERVATI | THREE_TIER_W,MINERVINI_VCP,8,CONSERVATIVE_25,THREE_TIER_WIDE,11.58,-6.18,-12.1,0.69,4.24,20.1,0.97,39.3,2.08,8.64,2.1,1.21,0.99,11.8,45.5
SW_0239,SW_0239: CLENOW_SMOOTH | 4Slots | AGGRESSIVE | REGIME_ADAPT,CLENOW_SMOOTHNESS,4,AGGRESSIVE_75,REGIME_ADAPTIVE,11.51,-9.9,-19.0,0.72,-1.11,-4.8,0.5,61.27,18.41,24.98,18.4,0.92,1.21,24.8,56.5
SW_0450,SW_0450: MINERVINI_VCP | 5Slots | CONSERVATI | CHANDELIER_R,MINERVINI_VCP,5,CONSERVATIVE_25,CHANDELIER_RUNNER,11.43,-2.11,-4.2,0.7,3.28,15.2,1.0,37.38,-3.94,2.62,-3.9,0.86,0.89,17.9,51.6
SW_0455,SW_0455: MINERVINI_VCP | 5Slots | LIVERMORE_ | CHANDELIER_R,MINERVINI_VCP,5,LIVERMORE_50,CHANDELIER_RUNNER,11.36,-0.89,-1.8,0.88,2.3,10.5,1.07,32.82,3.36,9.92,3.4,0.97,1.05,15.3,50.5
SW_0933,SW_0933: MULTI_FACTOR_ | 4Slots | LIVERMORE_ | ASYMMETRIC_R,MULTI_FACTOR_APEX,4,LIVERMORE_50,ASYMMETRIC_RUNNER,11.24,-14.73,-27.5,0.82,4.27,20.2,0.86,27.15,38.88,45.45,38.9,0.95,1.42,14.4,59.2
SW_0438,SW_0438: MINERVINI_VCP | 4Slots | AGGRESSIVE | ASYMMETRIC_R,MINERVINI_VCP,4,AGGRESSIVE_75,ASYMMETRIC_RUNNER,11.13,-4.51,-8.9,0.75,3.85,18.1,1.09,37.39,-0.65,5.91,-0.7,1.07,0.95,18.8,47.8
SW_0471,SW_0471: MINERVINI_VCP | 6Slots | LIVERMORE_ | THREE_TIER_T,MINERVINI_VCP,6,LIVERMORE_50,THREE_TIER_TIGHT,11.1,-3.75,-7.4,0.72,3.63,17.0,0.91,43.19,-10.89,-4.32,-10.9,1.07,0.79,16.9,45.1
SW_0543,SW_0543: OVERSOLD_SPRI | 5Slots | NONE | ASYMMETRIC_R,OVERSOLD_SPRINGBOARD,5,NONE,ASYMMETRIC_RUNNER,11.09,-10.04,-19.2,0.87,4.65,22.1,1.57,33.49,14.98,21.55,15.0,1.11,1.24,10.2,52.6
SW_0936,SW_0936: MULTI_FACTOR_ | 4Slots | AGGRESSIVE | THREE_TIER_T,MULTI_FACTOR_APEX,4,AGGRESSIVE_75,THREE_TIER_TIGHT,11.06,-10.86,-20.7,0.79,2.12,9.7,0.96,36.21,22.05,28.61,22.1,0.96,1.17,20.0,54.1
SW_0418,SW_0418: MINERVINI_VCP | 3Slots | AGGRESSIVE | ASYMMETRIC_R,MINERVINI_VCP,3,AGGRESSIVE_75,ASYMMETRIC_RUNNER,11.01,-3.13,-6.2,0.62,5.67,27.5,0.91,30.3,-13.66,-7.1,-13.7,0.81,0.66,20.9,44.4
SW_0263,SW_0263: CLENOW_SMOOTH | 6Slots | NONE | ASYMMETRIC_R,CLENOW_SMOOTHNESS,6,NONE,ASYMMETRIC_RUNNER,11.0,-8.33,-16.1,0.64,1.16,5.2,0.76,37.91,24.38,30.94,24.4,0.96,1.24,11.8,56.5
SW_0465,SW_0465: MINERVINI_VCP | 6Slots | NONE | CHANDELIER_R,MINERVINI_VCP,6,NONE,CHANDELIER_RUNNER,10.98,3.0,6.1,0.9,0.86,3.8,0.81,30.93,-2.78,3.79,-2.8,0.97,0.88,15.4,47.2
SW_0480,SW_0480: MINERVINI_VCP | 6Slots | AGGRESSIVE | CHANDELIER_R,MINERVINI_VCP,6,AGGRESSIVE_75,CHANDELIER_RUNNER,10.98,0.06,0.1,0.73,2.81,13.0,0.8,22.71,7.17,13.74,7.2,1.19,1.11,16.5,47.1
SW_0495,SW_0495: MINERVINI_VCP | 8Slots | LIVERMORE_ | CHANDELIER_R,MINERVINI_VCP,8,LIVERMORE_50,CHANDELIER_RUNNER,10.85,-4.63,-9.1,0.68,3.28,15.3,0.99,36.41,5.21,11.78,5.2,1.11,1.06,15.8,48.9
SW_0462,SW_0462: MINERVINI_VCP | 6Slots | NONE | THREE_TIER_W,MINERVINI_VCP,6,NONE,THREE_TIER_WIDE,10.76,0.04,0.1,0.97,2.18,9.9,0.97,32.7,-1.37,5.2,-1.4,1.14,0.93,12.9,45.2
SW_0572,SW_0572: OVERSOLD_SPRI | 6Slots | LIVERMORE_ | THREE_TIER_W,OVERSOLD_SPRINGBOARD,6,LIVERMORE_50,THREE_TIER_WIDE,10.62,-17.8,-32.6,0.76,5.24,25.2,1.56,42.39,26.14,32.7,26.1,1.3,1.5,11.2,53.8
SW_0448,SW_0448: MINERVINI_VCP | 5Slots | CONSERVATI | ASYMMETRIC_R,MINERVINI_VCP,5,CONSERVATIVE_25,ASYMMETRIC_RUNNER,10.47,-2.57,-5.1,0.75,3.06,14.2,1.22,35.67,-1.11,5.45,-1.1,1.18,0.92,17.7,45.1
SW_0527,SW_0527: OVERSOLD_SPRI | 4Slots | CONSERVATI | THREE_TIER_W,OVERSOLD_SPRINGBOARD,4,CONSERVATIVE_25,THREE_TIER_WIDE,10.45,-15.32,-28.5,0.78,7.53,37.6,1.3,31.4,9.68,16.24,9.7,1.12,1.08,10.7,49.2
SW_0485,SW_0485: MINERVINI_VCP | 8Slots | NONE | CHANDELIER_R,MINERVINI_VCP,8,NONE,CHANDELIER_RUNNER,10.44,-1.38,-2.8,0.93,2.96,13.7,1.03,28.79,-2.02,4.54,-2.0,1.1,0.88,14.0,44.3
SW_0591,SW_0591: OVERSOLD_SPRI | 8Slots | LIVERMORE_ | THREE_TIER_T,OVERSOLD_SPRINGBOARD,8,LIVERMORE_50,THREE_TIER_TIGHT,10.4,-0.82,-1.6,1.02,-0.09,-0.4,1.11,37.0,6.03,12.59,6.0,1.08,1.08,13.5,49.8
SW_0466,SW_0466: MINERVINI_VCP | 6Slots | CONSERVATI | THREE_TIER_T,MINERVINI_VCP,6,CONSERVATIVE_25,THREE_TIER_TIGHT,10.39,-4.64,-9.1,0.73,4.15,19.6,0.94,37.69,-9.63,-3.07,-9.6,1.07,0.82,15.0,43.3
SW_0735,SW_0735: DONCHIAN_TURT | 4Slots | LIVERMORE_ | CHANDELIER_R,DONCHIAN_TURTLE,4,LIVERMORE_50,CHANDELIER_RUNNER,10.38,-13.91,-26.1,0.6,-4.51,-18.4,0.66,83.9,30.97,37.54,31.0,1.1,1.53,11.6,58.9
SW_0582,SW_0582: OVERSOLD_SPRI | 8Slots | NONE | THREE_TIER_W,OVERSOLD_SPRINGBOARD,8,NONE,THREE_TIER_WIDE,10.3,-0.74,-1.5,1.11,0.66,3.0,1.31,28.03,16.83,23.39,16.8,1.28,1.28,10.5,49.8
SW_0420,SW_0420: MINERVINI_VCP | 3Slots | AGGRESSIVE | CHANDELIER_R,MINERVINI_VCP,3,AGGRESSIVE_75,CHANDELIER_RUNNER,10.28,1.91,3.9,0.58,2.13,9.7,0.69,19.64,5.35,11.91,5.3,1.13,1.08,17.2,47.2
SW_0909,SW_0909: MULTI_FACTOR_ | 3Slots | CONSERVATI | REGIME_ADAPT,MULTI_FACTOR_APEX,3,CONSERVATIVE_25,REGIME_ADAPTIVE,10.28,-23.24,-41.3,0.84,8.22,41.5,0.85,22.82,17.12,23.68,17.1,0.84,1.13,19.2,57.3
SW_0457,SW_0457: MINERVINI_VCP | 5Slots | AGGRESSIVE | THREE_TIER_W,MINERVINI_VCP,5,AGGRESSIVE_75,THREE_TIER_WIDE,10.26,-3.61,-7.2,0.73,2.37,10.8,1.09,34.19,0.17,6.73,0.2,1.05,0.96,13.1,48.2
SW_0496,SW_0496: MINERVINI_VCP | 8Slots | AGGRESSIVE | THREE_TIER_T,MINERVINI_VCP,8,AGGRESSIVE_75,THREE_TIER_TIGHT,9.98,-5.29,-10.4,0.74,2.08,9.5,1.04,42.56,-0.68,5.89,-0.7,1.16,0.95,15.3,45.2
SW_0261,SW_0261: CLENOW_SMOOTH | 6Slots | NONE | THREE_TIER_T,CLENOW_SMOOTHNESS,6,NONE,THREE_TIER_TIGHT,9.96,-9.63,-18.5,0.7,1.41,6.4,0.83,41.92,16.6,23.17,16.6,0.93,1.14,13.5,55.0
SW_0259,SW_0259: CLENOW_SMOOTH | 5Slots | AGGRESSIVE | REGIME_ADAPT,CLENOW_SMOOTHNESS,5,AGGRESSIVE_75,REGIME_ADAPTIVE,9.96,-12.37,-23.4,0.63,-1.02,-4.4,0.73,59.24,20.97,27.54,21.0,0.93,1.26,21.0,56.8
SW_0662,SW_0662: SECTOR_LEAD_R | 6Slots | NONE | THREE_TIER_W,SECTOR_LEAD_RS,6,NONE,THREE_TIER_WIDE,9.89,-23.68,-42.0,0.82,4.85,23.2,0.66,52.22,15.5,22.06,15.5,0.84,1.18,20.3,58.0
SW_0581,SW_0581: OVERSOLD_SPRI | 8Slots | NONE | THREE_TIER_T,OVERSOLD_SPRINGBOARD,8,NONE,THREE_TIER_TIGHT,9.87,-3.36,-6.7,0.98,2.34,10.7,1.3,29.64,6.32,12.89,6.3,1.19,1.06,12.9,47.0
SW_0596,SW_0596: OVERSOLD_SPRI | 8Slots | AGGRESSIVE | THREE_TIER_T,OVERSOLD_SPRINGBOARD,8,AGGRESSIVE_75,THREE_TIER_TIGHT,9.85,-6.5,-12.7,0.88,2.06,9.4,1.25,38.1,10.53,17.09,10.5,1.12,1.16,14.0,51.1
SW_0445,SW_0445: MINERVINI_VCP | 5Slots | NONE | CHANDELIER_R,MINERVINI_VCP,5,NONE,CHANDELIER_RUNNER,9.82,-0.32,-0.6,0.97,2.29,10.5,0.82,36.86,-14.5,-7.93,-14.5,1.02,0.7,21.0,43.4
SW_0486,SW_0486: MINERVINI_VCP | 8Slots | CONSERVATI | THREE_TIER_T,MINERVINI_VCP,8,CONSERVATIVE_25,THREE_TIER_TIGHT,9.79,-6.55,-12.8,0.69,3.8,17.9,1.06,36.7,-0.0,6.56,-0.0,1.14,0.95,12.8,45.5
SW_0220,SW_0220: CLENOW_SMOOTH | 3Slots | AGGRESSIVE | CHANDELIER_R,CLENOW_SMOOTHNESS,3,AGGRESSIVE_75,CHANDELIER_RUNNER,9.75,-14.46,-27.0,0.53,2.51,11.5,0.42,30.16,31.06,37.62,31.1,0.77,1.33,17.7,62.6
SW_0981,SW_0981: MULTI_FACTOR_ | 8Slots | NONE | THREE_TIER_T,MULTI_FACTOR_APEX,8,NONE,THREE_TIER_TIGHT,9.73,-17.35,-31.9,0.87,6.84,33.8,1.05,30.32,13.82,20.39,13.8,0.95,1.11,17.2,53.8
SW_0881,SW_0881: RANGE_EXPANSI | 8Slots | NONE | THREE_TIER_T,RANGE_EXPANSION_BURST,8,NONE,THREE_TIER_TIGHT,9.68,-34.39,14.5,0.76,0.35,1.5,1.14,31.57,-18.24,-11.68,-18.2,1.03,0.77,23.5,43.1
SW_0525,SW_0525: OVERSOLD_SPRI | 4Slots | NONE | CHANDELIER_R,OVERSOLD_SPRINGBOARD,4,NONE,CHANDELIER_RUNNER,9.57,-16.94,-31.2,0.73,5.58,26.9,2.09,38.72,16.31,22.88,16.3,1.06,1.31,14.2,55.3
SW_0500,SW_0500: MINERVINI_VCP | 8Slots | AGGRESSIVE | CHANDELIER_R,MINERVINI_VCP,8,AGGRESSIVE_75,CHANDELIER_RUNNER,9.57,-6.27,-12.2,0.71,3.35,15.6,0.88,36.6,1.79,8.35,1.8,1.21,0.99,17.0,46.3
SW_0931,SW_0931: MULTI_FACTOR_ | 4Slots | LIVERMORE_ | THREE_TIER_T,MULTI_FACTOR_APEX,4,LIVERMORE_50,THREE_TIER_TIGHT,9.57,-14.32,-26.8,0.77,3.46,16.1,0.92,29.5,17.29,23.86,17.3,1.03,1.14,16.9,53.5
SW_0573,SW_0573: OVERSOLD_SPRI | 6Slots | LIVERMORE_ | ASYMMETRIC_R,OVERSOLD_SPRINGBOARD,6,LIVERMORE_50,ASYMMETRIC_RUNNER,9.55,-12.01,-22.8,0.92,3.21,14.9,1.27,33.09,29.53,36.1,29.5,1.33,1.61,11.4,55.3
SW_0682,SW_0682: SECTOR_LEAD_R | 8Slots | NONE | THREE_TIER_W,SECTOR_LEAD_RS,8,NONE,THREE_TIER_WIDE,9.54,-20.38,-36.8,0.83,5.06,24.2,0.69,45.75,14.36,20.93,14.4,0.87,1.15,18.2,57.0
SW_0477,SW_0477: MINERVINI_VCP | 6Slots | AGGRESSIVE | THREE_TIER_W,MINERVINI_VCP,6,AGGRESSIVE_75,THREE_TIER_WIDE,9.53,-0.24,-0.5,0.92,0.27,1.2,1.07,43.0,-10.6,-4.04,-10.6,0.94,0.78,17.3,44.4
SW_0241,SW_0241: CLENOW_SMOOTH | 5Slots | NONE | THREE_TIER_T,CLENOW_SMOOTHNESS,5,NONE,THREE_TIER_TIGHT,9.27,-13.62,-25.6,0.72,3.64,17.0,0.82,32.62,16.77,23.33,16.8,0.95,1.15,16.2,54.6
SW_0567,SW_0567: OVERSOLD_SPRI | 6Slots | CONSERVATI | THREE_TIER_W,OVERSOLD_SPRINGBOARD,6,CONSERVATIVE_25,THREE_TIER_WIDE,9.16,-5.65,-11.1,1.18,2.24,10.2,1.26,35.15,8.23,14.79,8.2,1.09,1.1,11.0,50.3
SW_0483,SW_0483: MINERVINI_VCP | 8Slots | NONE | ASYMMETRIC_R,MINERVINI_VCP,8,NONE,ASYMMETRIC_RUNNER,9.15,0.54,1.1,0.86,0.6,2.6,0.91,33.32,1.91,8.48,1.9,1.31,0.97,12.2,42.7
SW_0943,SW_0943: MULTI_FACTOR_ | 5Slots | NONE | ASYMMETRIC_R,MULTI_FACTOR_APEX,5,NONE,ASYMMETRIC_RUNNER,9.14,-23.32,-41.5,0.8,8.14,41.1,0.98,27.08,19.95,26.52,19.9,0.93,1.17,16.2,56.0
SW_0459,SW_0459: MINERVINI_VCP | 5Slots | AGGRESSIVE | REGIME_ADAPT,MINERVINI_VCP,5,AGGRESSIVE_75,REGIME_ADAPTIVE,9.12,-0.77,-1.5,0.85,0.07,0.3,0.78,41.78,-4.17,2.39,-4.2,1.06,0.88,16.1,45.0
SW_0481,SW_0481: MINERVINI_VCP | 8Slots | NONE | THREE_TIER_T,MINERVINI_VCP,8,NONE,THREE_TIER_TIGHT,9.04,-0.12,-0.2,0.82,1.71,7.7,0.93,29.55,-1.75,4.81,-1.8,1.15,0.91,12.9,44.6
SW_0896,SW_0896: RANGE_EXPANSI | 8Slots | AGGRESSIVE | THREE_TIER_T,RANGE_EXPANSION_BURST,8,AGGRESSIVE_75,THREE_TIER_TIGHT,9.02,-30.88,14.5,0.69,-1.26,-5.4,1.06,36.31,-20.08,-13.52,-20.1,0.96,0.75,27.1,44.5
SW_0738,SW_0738: DONCHIAN_TURT | 4Slots | AGGRESSIVE | ASYMMETRIC_R,DONCHIAN_TURTLE,4,AGGRESSIVE_75,ASYMMETRIC_RUNNER,8.75,-11.21,-21.3,0.66,-5.47,-21.9,0.61,85.65,12.48,19.04,12.5,0.91,1.17,6.3,55.9
SW_0507,SW_0507: OVERSOLD_SPRI | 3Slots | CONSERVATI | THREE_TIER_W,OVERSOLD_SPRINGBOARD,3,CONSERVATIVE_25,THREE_TIER_WIDE,8.66,-7.28,-14.1,0.97,4.45,21.1,1.28,21.99,12.54,19.1,12.5,1.1,1.1,12.1,50.0
SW_0522,SW_0522: OVERSOLD_SPRI | 4Slots | NONE | THREE_TIER_W,OVERSOLD_SPRINGBOARD,4,NONE,THREE_TIER_WIDE,8.61,-13.8,-25.9,0.99,6.62,32.6,1.39,17.38,15.81,22.38,15.8,1.22,1.22,8.1,50.0
SW_0586,SW_0586: OVERSOLD_SPRI | 8Slots | CONSERVATI | THREE_TIER_T,OVERSOLD_SPRINGBOARD,8,CONSERVATIVE_25,THREE_TIER_TIGHT,8.61,-5.99,-11.7,0.95,0.41,1.8,1.3,35.36,12.34,18.91,12.3,1.18,1.16,12.9,49.5
SW_0414,SW_0414: MINERVINI_VCP | 3Slots | LIVERMORE_ | REGIME_ADAPT,MINERVINI_VCP,3,LIVERMORE_50,REGIME_ADAPTIVE,8.54,-7.2,-14.0,0.86,0.77,3.5,0.92,44.44,2.58,9.15,2.6,1.1,1.01,13.0,48.1
SW_0755,SW_0755: DONCHIAN_TURT | 5Slots | LIVERMORE_ | CHANDELIER_R,DONCHIAN_TURTLE,5,LIVERMORE_50,CHANDELIER_RUNNER,8.45,-15.07,-28.1,0.61,-3.09,-12.9,0.76,86.94,11.93,18.5,11.9,0.85,1.19,13.4,58.5
SW_0446,SW_0446: MINERVINI_VCP | 5Slots | CONSERVATI | THREE_TIER_T,MINERVINI_VCP,5,CONSERVATIVE_25,THREE_TIER_TIGHT,8.39,-5.89,-11.5,0.7,2.76,12.7,0.9,38.58,-6.26,0.3,-6.3,1.04,0.87,15.7,46.5
SW_0470,SW_0470: MINERVINI_VCP | 6Slots | CONSERVATI | CHANDELIER_R,MINERVINI_VCP,6,CONSERVATIVE_25,CHANDELIER_RUNNER,8.34,0.01,0.0,0.66,1.69,7.6,0.85,23.69,-2.18,4.38,-2.2,0.96,0.9,18.7,47.9
SW_0570,SW_0570: OVERSOLD_SPRI | 6Slots | CONSERVATI | CHANDELIER_R,OVERSOLD_SPRINGBOARD,6,CONSERVATIVE_25,CHANDELIER_RUNNER,8.32,-11.88,-22.5,0.78,2.41,11.0,1.46,44.0,14.34,20.91,14.3,1.02,1.3,13.7,56.9
SW_0454,SW_0454: MINERVINI_VCP | 5Slots | LIVERMORE_ | REGIME_ADAPT,MINERVINI_VCP,5,LIVERMORE_50,REGIME_ADAPTIVE,8.31,-1.49,-3.0,0.86,-1.45,-6.2,0.87,48.59,-5.06,1.5,-5.1,1.16,0.87,17.7,45.3
SW_0592,SW_0592: OVERSOLD_SPRI | 8Slots | LIVERMORE_ | THREE_TIER_W,OVERSOLD_SPRINGBOARD,8,LIVERMORE_50,THREE_TIER_WIDE,8.21,-11.81,-22.4,0.96,2.21,10.1,1.39,43.63,10.54,17.1,10.5,1.23,1.15,12.6,48.5
SW_0664,SW_0664: SECTOR_LEAD_R | 6Slots | NONE | REGIME_ADAPT,SECTOR_LEAD_RS,6,NONE,REGIME_ADAPTIVE,8.2,-21.11,-38.0,0.91,2.73,12.6,0.66,50.03,19.72,26.29,19.7,0.85,1.19,20.0,58.3
SW_0425,SW_0425: MINERVINI_VCP | 4Slots | NONE | CHANDELIER_R,MINERVINI_VCP,4,NONE,CHANDELIER_RUNNER,8.12,-11.56,-21.9,0.65,5.18,24.9,0.8,46.74,-16.24,-9.67,-16.2,0.9,0.67,22.6,42.9
SW_0937,SW_0937: MULTI_FACTOR_ | 4Slots | AGGRESSIVE | THREE_TIER_W,MULTI_FACTOR_APEX,4,AGGRESSIVE_75,THREE_TIER_WIDE,8.08,-13.61,-25.5,0.88,3.39,15.8,0.8,15.52,28.48,35.05,28.5,0.99,1.31,14.4,57.4
SW_0778,SW_0778: DONCHIAN_TURT | 6Slots | AGGRESSIVE | ASYMMETRIC_R,DONCHIAN_TURTLE,6,AGGRESSIVE_75,ASYMMETRIC_RUNNER,7.91,-11.07,-21.1,0.93,-4.7,-19.1,0.74,84.35,7.63,14.19,7.6,0.92,1.08,12.3,53.4
SW_0574,SW_0574: OVERSOLD_SPRI | 6Slots | LIVERMORE_ | REGIME_ADAPT,OVERSOLD_SPRINGBOARD,6,LIVERMORE_50,REGIME_ADAPTIVE,7.71,-6.08,-11.9,1.06,-0.95,-4.1,1.44,35.4,15.68,22.24,15.7,1.29,1.22,13.2,48.4
SW_0918,SW_0918: MULTI_FACTOR_ | 3Slots | AGGRESSIVE | ASYMMETRIC_R,MULTI_FACTOR_APEX,3,AGGRESSIVE_75,ASYMMETRIC_RUNNER,7.53,-27.85,-48.2,0.62,8.53,43.4,0.86,17.67,29.16,35.72,29.2,1.05,1.24,13.5,54.1
SW_0584,SW_0584: OVERSOLD_SPRI | 8Slots | NONE | REGIME_ADAPT,OVERSOLD_SPRINGBOARD,8,NONE,REGIME_ADAPTIVE,7.5,-1.8,-3.6,1.06,-1.07,-4.6,1.32,27.41,9.39,15.95,9.4,1.27,1.13,14.1,47.3
SW_0927,SW_0927: MULTI_FACTOR_ | 4Slots | CONSERVATI | THREE_TIER_W,MULTI_FACTOR_APEX,4,CONSERVATIVE_25,THREE_TIER_WIDE,7.43,-21.58,-38.7,0.79,5.76,27.9,1.12,25.17,20.1,26.66,20.1,0.88,1.16,18.0,57.2
SW_0476,SW_0476: MINERVINI_VCP | 6Slots | AGGRESSIVE | THREE_TIER_T,MINERVINI_VCP,6,AGGRESSIVE_75,THREE_TIER_TIGHT,7.38,-3.12,-6.2,0.76,1.66,7.5,0.78,37.88,-15.34,-8.77,-15.3,0.95,0.73,17.3,44.1
SW_0419,SW_0419: MINERVINI_VCP | 3Slots | AGGRESSIVE | REGIME_ADAPT,MINERVINI_VCP,3,AGGRESSIVE_75,REGIME_ADAPTIVE,7.22,-13.71,-25.7,0.57,0.59,2.6,0.85,50.1,8.9,15.46,8.9,1.02,1.13,11.3,51.5
SW_0576,SW_0576: OVERSOLD_SPRI | 6Slots | AGGRESSIVE | THREE_TIER_T,OVERSOLD_SPRINGBOARD,6,AGGRESSIVE_75,THREE_TIER_TIGHT,7.18,-16.03,-29.7,0.74,2.92,13.5,1.5,39.23,16.7,23.26,16.7,1.34,1.25,14.1,48.5
SW_0571,SW_0571: OVERSOLD_SPRI | 6Slots | LIVERMORE_ | THREE_TIER_T,OVERSOLD_SPRINGBOARD,6,LIVERMORE_50,THREE_TIER_TIGHT,7.16,-16.07,-29.8,0.87,3.24,15.1,1.3,38.66,16.67,23.23,16.7,1.31,1.23,11.7,48.3
SW_0531,SW_0531: OVERSOLD_SPRI | 4Slots | LIVERMORE_ | THREE_TIER_T,OVERSOLD_SPRINGBOARD,4,LIVERMORE_50,THREE_TIER_TIGHT,7.13,-7.62,-14.8,0.62,,0.0,1.82,32.78,20.28,26.85,20.3,1.31,1.39,9.7,52.5
SW_0556,SW_0556: OVERSOLD_SPRI | 5Slots | AGGRESSIVE | THREE_TIER_T,OVERSOLD_SPRINGBOARD,5,AGGRESSIVE_75,THREE_TIER_TIGHT,7.12,-8.47,-16.3,0.73,,0.0,1.37,34.39,20.23,26.79,20.2,1.16,1.39,10.3,53.8
SW_0524,SW_0524: OVERSOLD_SPRI | 4Slots | NONE | REGIME_ADAPT,OVERSOLD_SPRINGBOARD,4,NONE,REGIME_ADAPTIVE,7.08,-9.35,-18.0,1.09,1.02,4.6,1.31,32.49,15.21,21.77,15.2,1.25,1.21,12.4,49.3
SW_0934,SW_0934: MULTI_FACTOR_ | 4Slots | LIVERMORE_ | REGIME_ADAPT,MULTI_FACTOR_APEX,4,LIVERMORE_50,REGIME_ADAPTIVE,7.02,-11.93,-22.6,0.83,2.1,9.6,0.77,20.05,18.19,24.76,18.2,0.94,1.23,22.8,55.7
SW_0547,SW_0547: OVERSOLD_SPRI | 5Slots | CONSERVATI | THREE_TIER_W,OVERSOLD_SPRINGBOARD,5,CONSERVATIVE_25,THREE_TIER_WIDE,6.98,-14.85,-27.7,0.9,5.04,24.2,1.16,33.99,7.02,13.59,7.0,1.17,1.06,11.5,47.5
SW_0521,SW_0521: OVERSOLD_SPRI | 4Slots | NONE | THREE_TIER_T,OVERSOLD_SPRINGBOARD,4,NONE,THREE_TIER_TIGHT,6.93,-10.53,-20.1,0.79,,0.0,1.54,38.69,19.05,25.62,19.1,1.28,1.26,11.8,49.6
SW_0505,SW_0505: OVERSOLD_SPRI | 3Slots | NONE | CHANDELIER_R,OVERSOLD_SPRINGBOARD,3,NONE,CHANDELIER_RUNNER,6.83,-15.09,-28.1,0.77,2.25,10.3,1.97,46.87,13.19,19.75,13.2,0.95,1.23,13.4,56.8
SW_0924,SW_0924: MULTI_FACTOR_ | 4Slots | NONE | REGIME_ADAPT,MULTI_FACTOR_APEX,4,NONE,REGIME_ADAPTIVE,6.79,-25.47,-44.7,0.82,7.58,37.9,0.92,19.45,16.16,22.72,16.2,0.88,1.13,19.7,56.5
SW_0587,SW_0587: OVERSOLD_SPRI | 8Slots | CONSERVATI | THREE_TIER_W,OVERSOLD_SPRINGBOARD,8,CONSERVATIVE_25,THREE_TIER_WIDE,6.76,-5.38,-10.6,1.03,-1.64,-7.0,1.11,36.96,15.14,21.7,15.1,1.17,1.24,12.5,51.1
SW_0502,SW_0502: OVERSOLD_SPRI | 3Slots | NONE | THREE_TIER_W,OVERSOLD_SPRINGBOARD,3,NONE,THREE_TIER_WIDE,6.54,-7.62,-14.8,0.99,3.79,17.8,1.2,18.15,5.98,12.54,6.0,1.13,1.03,17.6,47.6
SW_0753,SW_0753: DONCHIAN_TURT | 5Slots | LIVERMORE_ | ASYMMETRIC_R,DONCHIAN_TURTLE,5,LIVERMORE_50,ASYMMETRIC_RUNNER,6.49,-9.9,-19.0,0.66,-4.78,-19.4,0.65,71.42,9.52,16.08,9.5,0.92,1.12,14.1,53.8
SW_0561,SW_0561: OVERSOLD_SPRI | 6Slots | NONE | THREE_TIER_T,OVERSOLD_SPRINGBOARD,6,NONE,THREE_TIER_TIGHT,6.39,-15.88,-29.4,0.86,4.57,21.7,1.46,28.25,12.71,19.28,12.7,1.19,1.17,12.1,49.5
SW_0923,SW_0923: MULTI_FACTOR_ | 4Slots | NONE | ASYMMETRIC_R,MULTI_FACTOR_APEX,4,NONE,ASYMMETRIC_RUNNER,6.39,-26.61,-46.4,0.84,9.02,46.2,1.24,9.25,28.8,35.36,28.8,0.97,1.27,17.5,56.6
SW_0405,SW_0405: MINERVINI_VCP | 3Slots | NONE | CHANDELIER_R,MINERVINI_VCP,3,NONE,CHANDELIER_RUNNER,6.39,-10.82,-20.6,0.6,3.81,17.9,0.93,40.4,-8.57,-2.01,-8.6,1.06,0.79,20.7,42.3
SW_0922,SW_0922: MULTI_FACTOR_ | 4Slots | NONE | THREE_TIER_W,MULTI_FACTOR_APEX,4,NONE,THREE_TIER_WIDE,6.33,-25.79,-45.2,0.75,8.61,43.8,1.16,21.12,9.53,16.09,9.5,0.96,1.03,18.6,52.4
SW_0472,SW_0472: MINERVINI_VCP | 6Slots | LIVERMORE_ | THREE_TIER_W,MINERVINI_VCP,6,LIVERMORE_50,THREE_TIER_WIDE,6.31,-1.74,-3.5,0.76,-3.14,-13.1,0.74,48.6,-9.21,-2.64,-9.2,0.94,0.79,16.1,46.0
SW_0482,SW_0482: MINERVINI_VCP | 8Slots | NONE | THREE_TIER_W,MINERVINI_VCP,8,NONE,THREE_TIER_WIDE,6.3,-1.17,-2.3,0.92,-0.46,-2.0,0.96,31.33,-0.95,5.62,-0.9,1.27,0.91,10.6,42.1
SW_0594,SW_0594: OVERSOLD_SPRI | 8Slots | LIVERMORE_ | REGIME_ADAPT,OVERSOLD_SPRINGBOARD,8,LIVERMORE_50,REGIME_ADAPTIVE,6.19,-4.51,-8.9,1.01,-2.11,-8.9,1.18,35.39,11.76,18.33,11.8,1.26,1.16,14.2,48.0
SW_0430,SW_0430: MINERVINI_VCP | 4Slots | CONSERVATI | CHANDELIER_R,MINERVINI_VCP,4,CONSERVATIVE_25,CHANDELIER_RUNNER,6.12,-10.12,-19.4,0.53,2.0,9.1,0.75,47.58,-13.5,-6.94,-13.5,0.98,0.74,21.0,44.1
SW_0733,SW_0733: DONCHIAN_TURT | 4Slots | LIVERMORE_ | ASYMMETRIC_R,DONCHIAN_TURTLE,4,LIVERMORE_50,ASYMMETRIC_RUNNER,6.11,-11.76,-22.3,0.64,-5.19,-20.9,0.88,85.83,-0.69,5.87,-0.7,0.87,0.97,15.3,50.9
SW_0529,SW_0529: OVERSOLD_SPRI | 4Slots | CONSERVATI | REGIME_ADAPT,OVERSOLD_SPRINGBOARD,4,CONSERVATIVE_25,REGIME_ADAPTIVE,6.07,-9.22,-17.7,1.08,2.94,13.6,1.48,23.48,5.0,11.57,5.0,1.06,1.05,15.3,50.0
SW_0498,SW_0498: MINERVINI_VCP | 8Slots | AGGRESSIVE | ASYMMETRIC_R,MINERVINI_VCP,8,AGGRESSIVE_75,ASYMMETRIC_RUNNER,6.07,-4.71,-9.3,0.68,-0.75,-3.3,0.99,46.62,-8.21,-1.64,-8.2,1.15,0.81,17.1,41.6
SW_0544,SW_0544: OVERSOLD_SPRI | 5Slots | NONE | REGIME_ADAPT,OVERSOLD_SPRINGBOARD,5,NONE,REGIME_ADAPTIVE,6.04,-11.89,-22.5,1.01,-0.07,-0.3,1.48,35.46,22.41,28.98,22.4,1.36,1.34,13.4,49.7
SW_0467,SW_0467: MINERVINI_VCP | 6Slots | CONSERVATI | THREE_TIER_W,MINERVINI_VCP,6,CONSERVATIVE_25,THREE_TIER_WIDE,6.0,-3.61,-7.1,0.86,-1.07,-4.6,0.82,41.27,-8.03,-1.46,-8.0,0.97,0.81,14.1,44.7
SW_0422,SW_0422: MINERVINI_VCP | 4Slots | NONE | THREE_TIER_W,MINERVINI_VCP,4,NONE,THREE_TIER_WIDE,5.63,-9.25,-17.8,0.74,1.51,6.8,1.01,45.16,-15.85,-9.29,-15.8,1.06,0.69,18.9,40.7
SW_0758,SW_0758: DONCHIAN_TURT | 5Slots | AGGRESSIVE | ASYMMETRIC_R,DONCHIAN_TURTLE,5,AGGRESSIVE_75,ASYMMETRIC_RUNNER,5.36,-11.82,-22.4,0.69,-5.68,-22.7,0.62,74.82,11.13,17.7,11.1,0.94,1.15,13.1,54.1
SW_0566,SW_0566: OVERSOLD_SPRI | 6Slots | CONSERVATI | THREE_TIER_T,OVERSOLD_SPRINGBOARD,6,CONSERVATIVE_25,THREE_TIER_TIGHT,5.3,-15.32,-28.5,0.81,2.42,11.1,1.45,36.17,11.84,18.41,11.8,1.17,1.15,13.2,49.5
SW_0597,SW_0597: OVERSOLD_SPRI | 8Slots | AGGRESSIVE | THREE_TIER_W,OVERSOLD_SPRINGBOARD,8,AGGRESSIVE_75,THREE_TIER_WIDE,5.29,-10.82,-20.6,0.89,-1.45,-6.2,1.44,44.36,14.28,20.85,14.3,1.25,1.25,13.7,50.6
SW_0793,SW_0793: DONCHIAN_TURT | 8Slots | LIVERMORE_ | ASYMMETRIC_R,DONCHIAN_TURTLE,8,LIVERMORE_50,ASYMMETRIC_RUNNER,5.26,-13.18,-24.8,0.72,-3.57,-14.8,0.83,62.12,21.35,27.91,21.4,0.9,1.36,8.3,60.1
SW_0492,SW_0492: MINERVINI_VCP | 8Slots | LIVERMORE_ | THREE_TIER_W,MINERVINI_VCP,8,LIVERMORE_50,THREE_TIER_WIDE,5.25,-5.71,-11.2,0.72,-2.16,-9.2,0.94,46.92,-1.5,5.06,-1.5,1.11,0.92,12.8,45.4
SW_0461,SW_0461: MINERVINI_VCP | 6Slots | NONE | THREE_TIER_T,MINERVINI_VCP,6,NONE,THREE_TIER_TIGHT,4.97,-1.23,-2.5,0.85,0.44,1.9,0.89,28.34,-14.69,-8.13,-14.7,1.04,0.74,15.8,41.2
SW_0804,SW_0804: RANGE_EXPANSI | 3Slots | NONE | REGIME_ADAPT,RANGE_EXPANSION_BURST,3,NONE,REGIME_ADAPTIVE,4.96,-31.84,14.5,0.71,-21.92,14.5,0.91,-8.32,-28.0,-21.44,-28.0,1.03,0.71,30.5,41.1
SW_0404,SW_0404: MINERVINI_VCP | 3Slots | NONE | REGIME_ADAPT,MINERVINI_VCP,3,NONE,REGIME_ADAPTIVE,4.93,-4.28,-8.4,0.82,-3.59,-14.9,0.81,56.57,-20.81,-14.24,-20.8,0.89,0.64,27.0,40.4
SW_0564,SW_0564: OVERSOLD_SPRI | 6Slots | NONE | REGIME_ADAPT,OVERSOLD_SPRINGBOARD,6,NONE,REGIME_ADAPTIVE,4.76,-10.66,-20.3,1.05,-1.2,-5.2,1.51,35.88,18.17,24.74,18.2,1.3,1.28,13.1,49.7
SW_0464,SW_0464: MINERVINI_VCP | 6Slots | NONE | REGIME_ADAPT,MINERVINI_VCP,6,NONE,REGIME_ADAPTIVE,4.72,-2.68,-5.3,0.97,-0.52,-2.3,0.91,33.25,-11.78,-5.21,-11.8,1.11,0.77,16.3,42.0
SW_0901,SW_0901: MULTI_FACTOR_ | 3Slots | NONE | THREE_TIER_T,MULTI_FACTOR_APEX,3,NONE,THREE_TIER_TIGHT,4.65,-28.8,-49.6,0.9,10.28,53.8,0.9,1.33,17.16,23.72,17.2,0.92,1.09,20.4,54.8
SW_0411,SW_0411: MINERVINI_VCP | 3Slots | LIVERMORE_ | THREE_TIER_T,MINERVINI_VCP,3,LIVERMORE_50,THREE_TIER_TIGHT,4.59,-3.7,-7.3,0.73,-0.47,-2.0,0.64,34.47,-13.95,-7.39,-13.9,1.03,0.73,22.2,41.6
SW_0497,SW_0497: MINERVINI_VCP | 8Slots | AGGRESSIVE | THREE_TIER_W,MINERVINI_VCP,8,AGGRESSIVE_75,THREE_TIER_WIDE,4.57,-5.76,-11.3,0.7,-4.02,-16.5,0.71,50.34,-1.64,4.92,-1.6,1.15,0.92,13.9,44.4
SW_0562,SW_0562: OVERSOLD_SPRI | 6Slots | NONE | THREE_TIER_W,OVERSOLD_SPRINGBOARD,6,NONE,THREE_TIER_WIDE,4.5,-13.92,-26.1,1.04,1.91,8.7,1.56,23.03,22.09,28.65,22.1,1.27,1.39,9.0,52.1
SW_0569,SW_0569: OVERSOLD_SPRI | 6Slots | CONSERVATI | REGIME_ADAPT,OVERSOLD_SPRINGBOARD,6,CONSERVATIVE_25,REGIME_ADAPTIVE,4.5,-7.14,-13.9,1.15,-3.42,-14.2,1.36,38.24,12.09,18.65,12.1,1.16,1.18,13.5,50.7
SW_0797,SW_0797: DONCHIAN_TURT | 8Slots | AGGRESSIVE | THREE_TIER_W,DONCHIAN_TURTLE,8,AGGRESSIVE_75,THREE_TIER_WIDE,4.15,-13.58,-25.5,0.81,-8.02,-30.8,0.98,78.71,23.02,29.58,23.0,1.02,1.36,9.1,57.3
SW_0800,SW_0800: DONCHIAN_TURT | 8Slots | AGGRESSIVE | CHANDELIER_R,DONCHIAN_TURTLE,8,AGGRESSIVE_75,CHANDELIER_RUNNER,4.1,-15.36,-28.6,0.65,-7.91,-30.4,0.61,83.28,19.65,26.21,19.6,0.99,1.32,10.1,57.0
SW_0809,SW_0809: RANGE_EXPANSI | 3Slots | CONSERVATI | REGIME_ADAPT,RANGE_EXPANSION_BURST,3,CONSERVATIVE_25,REGIME_ADAPTIVE,3.95,-29.36,14.5,0.64,-19.38,14.5,0.96,-13.09,-28.87,-22.31,-28.9,1.01,0.69,30.5,40.8
SW_0475,SW_0475: MINERVINI_VCP | 6Slots | LIVERMORE_ | CHANDELIER_R,MINERVINI_VCP,6,LIVERMORE_50,CHANDELIER_RUNNER,3.92,-1.87,-3.7,0.66,-2.76,-11.6,0.6,27.11,1.1,7.66,1.1,1.12,0.99,15.2,46.7
SW_0757,SW_0757: DONCHIAN_TURT | 5Slots | AGGRESSIVE | THREE_TIER_W,DONCHIAN_TURTLE,5,AGGRESSIVE_75,THREE_TIER_WIDE,3.89,-14.38,-26.9,0.76,-7.12,-27.7,0.67,81.2,12.1,18.67,12.1,0.98,1.14,10.3,52.8
SW_0902,SW_0902: MULTI_FACTOR_ | 3Slots | NONE | THREE_TIER_W,MULTI_FACTOR_APEX,3,NONE,THREE_TIER_WIDE,3.82,-26.24,-45.9,0.81,6.35,31.1,1.16,18.49,19.33,25.9,19.3,0.95,1.12,21.1,54.1
SW_0904,SW_0904: MULTI_FACTOR_ | 3Slots | NONE | REGIME_ADAPT,MULTI_FACTOR_APEX,3,NONE,REGIME_ADAPTIVE,3.82,-25.03,-44.1,0.74,5.27,25.3,0.83,11.61,22.22,28.79,22.2,0.93,1.18,19.4,56.0
SW_0780,SW_0780: DONCHIAN_TURT | 6Slots | AGGRESSIVE | CHANDELIER_R,DONCHIAN_TURTLE,6,AGGRESSIVE_75,CHANDELIER_RUNNER,3.79,-17.73,-32.5,0.74,-7.5,-29.0,0.64,90.83,12.86,19.42,12.9,0.85,1.18,10.4,58.2
SW_0460,SW_0460: MINERVINI_VCP | 5Slots | AGGRESSIVE | CHANDELIER_R,MINERVINI_VCP,5,AGGRESSIVE_75,CHANDELIER_RUNNER,3.67,-7.22,-14.0,0.62,-0.64,-2.8,0.6,33.45,-0.78,5.79,-0.8,0.99,0.95,20.4,49.6
SW_0549,SW_0549: OVERSOLD_SPRI | 5Slots | CONSERVATI | REGIME_ADAPT,OVERSOLD_SPRINGBOARD,5,CONSERVATIVE_25,REGIME_ADAPTIVE,3.61,-11.28,-21.4,1.12,-0.08,-0.3,1.37,29.64,10.84,17.4,10.8,1.15,1.15,12.6,50.3
SW_0740,SW_0740: DONCHIAN_TURT | 4Slots | AGGRESSIVE | CHANDELIER_R,DONCHIAN_TURTLE,4,AGGRESSIVE_75,CHANDELIER_RUNNER,3.58,-12.11,-22.9,0.66,-7.29,-28.3,1.0,43.63,40.88,47.45,40.9,1.03,1.83,7.0,61.5
SW_0718,SW_0718: DONCHIAN_TURT | 3Slots | AGGRESSIVE | ASYMMETRIC_R,DONCHIAN_TURTLE,3,AGGRESSIVE_75,ASYMMETRIC_RUNNER,3.35,-13.83,-25.9,0.86,-8.11,-31.1,1.53,87.89,-0.66,5.9,-0.7,0.91,0.96,13.9,52.2
SW_0402,SW_0402: MINERVINI_VCP | 3Slots | NONE | THREE_TIER_W,MINERVINI_VCP,3,NONE,THREE_TIER_WIDE,3.34,-8.69,-16.8,0.74,-0.25,-1.1,0.97,40.03,-17.07,-10.51,-17.1,0.94,0.67,21.3,42.7
SW_0856,SW_0856: RANGE_EXPANSI | 5Slots | AGGRESSIVE | THREE_TIER_T,RANGE_EXPANSION_BURST,5,AGGRESSIVE_75,THREE_TIER_TIGHT,3.33,-16.98,-31.3,0.69,5.78,28.0,1.27,29.59,-11.49,-4.93,-11.5,0.97,0.83,17.0,47.9
SW_0884,SW_0884: RANGE_EXPANSI | 8Slots | NONE | REGIME_ADAPT,RANGE_EXPANSION_BURST,8,NONE,REGIME_ADAPTIVE,3.25,-34.16,14.5,0.81,-4.75,-19.2,1.18,25.62,-24.57,-18.0,-24.6,1.06,0.71,31.9,40.3
SW_0882,SW_0882: RANGE_EXPANSI | 8Slots | NONE | THREE_TIER_W,RANGE_EXPANSION_BURST,8,NONE,THREE_TIER_WIDE,3.21,-31.82,14.5,0.77,-5.24,-21.1,1.25,22.34,-14.57,-8.0,-14.6,1.18,0.79,20.7,40.6
SW_0760,SW_0760: DONCHIAN_TURT | 5Slots | AGGRESSIVE | CHANDELIER_R,DONCHIAN_TURTLE,5,AGGRESSIVE_75,CHANDELIER_RUNNER,3.19,-13.12,-24.7,0.58,-1.56,-6.7,0.7,39.75,19.89,26.45,19.9,0.91,1.37,9.6,59.8
SW_0737,SW_0737: DONCHIAN_TURT | 4Slots | AGGRESSIVE | THREE_TIER_W,DONCHIAN_TURTLE,4,AGGRESSIVE_75,THREE_TIER_WIDE,2.98,-14.42,-26.9,0.73,-7.98,-30.6,0.56,89.52,4.67,11.23,4.7,0.97,1.04,9.8,52.5
SW_0440,SW_0440: MINERVINI_VCP | 4Slots | AGGRESSIVE | CHANDELIER_R,MINERVINI_VCP,4,AGGRESSIVE_75,CHANDELIER_RUNNER,2.97,-5.51,-10.8,0.49,0.06,0.3,0.77,19.85,5.68,12.25,5.7,1.34,1.09,21.2,46.9
SW_0864,SW_0864: RANGE_EXPANSI | 6Slots | NONE | REGIME_ADAPT,RANGE_EXPANSION_BURST,6,NONE,REGIME_ADAPTIVE,2.97,-30.06,14.5,0.83,-6.28,-24.8,1.19,25.01,-20.48,-13.92,-20.5,1.04,0.76,27.7,42.1
SW_0447,SW_0447: MINERVINI_VCP | 5Slots | CONSERVATI | THREE_TIER_W,MINERVINI_VCP,5,CONSERVATIVE_25,THREE_TIER_WIDE,2.94,-4.87,-9.6,0.75,-2.64,-11.1,0.71,40.63,-7.89,-1.33,-7.9,0.99,0.82,15.9,45.4
SW_0705,SW_0705: DONCHIAN_TURT | 3Slots | NONE | CHANDELIER_R,DONCHIAN_TURTLE,3,NONE,CHANDELIER_RUNNER,2.87,-29.54,14.5,0.66,-14.34,-49.4,0.49,33.79,22.0,28.57,22.0,1.02,1.29,10.3,56.0
SW_0441,SW_0441: MINERVINI_VCP | 5Slots | NONE | THREE_TIER_T,MINERVINI_VCP,5,NONE,THREE_TIER_TIGHT,2.8,-2.54,-5.0,0.77,-1.23,-5.3,0.83,29.83,-15.41,-8.84,-15.4,1.03,0.74,18.6,42.5
SW_0716,SW_0716: DONCHIAN_TURT | 3Slots | AGGRESSIVE | THREE_TIER_T,DONCHIAN_TURTLE,3,AGGRESSIVE_75,THREE_TIER_TIGHT,2.77,-12.23,-23.1,0.95,-8.99,-33.9,0.76,80.78,3.9,10.46,3.9,1.01,1.03,10.7,51.3
SW_0421,SW_0421: MINERVINI_VCP | 4Slots | NONE | THREE_TIER_T,MINERVINI_VCP,4,NONE,THREE_TIER_TIGHT,2.68,-4.69,-9.2,0.71,-0.69,-3.0,0.86,35.05,-21.8,-15.24,-21.8,1.08,0.66,27.1,39.6
SW_0928,SW_0928: MULTI_FACTOR_ | 4Slots | CONSERVATI | ASYMMETRIC_R,MULTI_FACTOR_APEX,4,CONSERVATIVE_25,ASYMMETRIC_RUNNER,2.62,-22.52,-40.2,0.78,5.57,26.9,1.15,18.65,4.63,11.19,4.6,0.82,0.98,18.2,54.4
SW_0734,SW_0734: DONCHIAN_TURT | 4Slots | LIVERMORE_ | REGIME_ADAPT,DONCHIAN_TURTLE,4,LIVERMORE_50,REGIME_ADAPTIVE,2.56,-13.18,-24.8,0.69,-7.59,-29.3,0.7,77.43,7.12,13.68,7.1,0.93,1.07,11.5,53.1
SW_0469,SW_0469: MINERVINI_VCP | 6Slots | CONSERVATI | REGIME_ADAPT,MINERVINI_VCP,6,CONSERVATIVE_25,REGIME_ADAPTIVE,2.48,-5.26,-10.3,0.8,-1.89,-8.1,0.86,32.8,-6.16,0.41,-6.2,1.03,0.87,13.3,45.6
SW_0577,SW_0577: OVERSOLD_SPRI | 6Slots | AGGRESSIVE | THREE_TIER_W,OVERSOLD_SPRINGBOARD,6,AGGRESSIVE_75,THREE_TIER_WIDE,2.47,-18.22,-33.4,0.79,-1.1,-4.7,1.18,48.05,16.91,23.48,16.9,1.16,1.29,13.6,53.0
SW_0424,SW_0424: MINERVINI_VCP | 4Slots | NONE | REGIME_ADAPT,MINERVINI_VCP,4,NONE,REGIME_ADAPTIVE,2.24,-3.94,-7.8,0.83,-5.87,-23.4,0.88,51.38,-18.36,-11.8,-18.4,0.99,0.69,21.5,42.5
SW_0416,SW_0416: MINERVINI_VCP | 3Slots | AGGRESSIVE | THREE_TIER_T,MINERVINI_VCP,3,AGGRESSIVE_75,THREE_TIER_TIGHT,2.22,-6.57,-12.8,0.84,-2.48,-10.4,0.7,41.62,-14.4,-7.83,-14.4,1.0,0.73,21.0,42.9
SW_0713,SW_0713: DONCHIAN_TURT | 3Slots | LIVERMORE_ | ASYMMETRIC_R,DONCHIAN_TURTLE,3,LIVERMORE_50,ASYMMETRIC_RUNNER,2.18,-12.01,-22.8,0.73,-8.56,-32.5,1.48,76.96,3.96,10.52,4.0,0.87,1.03,10.2,55.1
SW_0484,SW_0484: MINERVINI_VCP | 8Slots | NONE | REGIME_ADAPT,MINERVINI_VCP,8,NONE,REGIME_ADAPTIVE,2.05,-3.92,-7.8,0.97,-2.71,-11.4,0.91,36.5,-8.5,-1.93,-8.5,1.21,0.82,13.9,41.0
SW_0787,SW_0787: DONCHIAN_TURT | 8Slots | CONSERVATI | THREE_TIER_W,DONCHIAN_TURTLE,8,CONSERVATIVE_25,THREE_TIER_WIDE,1.94,-17.8,-32.6,0.63,-3.04,-12.7,0.99,61.53,14.68,21.24,14.7,1.0,1.2,8.1,54.4
SW_0730,SW_0730: DONCHIAN_TURT | 4Slots | CONSERVATI | CHANDELIER_R,DONCHIAN_TURTLE,4,CONSERVATIVE_25,CHANDELIER_RUNNER,1.89,-24.93,-43.9,0.59,-1.85,-7.9,0.69,67.01,21.75,28.32,21.8,0.99,1.3,10.6,57.3
SW_0408,SW_0408: MINERVINI_VCP | 3Slots | CONSERVATI | ASYMMETRIC_R,MINERVINI_VCP,3,CONSERVATIVE_25,ASYMMETRIC_RUNNER,1.82,-2.14,-4.3,0.72,-2.64,-11.1,1.18,23.9,-8.72,-2.15,-8.7,1.08,0.79,19.7,43.2
SW_0499,SW_0499: MINERVINI_VCP | 8Slots | AGGRESSIVE | REGIME_ADAPT,MINERVINI_VCP,8,AGGRESSIVE_75,REGIME_ADAPTIVE,1.58,-5.5,-10.8,0.84,-6.19,-24.5,0.65,52.54,-10.85,-4.29,-10.8,1.03,0.78,17.7,43.0
SW_0542,SW_0542: OVERSOLD_SPRI | 5Slots | NONE | THREE_TIER_W,OVERSOLD_SPRINGBOARD,5,NONE,THREE_TIER_WIDE,1.5,-14.8,-27.6,1.0,0.08,0.4,1.33,22.91,19.87,26.44,19.9,1.26,1.3,9.1,50.7
SW_0767,SW_0767: DONCHIAN_TURT | 6Slots | CONSERVATI | THREE_TIER_W,DONCHIAN_TURTLE,6,CONSERVATIVE_25,THREE_TIER_WIDE,1.49,-17.8,-32.6,0.68,-4.66,-18.9,0.8,65.67,11.94,18.5,11.9,0.93,1.14,10.9,55.3
SW_0409,SW_0409: MINERVINI_VCP | 3Slots | CONSERVATI | REGIME_ADAPT,MINERVINI_VCP,3,CONSERVATIVE_25,REGIME_ADAPTIVE,1.33,-13.82,-25.9,0.6,-1.79,-7.7,0.86,51.99,-18.94,-12.37,-18.9,0.88,0.68,23.8,42.1
SW_0739,SW_0739: DONCHIAN_TURT | 4Slots | AGGRESSIVE | REGIME_ADAPT,DONCHIAN_TURTLE,4,AGGRESSIVE_75,REGIME_ADAPTIVE,1.3,-13.54,-25.4,0.73,-7.13,-27.8,0.57,77.79,-4.98,1.58,-5.0,0.81,0.9,12.1,52.9
SW_0878,SW_0878: RANGE_EXPANSI | 6Slots | AGGRESSIVE | ASYMMETRIC_R,RANGE_EXPANSION_BURST,6,AGGRESSIVE_75,ASYMMETRIC_RUNNER,1.2,-21.14,-38.0,0.76,1.2,5.4,1.31,42.45,-4.39,2.17,-4.4,1.01,0.89,17.6,48.4
SW_0426,SW_0426: MINERVINI_VCP | 4Slots | CONSERVATI | THREE_TIER_T,MINERVINI_VCP,4,CONSERVATIVE_25,THREE_TIER_TIGHT,1.06,-4.92,-9.7,0.7,-3.14,-13.1,0.74,34.59,-11.71,-5.15,-11.7,1.05,0.79,20.5,44.3
SW_0921,SW_0921: MULTI_FACTOR_ | 4Slots | NONE | THREE_TIER_T,MULTI_FACTOR_APEX,4,NONE,THREE_TIER_TIGHT,0.96,-25.5,-44.8,0.85,6.96,34.4,1.0,15.17,-1.79,4.77,-1.8,0.91,0.89,25.5,50.9
SW_0796,SW_0796: DONCHIAN_TURT | 8Slots | AGGRESSIVE | THREE_TIER_T,DONCHIAN_TURTLE,8,AGGRESSIVE_75,THREE_TIER_TIGHT,0.95,-13.3,-25.0,0.91,-7.23,-28.1,0.86,64.05,12.08,18.65,12.1,1.07,1.14,9.9,51.2
SW_0929,SW_0929: MULTI_FACTOR_ | 4Slots | CONSERVATI | REGIME_ADAPT,MULTI_FACTOR_APEX,4,CONSERVATIVE_25,REGIME_ADAPTIVE,0.94,-24.39,-43.1,0.71,3.04,14.1,0.82,30.54,-0.51,6.05,-0.5,0.87,0.93,25.1,54.3
SW_0494,SW_0494: MINERVINI_VCP | 8Slots | LIVERMORE_ | REGIME_ADAPT,MINERVINI_VCP,8,LIVERMORE_50,REGIME_ADAPTIVE,0.94,-7.91,-15.3,0.74,-3.32,-13.8,0.77,44.85,-11.12,-4.56,-11.1,1.07,0.78,14.6,43.3
SW_0795,SW_0795: DONCHIAN_TURT | 8Slots | LIVERMORE_ | CHANDELIER_R,DONCHIAN_TURTLE,8,LIVERMORE_50,CHANDELIER_RUNNER,0.92,-16.35,-30.2,0.67,-10.14,-37.5,0.59,79.47,18.4,24.96,18.4,1.01,1.3,11.0,56.8
SW_0792,SW_0792: DONCHIAN_TURT | 8Slots | LIVERMORE_ | THREE_TIER_W,DONCHIAN_TURTLE,8,LIVERMORE_50,THREE_TIER_WIDE,0.82,-17.11,-31.5,0.65,-6.94,-27.1,1.0,63.69,23.36,29.93,23.4,1.04,1.36,8.9,56.4
SW_0712,SW_0712: DONCHIAN_TURT | 3Slots | LIVERMORE_ | THREE_TIER_W,DONCHIAN_TURTLE,3,LIVERMORE_50,THREE_TIER_WIDE,0.78,-16.15,-29.9,0.78,-5.85,-23.3,0.91,67.66,4.6,11.16,4.6,0.9,1.04,12.8,52.4
SW_0715,SW_0715: DONCHIAN_TURT | 3Slots | LIVERMORE_ | CHANDELIER_R,DONCHIAN_TURTLE,3,LIVERMORE_50,CHANDELIER_RUNNER,0.42,-19.33,-35.1,0.8,-6.17,-24.4,0.51,77.72,-1.38,5.19,-1.4,0.8,0.95,17.2,51.6
SW_0444,SW_0444: MINERVINI_VCP | 5Slots | NONE | REGIME_ADAPT,MINERVINI_VCP,5,NONE,REGIME_ADAPTIVE,0.38,-6.26,-12.2,0.97,-4.48,-18.3,0.88,42.66,-16.48,-9.92,-16.5,1.05,0.71,20.2,40.0
SW_0711,SW_0711: DONCHIAN_TURT | 3Slots | LIVERMORE_ | THREE_TIER_T,DONCHIAN_TURTLE,3,LIVERMORE_50,THREE_TIER_TIGHT,0.3,-12.22,-23.1,0.9,-8.9,-33.6,0.77,59.59,11.97,18.53,12.0,0.97,1.15,10.4,53.2
SW_0798,SW_0798: DONCHIAN_TURT | 8Slots | AGGRESSIVE | ASYMMETRIC_R,DONCHIAN_TURTLE,8,AGGRESSIVE_75,ASYMMETRIC_RUNNER,0.2,-10.96,-20.9,0.8,-10.54,-38.7,0.66,63.75,15.98,22.54,16.0,0.95,1.24,10.9,56.6
SW_0914,SW_0914: MULTI_FACTOR_ | 3Slots | LIVERMORE_ | REGIME_ADAPT,MULTI_FACTOR_APEX,3,LIVERMORE_50,REGIME_ADAPTIVE,0.05,-21.44,-38.5,0.72,1.11,5.0,0.66,9.43,21.57,28.13,21.6,0.95,1.29,13.3,59.5
SW_0429,SW_0429: MINERVINI_VCP | 4Slots | CONSERVATI | REGIME_ADAPT,MINERVINI_VCP,4,CONSERVATIVE_25,REGIME_ADAPTIVE,-0.31,-7.62,-14.8,0.74,-5.12,-20.6,0.93,37.14,-7.83,-1.27,-7.8,1.11,0.86,17.3,44.2
SW_0489,SW_0489: MINERVINI_VCP | 8Slots | CONSERVATI | REGIME_ADAPT,MINERVINI_VCP,8,CONSERVATIVE_25,REGIME_ADAPTIVE,-0.42,-7.99,-15.4,0.78,-4.43,-18.1,0.91,38.32,-5.16,1.4,-5.2,1.24,0.88,11.4,42.5
SW_0474,SW_0474: MINERVINI_VCP | 6Slots | LIVERMORE_ | REGIME_ADAPT,MINERVINI_VCP,6,LIVERMORE_50,REGIME_ADAPTIVE,-0.42,-8.26,-16.0,0.69,-3.9,-16.0,0.95,44.07,-16.56,-10.0,-16.6,0.89,0.69,17.2,44.3
SW_0406,SW_0406: MINERVINI_VCP | 3Slots | CONSERVATI | THREE_TIER_T,MINERVINI_VCP,3,CONSERVATIVE_25,THREE_TIER_TIGHT,-0.47,-1.81,-3.6,0.74,-6.13,-24.3,0.56,32.46,-15.39,-8.82,-15.4,0.92,0.75,20.7,45.8
SW_0717,SW_0717: DONCHIAN_TURT | 3Slots | AGGRESSIVE | THREE_TIER_W,DONCHIAN_TURTLE,3,AGGRESSIVE_75,THREE_TIER_WIDE,-0.62,-13.85,-26.0,0.8,-9.84,-36.6,0.71,69.54,7.65,14.21,7.7,0.92,1.1,12.7,57.3
SW_0777,SW_0777: DONCHIAN_TURT | 6Slots | AGGRESSIVE | THREE_TIER_W,DONCHIAN_TURTLE,6,AGGRESSIVE_75,THREE_TIER_WIDE,-0.67,-13.86,-26.0,1.01,-11.45,-41.4,0.66,70.74,17.37,23.93,17.4,1.12,1.23,11.3,52.0
SW_0752,SW_0752: DONCHIAN_TURT | 5Slots | LIVERMORE_ | THREE_TIER_W,DONCHIAN_TURTLE,5,LIVERMORE_50,THREE_TIER_WIDE,-0.73,-14.03,-26.3,0.64,-9.35,-35.1,0.86,76.79,-0.12,6.45,-0.1,0.84,0.96,12.8,54.2
SW_0748,SW_0748: DONCHIAN_TURT | 5Slots | CONSERVATI | ASYMMETRIC_R,DONCHIAN_TURTLE,5,CONSERVATIVE_25,ASYMMETRIC_RUNNER,-0.97,-15.92,-29.5,0.68,-7.35,-28.5,0.64,60.69,12.97,19.53,13.0,0.91,1.17,11.1,56.1
SW_0756,SW_0756: DONCHIAN_TURT | 5Slots | AGGRESSIVE | THREE_TIER_T,DONCHIAN_TURTLE,5,AGGRESSIVE_75,THREE_TIER_TIGHT,-0.98,-14.66,-27.4,0.88,-6.89,-27.0,0.56,64.08,5.61,12.17,5.6,1.09,1.04,11.9,49.1
SW_0765,SW_0765: DONCHIAN_TURT | 6Slots | NONE | CHANDELIER_R,DONCHIAN_TURTLE,6,NONE,CHANDELIER_RUNNER,-1.18,-21.02,-37.9,0.57,-5.81,-23.1,0.91,61.65,18.06,24.62,18.1,1.08,1.25,12.0,53.8
SW_0449,SW_0449: MINERVINI_VCP | 5Slots | CONSERVATI | REGIME_ADAPT,MINERVINI_VCP,5,CONSERVATIVE_25,REGIME_ADAPTIVE,-1.63,-6.87,-13.4,0.72,-6.38,-25.2,0.86,40.66,-10.07,-3.51,-10.1,1.03,0.81,17.8,44.9
SW_0736,SW_0736: DONCHIAN_TURT | 4Slots | AGGRESSIVE | THREE_TIER_T,DONCHIAN_TURTLE,4,AGGRESSIVE_75,THREE_TIER_TIGHT,-1.68,-13.04,-24.6,0.94,-10.23,-37.8,0.72,77.93,-8.25,-1.69,-8.2,0.96,0.87,16.6,48.6
SW_0853,SW_0853: RANGE_EXPANSI | 5Slots | LIVERMORE_ | ASYMMETRIC_R,RANGE_EXPANSION_BURST,5,LIVERMORE_50,ASYMMETRIC_RUNNER,-1.71,-18.37,-33.6,0.57,-1.13,-4.9,1.31,37.91,-5.27,1.29,-5.3,1.17,0.9,12.0,45.5
SW_0750,SW_0750: DONCHIAN_TURT | 5Slots | CONSERVATI | CHANDELIER_R,DONCHIAN_TURTLE,5,CONSERVATIVE_25,CHANDELIER_RUNNER,-1.79,-18.44,-33.7,0.65,-8.74,-33.1,0.49,65.16,17.11,23.67,17.1,1.03,1.25,10.4,55.5
SW_0732,SW_0732: DONCHIAN_TURT | 4Slots | LIVERMORE_ | THREE_TIER_W,DONCHIAN_TURTLE,4,LIVERMORE_50,THREE_TIER_WIDE,-1.89,-14.78,-27.6,0.66,-6.9,-27.0,0.68,73.31,-7.85,-1.29,-7.8,0.87,0.86,16.0,48.9
SW_0788,SW_0788: DONCHIAN_TURT | 8Slots | CONSERVATI | ASYMMETRIC_R,DONCHIAN_TURTLE,8,CONSERVATIVE_25,ASYMMETRIC_RUNNER,-2.02,-17.23,-31.7,0.61,-5.23,-21.0,0.79,57.46,7.65,14.22,7.7,0.87,1.08,10.6,55.1
SW_0728,SW_0728: DONCHIAN_TURT | 4Slots | CONSERVATI | ASYMMETRIC_R,DONCHIAN_TURTLE,4,CONSERVATIVE_25,ASYMMETRIC_RUNNER,-2.05,-15.56,-28.9,0.69,-10.11,-37.4,0.58,63.56,10.01,16.57,10.0,0.93,1.1,10.7,54.3
SW_0479,SW_0479: MINERVINI_VCP | 6Slots | AGGRESSIVE | REGIME_ADAPT,MINERVINI_VCP,6,AGGRESSIVE_75,REGIME_ADAPTIVE,-2.33,-6.28,-12.3,0.73,-7.19,-28.0,0.73,37.87,-9.88,-3.32,-9.9,1.01,0.81,15.6,45.0
SW_0768,SW_0768: DONCHIAN_TURT | 6Slots | CONSERVATI | ASYMMETRIC_R,DONCHIAN_TURTLE,6,CONSERVATIVE_25,ASYMMETRIC_RUNNER,-2.96,-17.02,-31.4,0.61,-8.25,-31.5,0.64,67.24,0.43,6.99,0.4,0.91,0.97,14.6,51.9
SW_0876,SW_0876: RANGE_EXPANSI | 6Slots | AGGRESSIVE | THREE_TIER_T,RANGE_EXPANSION_BURST,6,AGGRESSIVE_75,THREE_TIER_TIGHT,-3.04,-24.55,-43.3,0.72,2.72,12.5,1.27,43.56,-25.73,-19.17,-25.7,0.98,0.69,31.6,42.3
SW_0401,SW_0401: MINERVINI_VCP | 3Slots | NONE | THREE_TIER_T,MINERVINI_VCP,3,NONE,THREE_TIER_TIGHT,-3.17,-4.48,-8.8,0.73,-4.91,-19.9,0.65,27.54,-21.86,-15.3,-21.9,0.96,0.67,25.1,41.8
SW_0875,SW_0875: RANGE_EXPANSI | 6Slots | LIVERMORE_ | CHANDELIER_R,RANGE_EXPANSION_BURST,6,LIVERMORE_50,CHANDELIER_RUNNER,-3.32,-20.45,-37.0,0.57,1.28,5.7,1.14,25.22,-7.18,-0.62,-7.2,1.11,0.88,17.4,45.6
SW_0754,SW_0754: DONCHIAN_TURT | 5Slots | LIVERMORE_ | REGIME_ADAPT,DONCHIAN_TURTLE,5,LIVERMORE_50,REGIME_ADAPTIVE,-3.43,-13.65,-25.6,0.8,-9.86,-36.7,0.4,62.11,2.9,9.47,2.9,0.83,1.01,11.1,55.0
SW_0801,SW_0801: RANGE_EXPANSI | 3Slots | NONE | THREE_TIER_T,RANGE_EXPANSION_BURST,3,NONE,THREE_TIER_TIGHT,-3.59,-20.15,-36.5,0.77,3.4,15.8,1.29,17.39,-18.58,-12.02,-18.6,1.11,0.78,26.9,44.9
SW_0791,SW_0791: DONCHIAN_TURT | 8Slots | LIVERMORE_ | THREE_TIER_T,DONCHIAN_TURTLE,8,LIVERMORE_50,THREE_TIER_TIGHT,-3.67,-15.82,-29.3,0.86,-8.0,-30.7,0.87,49.47,12.04,18.61,12.0,1.03,1.14,9.8,52.7
SW_0858,SW_0858: RANGE_EXPANSI | 5Slots | AGGRESSIVE | ASYMMETRIC_R,RANGE_EXPANSION_BURST,5,AGGRESSIVE_75,ASYMMETRIC_RUNNER,-3.67,-18.95,-34.5,0.44,-2.22,-9.4,1.23,34.03,-8.88,-2.32,-8.9,1.0,0.84,17.3,47.7
SW_0873,SW_0873: RANGE_EXPANSI | 6Slots | LIVERMORE_ | ASYMMETRIC_R,RANGE_EXPANSION_BURST,6,LIVERMORE_50,ASYMMETRIC_RUNNER,-3.71,-24.85,-43.8,0.66,-0.86,-3.7,1.2,40.31,-6.7,-0.13,-6.7,0.98,0.87,16.0,47.2
SW_0747,SW_0747: DONCHIAN_TURT | 5Slots | CONSERVATI | THREE_TIER_W,DONCHIAN_TURTLE,5,CONSERVATIVE_25,THREE_TIER_WIDE,-3.81,-16.85,-31.1,0.76,-10.01,-37.1,0.75,69.78,0.64,7.2,0.6,0.87,0.97,15.3,53.0
SW_0783,SW_0783: DONCHIAN_TURT | 8Slots | NONE | ASYMMETRIC_R,DONCHIAN_TURTLE,8,NONE,ASYMMETRIC_RUNNER,-3.86,-18.05,-33.1,0.62,-5.44,-21.8,0.92,46.27,10.94,17.5,10.9,0.98,1.14,8.5,53.8
SW_0731,SW_0731: DONCHIAN_TURT | 4Slots | LIVERMORE_ | THREE_TIER_T,DONCHIAN_TURTLE,4,LIVERMORE_50,THREE_TIER_TIGHT,-3.92,-14.29,-26.7,0.87,-9.98,-37.0,0.8,63.95,3.68,10.24,3.7,1.07,1.02,15.3,47.6
SW_0785,SW_0785: DONCHIAN_TURT | 8Slots | NONE | CHANDELIER_R,DONCHIAN_TURTLE,8,NONE,CHANDELIER_RUNNER,-3.93,-21.29,-38.3,0.53,-7.17,-27.9,0.87,55.26,19.09,25.65,19.1,1.03,1.3,9.3,55.8
SW_0790,SW_0790: DONCHIAN_TURT | 8Slots | CONSERVATI | CHANDELIER_R,DONCHIAN_TURTLE,8,CONSERVATIVE_25,CHANDELIER_RUNNER,-3.98,-19.6,-35.6,0.58,-11.2,-40.7,0.51,70.45,14.24,20.81,14.2,0.94,1.2,9.7,57.0
SW_0727,SW_0727: DONCHIAN_TURT | 4Slots | CONSERVATI | THREE_TIER_W,DONCHIAN_TURTLE,4,CONSERVATIVE_25,THREE_TIER_WIDE,-4.06,-16.57,-30.6,0.71,-8.08,-31.0,0.66,60.82,1.45,8.01,1.4,0.85,0.98,12.6,53.6
SW_0772,SW_0772: DONCHIAN_TURT | 6Slots | LIVERMORE_ | THREE_TIER_W,DONCHIAN_TURTLE,6,LIVERMORE_50,THREE_TIER_WIDE,-4.12,-19.37,-35.2,0.72,-8.79,-33.3,0.81,66.37,5.89,12.46,5.9,0.93,1.06,12.8,53.8
SW_0775,SW_0775: DONCHIAN_TURT | 6Slots | LIVERMORE_ | CHANDELIER_R,DONCHIAN_TURTLE,6,LIVERMORE_50,CHANDELIER_RUNNER,-4.14,-20.4,-36.9,0.63,-9.99,-37.0,0.51,73.91,4.59,11.16,4.6,0.87,1.04,13.6,57.2
SW_0841,SW_0841: RANGE_EXPANSI | 5Slots | NONE | THREE_TIER_T,RANGE_EXPANSION_BURST,5,NONE,THREE_TIER_TIGHT,-4.23,-26.05,-45.6,0.81,3.22,14.9,1.25,34.25,-23.06,-16.5,-23.1,1.07,0.74,29.4,41.7
SW_0709,SW_0709: DONCHIAN_TURT | 3Slots | CONSERVATI | REGIME_ADAPT,DONCHIAN_TURTLE,3,CONSERVATIVE_25,REGIME_ADAPTIVE,-4.24,-19.98,-36.2,0.85,-11.36,-41.1,0.92,76.56,1.99,8.56,2.0,0.9,0.97,20.4,52.4
SW_0821,SW_0821: RANGE_EXPANSI | 4Slots | NONE | THREE_TIER_T,RANGE_EXPANSION_BURST,4,NONE,THREE_TIER_TIGHT,-4.25,-28.62,-49.3,0.82,2.06,9.4,1.27,33.73,-13.99,-7.42,-14.0,1.12,0.83,23.5,44.3
SW_0825,SW_0825: RANGE_EXPANSI | 4Slots | NONE | CHANDELIER_R,RANGE_EXPANSION_BURST,4,NONE,CHANDELIER_RUNNER,-4.42,-15.3,-28.4,0.75,-0.33,-1.4,1.25,25.47,-25.45,-18.89,-25.4,1.02,0.66,32.4,40.6
SW_0763,SW_0763: DONCHIAN_TURT | 6Slots | NONE | ASYMMETRIC_R,DONCHIAN_TURTLE,6,NONE,ASYMMETRIC_RUNNER,-4.58,-15.32,-28.5,0.65,-9.13,-34.4,0.72,54.43,5.59,12.15,5.6,1.06,1.04,11.7,49.7
SW_0710,SW_0710: DONCHIAN_TURT | 3Slots | CONSERVATI | CHANDELIER_R,DONCHIAN_TURTLE,3,CONSERVATIVE_25,CHANDELIER_RUNNER,-4.58,-25.1,-44.2,0.52,-14.04,-48.6,0.5,81.9,17.14,23.7,17.1,0.81,1.25,10.3,61.2
SW_0786,SW_0786: DONCHIAN_TURT | 8Slots | CONSERVATI | THREE_TIER_T,DONCHIAN_TURTLE,8,CONSERVATIVE_25,THREE_TIER_TIGHT,-4.77,-19.9,-36.1,0.69,-7.29,-28.3,0.84,52.39,11.81,18.37,11.8,1.03,1.14,10.9,52.4
SW_0762,SW_0762: DONCHIAN_TURT | 6Slots | NONE | THREE_TIER_W,DONCHIAN_TURTLE,6,NONE,THREE_TIER_WIDE,-4.78,-18.88,-34.4,0.7,-6.75,-26.5,0.89,51.05,9.83,16.39,9.8,1.02,1.11,9.6,52.2
SW_0751,SW_0751: DONCHIAN_TURT | 5Slots | LIVERMORE_ | THREE_TIER_T,DONCHIAN_TURTLE,5,LIVERMORE_50,THREE_TIER_TIGHT,-4.79,-16.31,-30.2,0.81,-6.3,-24.9,0.66,52.17,-1.53,5.03,-1.5,1.07,0.95,13.3,47.2
SW_0759,SW_0759: DONCHIAN_TURT | 5Slots | AGGRESSIVE | REGIME_ADAPT,DONCHIAN_TURTLE,5,AGGRESSIVE_75,REGIME_ADAPTIVE,-4.82,-14.34,-26.8,0.79,-11.02,-40.1,0.34,68.24,-3.64,2.92,-3.6,0.81,0.91,10.7,54.4
SW_0823,SW_0823: RANGE_EXPANSI | 4Slots | NONE | ASYMMETRIC_R,RANGE_EXPANSION_BURST,4,NONE,ASYMMETRIC_RUNNER,-4.95,-9.01,-17.3,0.84,-1.46,-6.3,1.26,10.95,-19.61,-13.05,-19.6,1.13,0.75,24.6,39.1
SW_0729,SW_0729: DONCHIAN_TURT | 4Slots | CONSERVATI | REGIME_ADAPT,DONCHIAN_TURTLE,4,CONSERVATIVE_25,REGIME_ADAPTIVE,-4.97,-20.73,-37.4,0.74,-9.73,-36.2,0.65,68.24,9.11,15.67,9.1,0.95,1.08,9.8,52.6
SW_0773,SW_0773: DONCHIAN_TURT | 6Slots | LIVERMORE_ | ASYMMETRIC_R,DONCHIAN_TURTLE,6,LIVERMORE_50,ASYMMETRIC_RUNNER,-5.04,-17.69,-32.5,0.65,-8.3,-31.7,0.61,57.63,2.52,9.08,2.5,0.93,1.0,12.9,51.6
SW_0774,SW_0774: DONCHIAN_TURT | 6Slots | LIVERMORE_ | REGIME_ADAPT,DONCHIAN_TURTLE,6,LIVERMORE_50,REGIME_ADAPTIVE,-5.11,-14.03,-26.3,0.9,-12.49,-44.4,0.62,70.45,-2.81,3.76,-2.8,0.82,0.93,14.0,52.5
SW_0799,SW_0799: DONCHIAN_TURT | 8Slots | AGGRESSIVE | REGIME_ADAPT,DONCHIAN_TURTLE,8,AGGRESSIVE_75,REGIME_ADAPTIVE,-5.17,-15.04,-28.0,0.82,-10.25,-37.8,0.73,64.35,-3.11,3.45,-3.1,0.88,0.93,10.8,51.2
SW_0860,SW_0860: RANGE_EXPANSI | 5Slots | AGGRESSIVE | CHANDELIER_R,RANGE_EXPANSION_BURST,5,AGGRESSIVE_75,CHANDELIER_RUNNER,-5.24,-11.79,-22.4,0.55,-5.53,-22.1,0.83,26.1,-11.02,-4.45,-11.0,1.19,0.83,22.3,43.5
SW_0810,SW_0810: RANGE_EXPANSI | 3Slots | CONSERVATI | CHANDELIER_R,RANGE_EXPANSION_BURST,3,CONSERVATIVE_25,CHANDELIER_RUNNER,-5.35,-20.26,-36.6,0.53,-20.64,14.5,0.76,22.05,-28.81,-22.24,-28.8,0.88,0.61,32.2,42.0
SW_0779,SW_0779: DONCHIAN_TURT | 6Slots | AGGRESSIVE | REGIME_ADAPT,DONCHIAN_TURTLE,6,AGGRESSIVE_75,REGIME_ADAPTIVE,-5.5,-15.86,-29.4,0.96,-11.29,-40.9,0.64,68.77,-5.02,1.55,-5.0,0.91,0.9,13.2,49.1
SW_0826,SW_0826: RANGE_EXPANSI | 4Slots | CONSERVATI | THREE_TIER_T,RANGE_EXPANSION_BURST,4,CONSERVATIVE_25,THREE_TIER_TIGHT,-5.62,-26.53,-46.3,0.66,3.2,14.9,1.12,22.04,-17.87,-11.31,-17.9,1.01,0.78,27.0,43.5
SW_0708,SW_0708: DONCHIAN_TURT | 3Slots | CONSERVATI | ASYMMETRIC_R,DONCHIAN_TURTLE,3,CONSERVATIVE_25,ASYMMETRIC_RUNNER,-5.69,-19.94,-36.1,0.51,-12.02,-43.0,0.72,61.07,19.09,25.65,19.1,0.92,1.23,11.2,57.3
SW_0769,SW_0769: DONCHIAN_TURT | 6Slots | CONSERVATI | REGIME_ADAPT,DONCHIAN_TURTLE,6,CONSERVATIVE_25,REGIME_ADAPTIVE,-5.72,-14.81,-27.6,0.81,-12.73,-45.1,0.6,66.75,-0.29,6.27,-0.3,0.88,0.97,12.1,51.9
SW_0745,SW_0745: DONCHIAN_TURT | 5Slots | NONE | CHANDELIER_R,DONCHIAN_TURTLE,5,NONE,CHANDELIER_RUNNER,-5.76,-18.97,-34.6,0.62,-9.65,-36.0,0.61,49.34,19.34,25.9,19.3,1.1,1.27,11.0,53.8
SW_0900,SW_0900: RANGE_EXPANSI | 8Slots | AGGRESSIVE | CHANDELIER_R,RANGE_EXPANSION_BURST,8,AGGRESSIVE_75,CHANDELIER_RUNNER,-5.92,-24.83,-43.8,0.54,-0.78,-3.4,1.13,31.71,-2.77,3.8,-2.8,0.99,0.94,17.2,48.7
SW_0782,SW_0782: DONCHIAN_TURT | 8Slots | NONE | THREE_TIER_W,DONCHIAN_TURTLE,8,NONE,THREE_TIER_WIDE,-6.0,-20.35,-36.8,0.62,-7.24,-28.2,0.84,48.85,11.27,17.84,11.3,1.02,1.14,8.3,52.6
SW_0794,SW_0794: DONCHIAN_TURT | 8Slots | LIVERMORE_ | REGIME_ADAPT,DONCHIAN_TURTLE,8,LIVERMORE_50,REGIME_ADAPTIVE,-6.15,-15.1,-28.1,0.78,-12.27,-43.8,0.65,64.84,-2.65,3.92,-2.6,0.84,0.93,12.6,53.4
SW_0723,SW_0723: DONCHIAN_TURT | 4Slots | NONE | ASYMMETRIC_R,DONCHIAN_TURTLE,4,NONE,ASYMMETRIC_RUNNER,-6.32,-13.14,-24.7,0.73,-11.62,-41.9,0.69,47.42,8.38,14.95,8.4,0.99,1.07,9.5,52.1
SW_0410,SW_0410: MINERVINI_VCP | 3Slots | CONSERVATI | CHANDELIER_R,MINERVINI_VCP,3,CONSERVATIVE_25,CHANDELIER_RUNNER,-6.35,-9.9,-19.0,0.62,-3.35,-13.9,0.78,15.28,-12.3,-5.73,-12.3,1.16,0.78,26.5,41.2
SW_0871,SW_0871: RANGE_EXPANSI | 6Slots | LIVERMORE_ | THREE_TIER_T,RANGE_EXPANSION_BURST,6,LIVERMORE_50,THREE_TIER_TIGHT,-6.37,-27.29,-47.4,0.64,2.27,10.4,1.14,33.23,-22.5,-15.94,-22.5,0.92,0.73,29.1,45.0
SW_0749,SW_0749: DONCHIAN_TURT | 5Slots | CONSERVATI | REGIME_ADAPT,DONCHIAN_TURTLE,5,CONSERVATIVE_25,REGIME_ADAPTIVE,-6.7,-15.85,-29.4,0.89,-13.24,-46.5,0.64,64.8,1.78,8.35,1.8,0.87,0.99,11.8,52.4
SW_0843,SW_0843: RANGE_EXPANSI | 5Slots | NONE | ASYMMETRIC_R,RANGE_EXPANSION_BURST,5,NONE,ASYMMETRIC_RUNNER,-6.74,-20.51,-37.1,0.76,1.7,7.7,1.27,19.76,-26.81,-20.25,-26.8,1.06,0.67,30.3,38.8
SW_0805,SW_0805: RANGE_EXPANSI | 3Slots | NONE | CHANDELIER_R,RANGE_EXPANSION_BURST,3,NONE,CHANDELIER_RUNNER,-6.86,-19.71,-35.8,0.71,-0.41,-1.8,1.14,31.26,-26.85,-20.29,-26.9,0.98,0.67,33.5,40.4
SW_0789,SW_0789: DONCHIAN_TURT | 8Slots | CONSERVATI | REGIME_ADAPT,DONCHIAN_TURTLE,8,CONSERVATIVE_25,REGIME_ADAPTIVE,-6.86,-14.13,-26.4,0.78,-11.8,-42.4,0.65,55.71,1.5,8.07,1.5,0.87,0.99,10.7,53.3
SW_0838,SW_0838: RANGE_EXPANSI | 4Slots | AGGRESSIVE | ASYMMETRIC_R,RANGE_EXPANSION_BURST,4,AGGRESSIVE_75,ASYMMETRIC_RUNNER,-6.87,-15.77,-29.3,0.57,-4.47,-18.2,1.43,11.51,2.27,8.84,2.3,1.19,1.01,13.4,46.8
SW_0851,SW_0851: RANGE_EXPANSI | 5Slots | LIVERMORE_ | THREE_TIER_T,RANGE_EXPANSION_BURST,5,LIVERMORE_50,THREE_TIER_TIGHT,-6.97,-20.23,-36.6,0.72,-2.37,-10.0,0.9,34.18,-17.22,-10.66,-17.2,0.91,0.76,22.5,46.2
SW_0852,SW_0852: RANGE_EXPANSI | 5Slots | LIVERMORE_ | THREE_TIER_W,RANGE_EXPANSION_BURST,5,LIVERMORE_50,THREE_TIER_WIDE,-7.03,-21.34,-38.4,0.65,0.19,0.8,1.27,17.85,-21.3,-14.74,-21.3,1.02,0.7,24.7,41.0
SW_0891,SW_0891: RANGE_EXPANSI | 8Slots | LIVERMORE_ | THREE_TIER_T,RANGE_EXPANSION_BURST,8,LIVERMORE_50,THREE_TIER_TIGHT,-7.15,-29.08,-50.0,0.69,2.22,10.2,1.06,34.16,-19.0,-12.43,-19.0,0.94,0.76,24.6,44.1
SW_0877,SW_0877: RANGE_EXPANSI | 6Slots | AGGRESSIVE | THREE_TIER_W,RANGE_EXPANSION_BURST,6,AGGRESSIVE_75,THREE_TIER_WIDE,-7.2,-22.09,-39.5,0.75,-0.54,-2.4,1.1,33.81,-28.69,-22.13,-28.7,0.91,0.63,35.5,41.1
SW_0840,SW_0840: RANGE_EXPANSI | 4Slots | AGGRESSIVE | CHANDELIER_R,RANGE_EXPANSION_BURST,4,AGGRESSIVE_75,CHANDELIER_RUNNER,-7.24,-11.5,-21.8,0.39,-10.18,-37.6,0.7,29.92,2.64,9.21,2.6,1.11,1.03,14.7,48.2
SW_0820,SW_0820: RANGE_EXPANSI | 3Slots | AGGRESSIVE | CHANDELIER_R,RANGE_EXPANSION_BURST,3,AGGRESSIVE_75,CHANDELIER_RUNNER,-7.43,-12.27,-23.2,0.34,-7.68,-29.6,0.63,33.3,-15.96,-9.4,-16.0,1.01,0.75,20.7,43.8
SW_0818,SW_0818: RANGE_EXPANSI | 3Slots | AGGRESSIVE | ASYMMETRIC_R,RANGE_EXPANSION_BURST,3,AGGRESSIVE_75,ASYMMETRIC_RUNNER,-7.48,-14.18,-26.5,0.38,0.36,1.6,1.5,-7.03,-10.81,-4.25,-10.8,1.06,0.82,18.7,43.2
SW_0857,SW_0857: RANGE_EXPANSI | 5Slots | AGGRESSIVE | THREE_TIER_W,RANGE_EXPANSION_BURST,5,AGGRESSIVE_75,THREE_TIER_WIDE,-7.59,-18.91,-34.5,0.51,-3.09,-12.9,1.37,23.75,-11.45,-4.89,-11.4,1.13,0.83,19.7,41.8
SW_0867,SW_0867: RANGE_EXPANSI | 6Slots | CONSERVATI | THREE_TIER_W,RANGE_EXPANSION_BURST,6,CONSERVATIVE_25,THREE_TIER_WIDE,-7.61,-26.34,-46.0,0.66,0.38,1.7,1.27,24.15,-14.81,-8.25,-14.8,1.14,0.8,23.4,41.5
SW_0714,SW_0714: DONCHIAN_TURT | 3Slots | LIVERMORE_ | REGIME_ADAPT,DONCHIAN_TURTLE,3,LIVERMORE_50,REGIME_ADAPTIVE,-7.67,-17.68,-32.5,0.72,-9.76,-36.3,0.86,48.75,-1.53,5.03,-1.5,0.88,0.95,13.7,51.8
SW_0813,SW_0813: RANGE_EXPANSI | 3Slots | LIVERMORE_ | ASYMMETRIC_R,RANGE_EXPANSION_BURST,3,LIVERMORE_50,ASYMMETRIC_RUNNER,-7.68,-13.89,-26.0,0.52,0.01,0.0,1.42,-11.26,-8.51,-1.95,-8.5,1.11,0.86,18.2,42.6
SW_0764,SW_0764: DONCHIAN_TURT | 6Slots | NONE | REGIME_ADAPT,DONCHIAN_TURTLE,6,NONE,REGIME_ADAPTIVE,-7.87,-17.46,-32.1,0.83,-10.94,-39.9,0.71,57.22,-0.19,6.37,-0.2,0.9,0.97,12.1,51.9
SW_0868,SW_0868: RANGE_EXPANSI | 6Slots | CONSERVATI | ASYMMETRIC_R,RANGE_EXPANSION_BURST,6,CONSERVATIVE_25,ASYMMETRIC_RUNNER,-7.97,-26.98,-47.0,0.58,-1.67,-7.1,1.2,32.36,-12.8,-6.24,-12.8,0.99,0.8,19.7,45.8
SW_0833,SW_0833: RANGE_EXPANSI | 4Slots | LIVERMORE_ | ASYMMETRIC_R,RANGE_EXPANSION_BURST,4,LIVERMORE_50,ASYMMETRIC_RUNNER,-8.0,-20.18,-36.5,0.55,-5.84,-23.3,1.14,31.81,-8.99,-2.43,-9.0,1.15,0.86,14.8,45.4
SW_0770,SW_0770: DONCHIAN_TURT | 6Slots | CONSERVATI | CHANDELIER_R,DONCHIAN_TURTLE,6,CONSERVATIVE_25,CHANDELIER_RUNNER,-8.01,-18.63,-34.0,0.6,-11.34,-41.1,0.47,57.8,1.51,8.07,1.5,0.86,0.99,11.8,54.4
SW_0845,SW_0845: RANGE_EXPANSI | 5Slots | NONE | CHANDELIER_R,RANGE_EXPANSION_BURST,5,NONE,CHANDELIER_RUNNER,-8.01,-16.25,-30.1,0.8,-4.44,-18.1,1.18,29.21,-21.9,-15.34,-21.9,1.06,0.7,25.9,41.0
SW_0879,SW_0879: RANGE_EXPANSI | 6Slots | AGGRESSIVE | REGIME_ADAPT,RANGE_EXPANSION_BURST,6,AGGRESSIVE_75,REGIME_ADAPTIVE,-8.06,-19.77,-35.9,0.91,-4.65,-18.9,1.02,45.88,-28.23,-21.67,-28.2,1.06,0.67,33.2,40.4
SW_0829,SW_0829: RANGE_EXPANSI | 4Slots | CONSERVATI | REGIME_ADAPT,RANGE_EXPANSION_BURST,4,CONSERVATIVE_25,REGIME_ADAPTIVE,-8.12,-28.82,-49.6,0.72,-18.78,14.5,0.83,15.43,-20.81,-14.24,-20.8,1.04,0.77,25.2,44.9
SW_0722,SW_0722: DONCHIAN_TURT | 4Slots | NONE | THREE_TIER_W,DONCHIAN_TURTLE,4,NONE,THREE_TIER_WIDE,-8.2,-21.69,-38.9,0.73,-8.17,-31.3,0.82,46.99,9.62,16.18,9.6,0.95,1.09,9.6,53.5
SW_0808,SW_0808: RANGE_EXPANSI | 3Slots | CONSERVATI | ASYMMETRIC_R,RANGE_EXPANSION_BURST,3,CONSERVATIVE_25,ASYMMETRIC_RUNNER,-8.21,-11.03,-21.0,0.7,-3.5,-14.5,1.31,1.64,-13.05,-6.48,-13.1,0.96,0.8,20.6,46.7
SW_0847,SW_0847: RANGE_EXPANSI | 5Slots | CONSERVATI | THREE_TIER_W,RANGE_EXPANSION_BURST,5,CONSERVATIVE_25,THREE_TIER_WIDE,-8.26,-24.99,-44.0,0.71,0.81,3.6,1.31,18.74,-18.38,-11.82,-18.4,1.05,0.75,25.3,42.9
SW_0865,SW_0865: RANGE_EXPANSI | 6Slots | NONE | CHANDELIER_R,RANGE_EXPANSION_BURST,6,NONE,CHANDELIER_RUNNER,-8.28,-20.63,-37.2,0.76,-1.94,-8.3,1.3,23.0,-15.54,-8.98,-15.5,1.09,0.77,22.1,40.7
SW_0743,SW_0743: DONCHIAN_TURT | 5Slots | NONE | ASYMMETRIC_R,DONCHIAN_TURTLE,5,NONE,ASYMMETRIC_RUNNER,-8.41,-13.61,-25.6,0.71,-12.14,-43.4,0.66,47.9,-0.7,5.86,-0.7,0.95,0.95,10.4,50.3
SW_0707,SW_0707: DONCHIAN_TURT | 3Slots | CONSERVATI | THREE_TIER_W,DONCHIAN_TURTLE,3,CONSERVATIVE_25,THREE_TIER_WIDE,-8.61,-24.28,-42.9,0.6,-12.18,-43.5,0.75,55.1,12.47,19.04,12.5,0.89,1.1,10.7,55.2
SW_0855,SW_0855: RANGE_EXPANSI | 5Slots | LIVERMORE_ | CHANDELIER_R,RANGE_EXPANSION_BURST,5,LIVERMORE_50,CHANDELIER_RUNNER,-8.61,-16.14,-29.9,0.43,-6.5,-25.6,0.87,28.22,-7.54,-0.98,-7.5,1.16,0.87,14.4,45.6
SW_0771,SW_0771: DONCHIAN_TURT | 6Slots | LIVERMORE_ | THREE_TIER_T,DONCHIAN_TURTLE,6,LIVERMORE_50,THREE_TIER_TIGHT,-8.74,-19.38,-35.2,0.81,-9.69,-36.1,0.63,51.37,-2.07,4.49,-2.1,0.99,0.94,14.6,49.6
SW_0761,SW_0761: DONCHIAN_TURT | 6Slots | NONE | THREE_TIER_T,DONCHIAN_TURTLE,6,NONE,THREE_TIER_TIGHT,-8.88,-19.43,-35.3,0.79,-8.25,-31.5,0.84,45.97,-0.99,5.58,-1.0,1.03,0.95,13.5,48.1
SW_0776,SW_0776: DONCHIAN_TURT | 6Slots | AGGRESSIVE | THREE_TIER_T,DONCHIAN_TURTLE,6,AGGRESSIVE_75,THREE_TIER_TIGHT,-8.97,-20.4,-36.9,0.84,-11.11,-40.4,0.7,56.14,0.42,6.98,0.4,0.99,0.97,15.7,50.7
SW_0781,SW_0781: DONCHIAN_TURT | 8Slots | NONE | THREE_TIER_T,DONCHIAN_TURTLE,8,NONE,THREE_TIER_TIGHT,-9.03,-19.37,-35.2,0.7,-8.85,-33.5,0.7,44.92,2.11,8.67,2.1,1.0,0.99,10.5,49.8
SW_0866,SW_0866: RANGE_EXPANSI | 6Slots | CONSERVATI | THREE_TIER_T,RANGE_EXPANSION_BURST,6,CONSERVATIVE_25,THREE_TIER_TIGHT,-9.5,-26.25,-45.9,0.62,-1.06,-4.6,1.0,27.13,-14.64,-8.08,-14.6,1.0,0.82,20.9,45.7
SW_0831,SW_0831: RANGE_EXPANSI | 4Slots | LIVERMORE_ | THREE_TIER_T,RANGE_EXPANSION_BURST,4,LIVERMORE_50,THREE_TIER_TIGHT,-9.62,-20.42,-36.9,0.75,-5.12,-20.6,0.81,32.5,-14.18,-7.62,-14.2,1.01,0.81,19.2,45.8
SW_0897,SW_0897: RANGE_EXPANSI | 8Slots | AGGRESSIVE | THREE_TIER_W,RANGE_EXPANSION_BURST,8,AGGRESSIVE_75,THREE_TIER_WIDE,-9.65,-27.81,-48.2,0.62,-2.2,-9.3,1.15,35.11,-16.02,-9.46,-16.0,0.96,0.77,22.9,43.9
SW_0726,SW_0726: DONCHIAN_TURT | 4Slots | CONSERVATI | THREE_TIER_T,DONCHIAN_TURTLE,4,CONSERVATIVE_25,THREE_TIER_TIGHT,-9.7,-21.77,-39.0,0.94,-12.12,-43.3,0.66,55.49,3.94,10.5,3.9,0.99,1.01,10.8,50.7
SW_0719,SW_0719: DONCHIAN_TURT | 3Slots | AGGRESSIVE | REGIME_ADAPT,DONCHIAN_TURTLE,3,AGGRESSIVE_75,REGIME_ADAPTIVE,-9.93,-17.81,-32.7,0.85,-10.67,-39.1,0.69,42.84,3.48,10.04,3.5,0.91,1.02,10.2,53.0
SW_0846,SW_0846: RANGE_EXPANSI | 5Slots | CONSERVATI | THREE_TIER_T,RANGE_EXPANSION_BURST,5,CONSERVATIVE_25,THREE_TIER_TIGHT,-10.0,-26.08,-45.6,0.67,-0.05,-0.2,1.06,29.47,-28.49,-21.93,-28.5,1.01,0.68,33.9,41.4
SW_0724,SW_0724: DONCHIAN_TURT | 4Slots | NONE | REGIME_ADAPT,DONCHIAN_TURTLE,4,NONE,REGIME_ADAPTIVE,-10.19,-23.11,-41.1,0.77,-10.74,-39.3,0.74,45.31,14.16,20.73,14.2,0.97,1.14,9.7,53.8
SW_0893,SW_0893: RANGE_EXPANSI | 8Slots | LIVERMORE_ | ASYMMETRIC_R,RANGE_EXPANSION_BURST,8,LIVERMORE_50,ASYMMETRIC_RUNNER,-10.51,-25.39,-44.6,0.65,-6.82,-26.7,0.96,45.04,-9.54,-2.98,-9.5,1.0,0.84,18.5,45.6
SW_0803,SW_0803: RANGE_EXPANSI | 3Slots | NONE | ASYMMETRIC_R,RANGE_EXPANSION_BURST,3,NONE,ASYMMETRIC_RUNNER,-10.66,-10.5,-20.0,0.82,-6.33,-25.0,1.29,4.78,-17.66,-11.09,-17.7,1.13,0.76,24.4,39.8
SW_0894,SW_0894: RANGE_EXPANSI | 8Slots | LIVERMORE_ | REGIME_ADAPT,RANGE_EXPANSION_BURST,8,LIVERMORE_50,REGIME_ADAPTIVE,-10.68,-25.55,-44.8,0.76,-2.58,-10.9,1.13,33.43,-21.49,-14.93,-21.5,0.99,0.73,28.0,42.2
SW_0744,SW_0744: DONCHIAN_TURT | 5Slots | NONE | REGIME_ADAPT,DONCHIAN_TURTLE,5,NONE,REGIME_ADAPTIVE,-11.03,-19.44,-35.3,0.86,-13.1,-46.1,0.67,49.63,3.27,9.83,3.3,0.93,1.01,11.9,51.9
SW_0806,SW_0806: RANGE_EXPANSI | 3Slots | CONSERVATI | THREE_TIER_T,RANGE_EXPANSION_BURST,3,CONSERVATIVE_25,THREE_TIER_TIGHT,-11.14,-17.02,-31.4,0.72,-1.55,-6.6,1.22,5.36,-29.38,-22.82,-29.4,1.04,0.66,36.3,42.1
SW_0886,SW_0886: RANGE_EXPANSI | 8Slots | CONSERVATI | THREE_TIER_T,RANGE_EXPANSION_BURST,8,CONSERVATIVE_25,THREE_TIER_TIGHT,-11.25,-28.75,-49.5,0.66,-1.56,-6.7,0.98,28.97,-14.32,-7.75,-14.3,0.98,0.81,21.4,45.5
SW_0706,SW_0706: DONCHIAN_TURT | 3Slots | CONSERVATI | THREE_TIER_T,DONCHIAN_TURTLE,3,CONSERVATIVE_25,THREE_TIER_TIGHT,-11.43,-24.13,-42.7,0.89,-15.08,-51.3,0.64,60.79,1.98,8.54,2.0,0.89,0.97,14.1,52.5
SW_0742,SW_0742: DONCHIAN_TURT | 5Slots | NONE | THREE_TIER_W,DONCHIAN_TURTLE,5,NONE,THREE_TIER_WIDE,-11.45,-21.35,-38.4,0.74,-9.92,-36.9,0.87,43.43,2.44,9.0,2.4,1.0,0.99,14.5,50.0
SW_0880,SW_0880: RANGE_EXPANSI | 6Slots | AGGRESSIVE | CHANDELIER_R,RANGE_EXPANSION_BURST,6,AGGRESSIVE_75,CHANDELIER_RUNNER,-11.52,-19.58,-35.6,0.58,-7.23,-28.1,1.06,20.51,-12.18,-5.61,-12.2,1.03,0.81,21.2,45.1
SW_0898,SW_0898: RANGE_EXPANSI | 8Slots | AGGRESSIVE | ASYMMETRIC_R,RANGE_EXPANSION_BURST,8,AGGRESSIVE_75,ASYMMETRIC_RUNNER,-11.57,-23.68,-42.0,0.68,-6.36,-25.1,1.19,29.75,-5.15,1.41,-5.2,1.13,0.9,16.3,45.3
SW_0863,SW_0863: RANGE_EXPANSI | 6Slots | NONE | ASYMMETRIC_R,RANGE_EXPANSION_BURST,6,NONE,ASYMMETRIC_RUNNER,-11.57,-26.61,-46.4,0.81,-2.1,-8.9,1.16,24.97,-19.41,-12.85,-19.4,1.1,0.72,25.6,40.5
SW_0850,SW_0850: RANGE_EXPANSI | 5Slots | CONSERVATI | CHANDELIER_R,RANGE_EXPANSION_BURST,5,CONSERVATIVE_25,CHANDELIER_RUNNER,-11.78,-17.16,-31.6,0.55,-9.76,-36.3,0.96,23.73,-5.28,1.29,-5.3,1.06,0.91,15.8,46.8
SW_0859,SW_0859: RANGE_EXPANSI | 5Slots | AGGRESSIVE | REGIME_ADAPT,RANGE_EXPANSION_BURST,5,AGGRESSIVE_75,REGIME_ADAPTIVE,-11.94,-16.71,-30.8,0.83,-9.71,-36.2,0.65,30.38,-12.98,-6.42,-13.0,0.99,0.81,18.1,46.6
SW_0766,SW_0766: DONCHIAN_TURT | 6Slots | CONSERVATI | THREE_TIER_T,DONCHIAN_TURTLE,6,CONSERVATIVE_25,THREE_TIER_TIGHT,-12.23,-18.78,-34.3,0.81,-11.51,-41.6,0.66,42.48,-5.11,1.46,-5.1,0.95,0.91,16.8,49.1
SW_0836,SW_0836: RANGE_EXPANSI | 4Slots | AGGRESSIVE | THREE_TIER_T,RANGE_EXPANSION_BURST,4,AGGRESSIVE_75,THREE_TIER_TIGHT,-12.24,-20.54,-37.1,0.77,-4.12,-16.9,1.0,16.63,-18.93,-12.37,-18.9,0.91,0.72,23.1,47.0
SW_0895,SW_0895: RANGE_EXPANSI | 8Slots | LIVERMORE_ | CHANDELIER_R,RANGE_EXPANSION_BURST,8,LIVERMORE_50,CHANDELIER_RUNNER,-12.44,-23.61,-41.9,0.55,-4.26,-17.4,0.85,23.68,-14.29,-7.72,-14.3,0.84,0.77,20.0,46.2
SW_0784,SW_0784: DONCHIAN_TURT | 8Slots | NONE | REGIME_ADAPT,DONCHIAN_TURTLE,8,NONE,REGIME_ADAPTIVE,-12.46,-16.92,-31.2,0.71,-12.97,-45.7,0.75,41.71,-3.29,3.27,-3.3,0.92,0.92,13.4,50.0
SW_0741,SW_0741: DONCHIAN_TURT | 5Slots | NONE | THREE_TIER_T,DONCHIAN_TURTLE,5,NONE,THREE_TIER_TIGHT,-12.49,-21.94,-39.3,0.88,-10.55,-38.8,0.88,44.28,-4.6,1.96,-4.6,1.02,0.91,12.6,47.5
SW_0883,SW_0883: RANGE_EXPANSI | 8Slots | NONE | ASYMMETRIC_R,RANGE_EXPANSION_BURST,8,NONE,ASYMMETRIC_RUNNER,-12.62,-28.8,-49.6,0.76,-2.5,-10.5,1.1,26.5,-13.55,-6.98,-13.6,1.13,0.8,19.9,40.9
SW_0835,SW_0835: RANGE_EXPANSI | 4Slots | LIVERMORE_ | CHANDELIER_R,RANGE_EXPANSION_BURST,4,LIVERMORE_50,CHANDELIER_RUNNER,-12.65,-15.33,-28.5,0.42,-9.21,-34.6,0.71,22.78,-13.28,-6.71,-13.3,1.04,0.79,21.6,44.0
SW_0725,SW_0725: DONCHIAN_TURT | 4Slots | NONE | CHANDELIER_R,DONCHIAN_TURTLE,4,NONE,CHANDELIER_RUNNER,-12.76,-23.94,-42.4,0.68,-13.46,-47.0,0.52,49.28,2.77,9.33,2.8,0.92,0.99,15.5,52.1
SW_0746,SW_0746: DONCHIAN_TURT | 5Slots | CONSERVATI | THREE_TIER_T,DONCHIAN_TURTLE,5,CONSERVATIVE_25,THREE_TIER_TIGHT,-12.82,-20.64,-37.3,0.91,-12.7,-45.0,0.54,45.55,0.88,7.44,0.9,0.96,0.98,14.0,50.8
SW_0899,SW_0899: RANGE_EXPANSI | 8Slots | AGGRESSIVE | REGIME_ADAPT,RANGE_EXPANSION_BURST,8,AGGRESSIVE_75,REGIME_ADAPTIVE,-13.23,-25.88,-45.3,0.83,-3.51,-14.6,1.01,28.13,-21.58,-15.02,-21.6,0.92,0.71,28.0,43.6
SW_0872,SW_0872: RANGE_EXPANSI | 6Slots | LIVERMORE_ | THREE_TIER_W,RANGE_EXPANSION_BURST,6,LIVERMORE_50,THREE_TIER_WIDE,-13.38,-24.3,-43.0,0.62,-6.87,-26.9,0.99,28.92,-17.62,-11.05,-17.6,1.11,0.75,24.7,41.6
SW_0874,SW_0874: RANGE_EXPANSI | 6Slots | LIVERMORE_ | REGIME_ADAPT,RANGE_EXPANSION_BURST,6,LIVERMORE_50,REGIME_ADAPTIVE,-13.38,-22.9,-40.8,0.86,-4.85,-19.6,1.03,14.68,-16.71,-10.15,-16.7,1.07,0.8,22.8,42.3
SW_0703,SW_0703: DONCHIAN_TURT | 3Slots | NONE | ASYMMETRIC_R,DONCHIAN_TURTLE,3,NONE,ASYMMETRIC_RUNNER,-13.44,-24.18,-42.8,0.61,-12.02,-43.0,0.72,36.98,10.19,16.76,10.2,1.03,1.07,11.2,51.0
SW_0842,SW_0842: RANGE_EXPANSI | 5Slots | NONE | THREE_TIER_W,RANGE_EXPANSION_BURST,5,NONE,THREE_TIER_WIDE,-13.6,-25.3,-44.5,0.84,-5.61,-22.4,1.26,15.27,-8.18,-1.61,-8.2,1.16,0.88,18.0,42.6
SW_0892,SW_0892: RANGE_EXPANSI | 8Slots | LIVERMORE_ | THREE_TIER_W,RANGE_EXPANSION_BURST,8,LIVERMORE_50,THREE_TIER_WIDE,-13.67,-26.83,-46.7,0.65,-5.45,-21.8,1.08,27.42,-14.27,-7.71,-14.3,1.12,0.79,22.3,43.3
SW_0702,SW_0702: DONCHIAN_TURT | 3Slots | NONE | THREE_TIER_W,DONCHIAN_TURTLE,3,NONE,THREE_TIER_WIDE,-13.92,-25.54,-44.8,0.69,-12.29,-43.8,0.75,44.3,6.09,12.66,6.1,0.87,1.02,14.7,53.8
SW_0862,SW_0862: RANGE_EXPANSI | 6Slots | NONE | THREE_TIER_W,RANGE_EXPANSION_BURST,6,NONE,THREE_TIER_WIDE,-14.03,-27.65,-47.9,0.83,-3.74,-15.4,1.26,16.92,-15.19,-8.63,-15.2,1.16,0.79,24.4,41.1
SW_0704,SW_0704: DONCHIAN_TURT | 3Slots | NONE | REGIME_ADAPT,DONCHIAN_TURTLE,3,NONE,REGIME_ADAPTIVE,-14.12,-25.42,-44.6,0.81,-12.04,-43.1,0.86,36.69,9.78,16.35,9.8,0.94,1.06,12.9,52.9
SW_0828,SW_0828: RANGE_EXPANSI | 4Slots | CONSERVATI | ASYMMETRIC_R,RANGE_EXPANSION_BURST,4,CONSERVATIVE_25,ASYMMETRIC_RUNNER,-14.17,-19.05,-34.7,0.65,-6.46,-25.5,1.1,12.23,-26.66,-20.1,-26.7,0.88,0.66,31.5,42.2
SW_0888,SW_0888: RANGE_EXPANSI | 8Slots | CONSERVATI | ASYMMETRIC_R,RANGE_EXPANSION_BURST,8,CONSERVATIVE_25,ASYMMETRIC_RUNNER,-14.22,-23.81,-42.2,0.67,-7.31,-28.4,0.96,31.82,-16.59,-10.03,-16.6,1.02,0.75,22.7,43.6
SW_0885,SW_0885: RANGE_EXPANSI | 8Slots | NONE | CHANDELIER_R,RANGE_EXPANSION_BURST,8,NONE,CHANDELIER_RUNNER,-14.55,-28.18,-48.7,0.67,-7.54,-29.2,1.09,32.77,-9.46,-2.89,-9.5,1.13,0.84,18.1,43.0
SW_0890,SW_0890: RANGE_EXPANSI | 8Slots | CONSERVATI | CHANDELIER_R,RANGE_EXPANSION_BURST,8,CONSERVATIVE_25,CHANDELIER_RUNNER,-15.71,-26.85,-46.8,0.52,-8.1,-31.0,0.97,29.37,-14.19,-7.63,-14.2,0.89,0.76,20.0,46.3
SW_0822,SW_0822: RANGE_EXPANSI | 4Slots | NONE | THREE_TIER_W,RANGE_EXPANSION_BURST,4,NONE,THREE_TIER_WIDE,-15.74,-24.59,-43.4,0.82,-6.42,-25.3,1.32,2.81,-5.75,0.82,-5.8,1.22,0.9,18.3,43.2
SW_0854,SW_0854: RANGE_EXPANSI | 5Slots | LIVERMORE_ | REGIME_ADAPT,RANGE_EXPANSION_BURST,5,LIVERMORE_50,REGIME_ADAPTIVE,-15.84,-20.82,-37.5,0.78,-13.35,-46.8,0.53,29.8,-18.62,-12.06,-18.6,1.0,0.75,21.2,40.8
SW_0839,SW_0839: RANGE_EXPANSI | 4Slots | AGGRESSIVE | REGIME_ADAPT,RANGE_EXPANSION_BURST,4,AGGRESSIVE_75,REGIME_ADAPTIVE,-15.98,-20.02,-36.3,0.73,-13.88,-48.2,0.51,33.25,-10.23,-3.67,-10.2,1.14,0.86,16.1,44.1
SW_0870,SW_0870: RANGE_EXPANSI | 6Slots | CONSERVATI | CHANDELIER_R,RANGE_EXPANSION_BURST,6,CONSERVATIVE_25,CHANDELIER_RUNNER,-16.18,-23.32,-41.5,0.53,-11.27,-40.9,0.72,26.78,-4.76,1.81,-4.8,1.03,0.9,17.0,46.3
SW_0837,SW_0837: RANGE_EXPANSI | 4Slots | AGGRESSIVE | THREE_TIER_W,RANGE_EXPANSION_BURST,4,AGGRESSIVE_75,THREE_TIER_WIDE,-16.29,-20.09,-36.4,0.65,-7.42,-28.7,1.01,5.86,-13.03,-6.47,-13.0,1.12,0.81,18.2,43.0
SW_0701,SW_0701: DONCHIAN_TURT | 3Slots | NONE | THREE_TIER_T,DONCHIAN_TURTLE,3,NONE,THREE_TIER_TIGHT,-16.49,-25.77,-45.2,0.84,-14.91,-50.8,0.65,39.26,0.67,7.24,0.7,1.05,0.96,16.7,47.5
SW_0815,SW_0815: RANGE_EXPANSI | 3Slots | LIVERMORE_ | CHANDELIER_R,RANGE_EXPANSION_BURST,3,LIVERMORE_50,CHANDELIER_RUNNER,-16.61,-20.71,-37.4,0.45,-11.12,-40.5,0.68,23.46,-11.92,-5.35,-11.9,1.05,0.81,25.4,42.7
SW_0887,SW_0887: RANGE_EXPANSI | 8Slots | CONSERVATI | THREE_TIER_W,RANGE_EXPANSION_BURST,8,CONSERVATIVE_25,THREE_TIER_WIDE,-16.73,-28.54,-49.2,0.64,-6.02,-23.9,1.08,24.99,-23.3,-16.74,-23.3,1.12,0.69,28.8,40.4
SW_0848,SW_0848: RANGE_EXPANSI | 5Slots | CONSERVATI | ASYMMETRIC_R,RANGE_EXPANSION_BURST,5,CONSERVATIVE_25,ASYMMETRIC_RUNNER,-16.82,-22.12,-39.6,0.62,-12.23,-43.6,1.0,22.42,-16.01,-9.44,-16.0,0.99,0.77,22.7,43.9
SW_0816,SW_0816: RANGE_EXPANSI | 3Slots | AGGRESSIVE | THREE_TIER_T,RANGE_EXPANSION_BURST,3,AGGRESSIVE_75,THREE_TIER_TIGHT,-17.1,-17.83,-32.7,0.69,-5.0,-20.2,1.14,-5.24,-26.64,-20.08,-26.6,0.88,0.65,28.9,44.3
SW_0889,SW_0889: RANGE_EXPANSI | 8Slots | CONSERVATI | REGIME_ADAPT,RANGE_EXPANSION_BURST,8,CONSERVATIVE_25,REGIME_ADAPTIVE,-17.31,-27.18,-47.2,0.77,-7.79,-30.0,1.01,29.96,-24.86,-18.3,-24.9,0.97,0.7,31.0,41.8
SW_0832,SW_0832: RANGE_EXPANSI | 4Slots | LIVERMORE_ | THREE_TIER_W,RANGE_EXPANSION_BURST,4,LIVERMORE_50,THREE_TIER_WIDE,-17.52,-21.38,-38.4,0.76,-11.2,-40.7,0.59,11.46,-8.3,-1.73,-8.3,1.23,0.88,17.0,42.6
SW_0811,SW_0811: RANGE_EXPANSI | 3Slots | LIVERMORE_ | THREE_TIER_T,RANGE_EXPANSION_BURST,3,LIVERMORE_50,THREE_TIER_TIGHT,-17.58,-19.28,-35.1,0.69,-4.2,-17.2,1.04,-5.19,-28.88,-22.31,-28.9,1.04,0.65,32.4,42.2
SW_0721,SW_0721: DONCHIAN_TURT | 4Slots | NONE | THREE_TIER_T,DONCHIAN_TURTLE,4,NONE,THREE_TIER_TIGHT,-18.15,-23.02,-41.0,0.89,-12.02,-43.1,0.67,19.24,1.09,7.65,1.1,1.02,0.97,11.6,49.0
SW_0827,SW_0827: RANGE_EXPANSI | 4Slots | CONSERVATI | THREE_TIER_W,RANGE_EXPANSION_BURST,4,CONSERVATIVE_25,THREE_TIER_WIDE,-18.18,-22.94,-40.9,0.71,-7.69,-29.7,1.09,11.75,-24.47,-17.9,-24.5,0.99,0.69,27.7,42.2
SW_0844,SW_0844: RANGE_EXPANSI | 5Slots | NONE | REGIME_ADAPT,RANGE_EXPANSION_BURST,5,NONE,REGIME_ADAPTIVE,-18.19,-29.06,-50.0,0.83,-8.81,-33.4,1.16,27.42,-24.16,-17.59,-24.2,1.08,0.73,31.6,40.4
SW_0830,SW_0830: RANGE_EXPANSI | 4Slots | CONSERVATI | CHANDELIER_R,RANGE_EXPANSION_BURST,4,CONSERVATIVE_25,CHANDELIER_RUNNER,-18.53,-17.93,-32.9,0.54,-16.03,-53.6,0.86,31.03,-19.44,-12.88,-19.4,0.98,0.75,23.4,42.6
SW_0849,SW_0849: RANGE_EXPANSI | 5Slots | CONSERVATI | REGIME_ADAPT,RANGE_EXPANSION_BURST,5,CONSERVATIVE_25,REGIME_ADAPTIVE,-19.04,-26.86,-46.8,0.78,-12.55,-44.5,0.98,26.83,-18.8,-12.24,-18.8,1.05,0.79,25.3,44.2
SW_0869,SW_0869: RANGE_EXPANSI | 6Slots | CONSERVATI | REGIME_ADAPT,RANGE_EXPANSION_BURST,6,CONSERVATIVE_25,REGIME_ADAPTIVE,-19.72,-28.73,-49.5,0.68,-10.19,-37.7,0.98,27.22,-25.37,-18.81,-25.4,1.01,0.72,30.0,41.3
SW_0834,SW_0834: RANGE_EXPANSI | 4Slots | LIVERMORE_ | REGIME_ADAPT,RANGE_EXPANSION_BURST,4,LIVERMORE_50,REGIME_ADAPTIVE,-20.31,-20.77,-37.5,0.72,-14.02,-48.5,0.57,18.07,-17.25,-10.69,-17.2,1.04,0.76,20.6,42.6
SW_0824,SW_0824: RANGE_EXPANSI | 4Slots | NONE | REGIME_ADAPT,RANGE_EXPANSION_BURST,4,NONE,REGIME_ADAPTIVE,-21.53,-24.18,-42.8,0.83,-13.7,-47.7,1.22,19.16,-23.64,-17.08,-23.6,1.12,0.76,30.3,40.7
SW_0807,SW_0807: RANGE_EXPANSI | 3Slots | CONSERVATI | THREE_TIER_W,RANGE_EXPANSION_BURST,3,CONSERVATIVE_25,THREE_TIER_WIDE,-21.8,-18.93,-34.5,0.72,-6.65,-26.1,1.18,-18.32,-24.63,-18.07,-24.6,1.02,0.68,30.6,43.4
SW_0817,SW_0817: RANGE_EXPANSI | 3Slots | AGGRESSIVE | THREE_TIER_W,RANGE_EXPANSION_BURST,3,AGGRESSIVE_75,THREE_TIER_WIDE,-22.34,-19.44,-35.3,0.5,-12.1,-43.3,1.08,-7.08,-13.61,-7.05,-13.6,1.27,0.81,22.5,41.3
SW_0802,SW_0802: RANGE_EXPANSI | 3Slots | NONE | THREE_TIER_W,RANGE_EXPANSION_BURST,3,NONE,THREE_TIER_WIDE,-22.85,-20.29,-36.7,0.76,-10.82,-39.5,1.23,-11.85,-11.11,-4.55,-11.1,1.14,0.83,20.2,44.3
SW_0812,SW_0812: RANGE_EXPANSI | 3Slots | LIVERMORE_ | THREE_TIER_W,RANGE_EXPANSION_BURST,3,LIVERMORE_50,THREE_TIER_WIDE,-25.12,-19.34,-35.2,0.67,-14.61,-50.1,0.54,-10.31,-16.6,-10.04,-16.6,1.12,0.77,24.2,41.1
SW_0814,SW_0814: RANGE_EXPANSI | 3Slots | LIVERMORE_ | REGIME_ADAPT,RANGE_EXPANSION_BURST,3,LIVERMORE_50,REGIME_ADAPTIVE,-25.99,-18.4,-33.6,0.68,-15.57,-52.5,0.34,-11.85,-15.26,-8.7,-15.3,1.11,0.8,19.8,42.3
SW_0819,SW_0819: RANGE_EXPANSI | 3Slots | AGGRESSIVE | REGIME_ADAPT,RANGE_EXPANSION_BURST,3,AGGRESSIVE_75,REGIME_ADAPTIVE,-28.68,-19.29,-35.1,0.53,-16.05,-53.7,0.69,-16.62,-22.25,-15.69,-22.2,1.02,0.72,26.5,42.5
SW_0501,SW_0501: OVERSOLD_SPRI | 3Slots | NONE | THREE_TIER_T,OVERSOLD_SPRINGBOARD,3,NONE,THREE_TIER_TIGHT,,-12.38,-23.4,0.75,2.03,9.2,1.57,31.08,,,0.0,1.17,1.19,13.7,50.0
SW_0506,SW_0506: OVERSOLD_SPRI | 3Slots | CONSERVATI | THREE_TIER_T,OVERSOLD_SPRINGBOARD,3,CONSERVATIVE_25,THREE_TIER_TIGHT,,-9.74,-18.7,0.81,1.9,8.6,1.56,38.17,,,0.0,1.25,1.46,13.4,53.5
SW_0511,SW_0511: OVERSOLD_SPRI | 3Slots | LIVERMORE_ | THREE_TIER_T,OVERSOLD_SPRINGBOARD,3,LIVERMORE_50,THREE_TIER_TIGHT,,0.97,2.0,0.67,,0.0,1.37,27.85,,,0.0,1.17,1.21,11.4,51.5
SW_0516,SW_0516: OVERSOLD_SPRI | 3Slots | AGGRESSIVE | THREE_TIER_T,OVERSOLD_SPRINGBOARD,3,AGGRESSIVE_75,THREE_TIER_TIGHT,,-8.56,-16.5,0.57,,0.0,1.35,25.44,,,0.0,1.08,1.25,13.1,54.3
SW_0536,SW_0536: OVERSOLD_SPRI | 4Slots | AGGRESSIVE | THREE_TIER_T,OVERSOLD_SPRINGBOARD,4,AGGRESSIVE_75,THREE_TIER_TIGHT,,-7.51,-14.6,0.59,,0.0,1.8,46.12,,,0.0,1.16,1.17,11.9,49.6
SW_0541,SW_0541: OVERSOLD_SPRI | 5Slots | NONE | THREE_TIER_T,OVERSOLD_SPRINGBOARD,5,NONE,THREE_TIER_TIGHT,,-11.91,-22.6,0.8,,0.0,1.29,30.02,,,0.0,1.15,1.15,12.2,49.7
SW_0551,SW_0551: OVERSOLD_SPRI | 5Slots | LIVERMORE_ | THREE_TIER_T,OVERSOLD_SPRINGBOARD,5,LIVERMORE_50,THREE_TIER_TIGHT,,-6.46,-12.6,0.67,,0.0,1.39,37.78,,,0.0,1.2,1.23,10.1,49.3
